CO_CNES;CO_UNIDADE;CO_UF;CO_IBGE;NU_CNPJ_MANTENEDORA;NO_RAZAO_SOCIAL;NO_FANTASIA;CO_NATUREZA_ORGANIZACAO;DS_NATUREZA_ORGANIZACAO;TP_GESTAO;CO_NIVEL_HIERARQUIA;DS_NIVEL_HIERARQUIA;CO_ESFERA_ADMINISTRATIVA;DS_ESFERA_ADMINISTRATIVA;CO_ATIVIDADE;TP_UNIDADE;CO_CEP;NO_LOGRADOURO;NU_ENDERECO;NO_BAIRRO;NU_TELEFONE;NU_LATITUDE;NU_LONGITUDE;CO_TURNO_ATENDIMENTO;DS_TURNO_ATENDIMENTO;NU_CNPJ;NO_EMAIL;CO_NATUREZA_JUR;ST_CENTRO_CIRURGICO;ST_CENTRO_OBSTETRICO;ST_CENTRO_NEONATAL;ST_ATEND_HOSPITALAR;ST_SERVICO_APOIO;ST_ATEND_AMBULATORIAL;CO_MOTIVO_DESAB;CO_AMBULATORIAL_SUS
9991123;3552509991123;35;355250;;MARCELA ATINA FOURMOUZIS ESTEVES;MF LIFE MARCELA ATINA FOURMOUZIS ESTEVES;;;M;;;M ;MUNICIPAL;4;22;8674011;RUA BENJAMIN CONSTANT;1439;CENTRO;1128913129;-23.5463827253;-46.3140249252;3.0;ATENDIMENTOS NOS TURNOS DA MANHA E A TARDE;;;4000.0;0.0;0.0;0.0;0.0;0.0;0.0;;NAO
7688970;1200457688970;12;120045;4077251000125.0;MUNICIPIO DE SENADOR GUIOMARD;POSTO ODONTOLOGICO MARGARIDA NOGUEIRA BANDEIRA FREIRE;;;M;;;M ;MUNICIPAL;4;22;69925000;TRIUNFO;S/N;TRIUNFO;6832322652;;;3.0;ATENDIMENTOS NOS TURNOS DA MANHA E A TARDE;;saude.secretaria@bol.com.br;1244.0;0.0;0.0;0.0;0.0;0.0;0.0;3.0;NAO
4374541;3550304374541;35;355030;;RAIA DROGASIL S A;RAIA 1104 SP ANALIA FRANCO E;;;M;;;M ;MUNICIPAL;4;43;3355000;RUA ACURUI;352;VILA FORMOSA;(11) 3769-5736;-23.5590808;-46.5558497;4.0;ATENDIMENTO NOS TURNOS DA MANHA, TARDE E NOITE;61585865231714.0;mabvalerio.wale@rdsaude.com.br;2046.0;0.0;0.0;0.0;0.0;0.0;0.0;;NAO
5869684;3550305869684;35;355030;;CLINICA CIRURGICA DR MAURO SAKIYAMA SS;CLINICA CIRURGICA DR MAURO SAKIYAMA;;;M;;;M ;MUNICIPAL;4;22;3081003;RUA TUIUTI;2530;TATUAPE;11 99469-0893;-23.547688;-46.574202;5.0;ATENDIMENTO COM TURNOS INTERMITENTES;3728908000104.0;clinica.sakiyama@gmail.com;2232.0;0.0;0.0;0.0;0.0;1.0;0.0;;NAO
3869695;2915803869695;29;291580;13743760000130.0;MUNICIPIO DE ITAMBE;CENTRO MUNICIPAL DE FISIOTERAPIA DR ALTERIVES MACIEL;;;D;;;D ;DUPLA;4;36;45140081;RUA JOAO RIBEIRO;S/N;CENTRO;(77)4321682;-15.243727;-40.621287;3.0;ATENDIMENTOS NOS TURNOS DA MANHA E A TARDE;;saude.itambe@hotmail.com;1244.0;0.0;0.0;0.0;0.0;0.0;0.0;;SIM
4188144;4119954188144;41;411995;;CLINICA ODONTOLOGICA DRA ALICE HELENA LTDA;CLINICA ODONTOLOGICA DRA ALICE HELENA LTDA;;;M;;;M ;MUNICIPAL;4;22;83255000;PR 412;1634;CANOAS;41995465107;-25.7732464327;-48.5165346602;3.0;ATENDIMENTOS NOS TURNOS DA MANHA E A TARDE;48928772000114.0;draalicehelena@gmail.com;2062.0;0.0;0.0;0.0;0.0;0.0;0.0;;NAO
52191;2208000052191;22;220800;;C A RIBEIRO LTDA;U S DIAGNOSTICO;;;M;;;M ;MUNICIPAL;4;36;64600146;NOSSA SENHORA DE FATIMA;514;CANTO DA VARZEA;89 81042525;-7.0841985817;-41.4714467525;3.0;ATENDIMENTOS NOS TURNOS DA MANHA E A TARDE;34549326000275.0;;2062.0;0.0;0.0;0.0;0.0;0.0;0.0;;NAO
5818923;3530605818923;35;353060;;B2MJ SERVICOS MEDICOS LTDA;B2MJ SERVICOS MEDICOS LTDA;;;M;;;M ;MUNICIPAL;4;4;8780000;VEREADOR NARCISO YAGUE GUIMARAES;1145;CENTRO CIVICO;11 47398873;-23.518466;-46.182092;3.0;ATENDIMENTOS NOS TURNOS DA MANHA E A TARDE;22235835000163.0;AGENDAMENTODELGROSSIETORRES@GMAIL.COM;2062.0;0.0;0.0;0.0;0.0;1.0;0.0;;NAO
9322213;4321809322213;43;432180;;ORAL CEF E ORAL CLEAN CLINICA ODONTOLOGICA LTDA;ORALCEF DIGITAL;;;M;;;M ;MUNICIPAL;4;22;98910000;BURICA;270;ORIENTAL;55 35351244;-27.674293;-54.1121504;3.0;ATENDIMENTOS NOS TURNOS DA MANHA E A TARDE;12947620000383.0;;2062.0;0.0;0.0;0.0;0.0;0.0;0.0;;NAO
9581219;3554109581219;35;355410;;M A MONTANHA RUGGERI LABORATORIO;PERSONAL LAB;;;M;;;M ;MUNICIPAL;4;39;12030440;RUA GRECIA;180;JARDIM DAS NACOES;12 3624-1570;-23.0290903381;-45.5725829868;3.0;ATENDIMENTOS NOS TURNOS DA MANHA E A TARDE;17271469000249.0;sac@labpersonal.com.br;2135.0;0.0;0.0;0.0;0.0;1.0;0.0;;NAO
7603398;2408007603398;24;240800;;FLAVIO ANTONIO LIMEIRA ME;CLINICA DE ULTRASSONOGRAFIA DR FLAVIO LIMEIRA;;;M;;;M ;MUNICIPAL;4;36;59611010;RUA PEDRO VELHO;320;SANTO ANTONIO;84 9 8706-1916;-5.1726266568;-37.3381304741;3.0;ATENDIMENTOS NOS TURNOS DA MANHA E A TARDE;11264279000137.0;;2062.0;0.0;0.0;0.0;0.0;1.0;0.0;;NAO
9018832;3550309018832;35;355030;;MARIANA PEREZ MARTINEZ;CONS ODONTO MARIANA PEREZ MARTINEZ;;;M;;;M ;MUNICIPAL;4;22;3316000;RUA TIJUCO PRETO;285;TATUAPE;112296-0008;;;3.0;ATENDIMENTOS NOS TURNOS DA MANHA E A TARDE;;mari.perez.martinez@hotmail.com;4000.0;0.0;0.0;0.0;0.0;1.0;0.0;8.0;NAO
8352003;4322508352003;43;432250;;LFDMCN SERVICOS DE ANESTESIOLOGIA LTDA;LFDMCN SERVICOS DE ANESTESIOLOGIA LTDA;;;M;;;M ;MUNICIPAL;4;22;95208000;AV PRES JUSCELINO K DE OLIVEIRA;7969;GERTRUDES;11-985650092;-28.5117;-50.93182;3.0;ATENDIMENTOS NOS TURNOS DA MANHA E A TARDE;65813419000108.0;luis.fellipe.nunes@icloud.com;2062.0;0.0;0.0;0.0;0.0;0.0;0.0;;NAO
3048071;5300103048071;53;530010;;ODONTOSERV SERVICOS ODONTOLOGICOS LTDA;ODONTOSERV;;;E;;;E ;ESTADUAL;4;22;70100000;C1 LOTES 112 SALA 206;;TAGUATINGA CENTRO;(61)5612231;;;4.0;ATENDIMENTO NOS TURNOS DA MANHA, TARDE E NOITE;5413529000150.0;mfl68@bsbtecnologia.com.br;2000.0;0.0;0.0;0.0;0.0;0.0;0.0;8.0;NAO
3871630;3303503871630;33;330350;;MARCIA DANTAS DA SILVA LIMA;MARCIA DANTAS DA SILVA LIMA;;;M;;;M ;MUNICIPAL;4;22;26220300;RUA GOVERNADOR PORTELA;1200;CENTRO;21-2767-0039;-22.7600486376;-43.4465872473;1.0;ATENDIMENTO SOMENTE PELA MANHA;;mdantaslima@uol.com.br;4000.0;0.0;0.0;0.0;0.0;1.0;0.0;;NAO
9073175;1302609073175;13;130260;;INSTITUTO NEUROLOGICO DO AMAZONAS S S LTDA;INAM INSTITUTO NEUROLOGICO DO AMAZONAS;;;M;;;M ;MUNICIPAL;4;22;69053130;ACRE CJ VIEIRALVES;12;NOSSA SENHORA DAS GR;92 84116124;-3.1057634536;-60.0177741051;3.0;ATENDIMENTOS NOS TURNOS DA MANHA E A TARDE;4911233000105.0;wam.ferreira@gmail.com;2240.0;0.0;0.0;0.0;0.0;0.0;0.0;;NAO
5558719;3106205558719;31;310620;;PERFORMANCE E SIMETRIA STUDIO DE PILATES LTDA;PERFORMANCE E SIMETRIA;;;M;;;M ;MUNICIPAL;4;36;31035560;RUA CONSELHEIRO LAFAIETE;2034;SAGRADA FAMILIA;31987052636;-19.9007322;-43.9234794;4.0;ATENDIMENTO NOS TURNOS DA MANHA, TARDE E NOITE;13280373000105.0;dricafri@hotmail.com;2062.0;0.0;0.0;0.0;0.0;0.0;0.0;;NAO
9118357;1300089118357;13;130008;4628020000162.0;UNIDADE BASICA DE SAUDE FLUVIAL DR OSWALDO PALHARES;UBS FLUVIAL DR OSWALDO PALHARES;;;M;;;M ;MUNICIPAL;4;32;69445000;ZONA RURAL;S/N;MUNICIPIO DE ANAMA;;-3.580090834;-61.4058494568;5.0;ATENDIMENTO COM TURNOS INTERMITENTES;;;1244.0;0.0;0.0;0.0;0.0;1.0;0.0;;NAO
7857292;4108307857292;41;410830;;MASTERMEDFOZ CONSULTAS MEDICAS LTDA ME;MASTERMEDFOZ;;;M;;;M ;MUNICIPAL;4;22;85851000;AVENIDA BRASIL;1835;CENTRO;(045) 3028-2016;-25.5513108775;-54.5865689593;3.0;ATENDIMENTOS NOS TURNOS DA MANHA E A TARDE;9223063000181.0;;2062.0;0.0;0.0;0.0;0.0;0.0;0.0;;NAO
4280652;2610904280652;26;261090;;CENTRO DE APOIO EM EDUCACAO E SAUDE CAES;CLINICA HOSPITALAR VITHALIS;;;M;;;M ;MUNICIPAL;4;36;55200000;SITIO CLIMERIO;470;MIMOSO;;-8.399639;-36.879459;4.0;ATENDIMENTO NOS TURNOS DA MANHA, TARDE E NOITE;33790982000464.0;;3999.0;0.0;0.0;0.0;0.0;1.0;0.0;;NAO
7976259;3171707976259;31;317170;25970260000110.0;PREFEITURA MUNICIPAL DE SAUDE;SECRETARIA MUNICIPAL DE SAUDE DE VIRGINIA;;;M;;;M ;MUNICIPAL;4;68;37465000;RUA ANTONIO DA COSTA PINTO;247;CENTRO;(35)3373 1724;-22.3335913406;-45.0912089002;3.0;ATENDIMENTOS NOS TURNOS DA MANHA E A TARDE;;saudevirginia@yahoo.com.br;1244.0;;;;;1.0;0.0;;SIM
7830297;3550307830297;35;355030;;ISO REBOUCAS RADIOLOGIAS E DOCUMENTACOES ODONTOLOGICAS LTDA;ICC RADIOLOGIA;;;M;;;M ;MUNICIPAL;4;39;5401100;AVENIDA REBOUCAS;855;CERQUEIRA CESAR;4304-0313;;;3.0;ATENDIMENTOS NOS TURNOS DA MANHA E A TARDE;13220472000100.0;reboucas@isoradiologia.com.br;2240.0;0.0;0.0;0.0;0.0;1.0;0.0;8.0;NAO
3057623;5300103057623;53;530010;;NUCLEO DE PNEUMOLOGIA E MEDICINA DO SONO DE TAGUATINGA LTDA;NUCLEO DE PNEUMOLOGIA E REAB PULM;;;E;;;E ;ESTADUAL;4;36;72115700;QNC AREA ESPECIAL 8 9 E 10 UNIDADE AUTONOMA 106 A;S/N;TAGUATINGA;61 33513771;-15.8237873732;-48.0670476613;4.0;ATENDIMENTO NOS TURNOS DA MANHA, TARDE E NOITE;4024440000130.0;jessika@extraconthabil.com.br;2062.0;0.0;0.0;0.0;0.0;1.0;0.0;;NAO
8532168;4314908532168;43;431490;;SILVAS LTDA;PSICOINCLUIR;;;M;;;M ;MUNICIPAL;4;36;90110170;DEZESSETE DE JUNHO;489;MENINO DEUS;51 34751408;-30.0471682606;-51.2246526472;3.0;ATENDIMENTOS NOS TURNOS DA MANHA E A TARDE;11880487000160.0;FORMALIZE@FORMALIZEASSESSORIA.COM.BR;2062.0;0.0;0.0;0.0;0.0;0.0;0.0;;NAO
9892559;5103959892559;51;510395;37464955000100.0;PREFEITURA MUNICIPAL DE GLORIA DOESTE;FARMACIA BASICA MUNICIPAL;;;M;;;M ;MUNICIPAL;4;43;78293000;RUA CARLOS JUNIOR MARQUIORETO;1750;JOSE BEJO;6532751377;-15.7735974715;-58.3123719692;3.0;ATENDIMENTOS NOS TURNOS DA MANHA E A TARDE;;;1244.0;0.0;0.0;0.0;0.0;1.0;0.0;;SIM
7147953;1301707147953;13;130170;;JOSE WAGNER NEPOMUCENO DE LIMA;FARMACIA NOVA XAROPAO;;;M;;;M ;MUNICIPAL;4;43;69800000;RUA 5 DE SETEMBRO;976;CENTRO;;-7.5127046863;-63.0256891251;4.0;ATENDIMENTO NOS TURNOS DA MANHA, TARDE E NOITE;31230488000177.0;;2135.0;;;;;0.0;0.0;;NAO
2702916;3302402702916;33;330240;29115474000160.0;MUNICIPIO DE MACAE;ESF AJUDA B;;;M;;;M ;MUNICIPAL;4;2;27910000;ESTRADA DO INCRA;S/N;AJUDA DE BAIXO;;-22.3224717;-41.753866;3.0;ATENDIMENTOS NOS TURNOS DA MANHA E A TARDE;;esf.ajudab@macae.rj.gov.br;1244.0;0.0;0.0;0.0;0.0;0.0;0.0;;SIM
5094828;3537305094828;35;353730;;PETRA CARVALHO CONSULTORIO DE PSICOLOGIA LTDA;PETRA CARVALHO;;;M;;;M ;MUNICIPAL;4;22;16300065;TREZE DE MAIO;57;CENTRO;18 96203512;-21.42172999;-50.0664814804;3.0;ATENDIMENTOS NOS TURNOS DA MANHA E A TARDE;59004836000107.0;PETRANATANAELLY@OUTLOOK.COM;2062.0;0.0;0.0;0.0;0.0;0.0;0.0;;NAO
8421161;3304558421161;33;330455;;SIMILIA SAUDE INTEGRADA LTDA;SIMILIA SAUDE INTEGRADA;;;M;;;M ;MUNICIPAL;4;22;20765959;AVENIDA PASTOR MARTIN LUTHER KING JR;126;DEL CASTILHO;(21)2000-1020;-22.8788615923;-43.2694339746;3.0;ATENDIMENTOS NOS TURNOS DA MANHA E A TARDE;66310156000187.0;contato@gmail.com;2062.0;0.0;0.0;0.0;0.0;0.0;0.0;;NAO
8028907;2504008028907;25;250400;;JESSIELEN OLIVEIRA LOPES;FACIELLE ODONTOLOGIA;;;M;;;M ;MUNICIPAL;4;22;58400270;RUA IRINEU JOFFILY;503;CENTRO;83 98204-9669;-7.22193;-35.88438;4.0;ATENDIMENTO NOS TURNOS DA MANHA, TARDE E NOITE;;jacielleodontologia@gmail.com;4000.0;0.0;0.0;0.0;0.0;0.0;0.0;;NAO
7389272;2312307389272;23;231230;7778129000174.0;PREF M SAO BENEDITO;UNIDADE DE PRONTO ATENDIMENTO DE SAO BENEDITO;;;M;;;M ;MUNICIPAL;4;73;62370000;AVENIDA TABAJARA;S/N;CORRENTE;(88) 36262717;-4.0341762;-40.8631743;6.0;ATENDIMENTO CONTINUO DE 24 HORAS/DIA (PLANTAO:INCLUI SABADOS, DOMINGOS E FERIADOS);;amandasaguiar3@gmail.com;1244.0;0.0;0.0;0.0;0.0;1.0;1.0;;SIM
9666400;4209009666400;42;420900;;CACHOEIRA CONSULTORIO MEDICO EIRELI;CACHOEIRA CONSULTORIO MEDICO EIRELI;;;M;;;M ;MUNICIPAL;4;22;89600000;RUA FREI EDGAR;138;CENTRO;4939600570;-27.176010999;-51.5058588982;3.0;ATENDIMENTOS NOS TURNOS DA MANHA E A TARDE;30093890000194.0;;2062.0;0.0;0.0;0.0;0.0;0.0;0.0;;NAO
5518792;3170705518792;31;317070;;PABLO HERNANDEZ BAHR;PABLO HERNANDEZ BAHR CONSULTORIO MEDICO;;;M;;;M ;MUNICIPAL;4;22;37010600;RUA ALFERES JOAQUIM ANTONIO;13;VILA PINTO;;-21.5571603526;-45.442199707;3.0;ATENDIMENTOS NOS TURNOS DA MANHA E A TARDE;;;4000.0;0.0;0.0;0.0;0.0;1.0;0.0;;NAO
6055036;3138906055036;31;313890;18404921000185.0;PREFEITURA MUNICIPAL DE MACHACALIS;UNIDADE PSF JUVENCIO ALVES SILVA;;;M;;;M ;MUNICIPAL;4;2;39873000;RUA PEDRO DIAS DO NASCIMENTO;S/N;CENTRO;(33)988276560;-17.0780357448;-40.715546608;3.0;ATENDIMENTOS NOS TURNOS DA MANHA E A TARDE;;secretariademachacalis@bol.com.br;1244.0;0.0;0.0;0.0;0.0;1.0;0.0;;SIM
4216180;3550304216180;35;355030;;P4 SERVICOS DE SAUDE LTDA;P4 SERVICOS DE SAUDE;;;M;;;M ;MUNICIPAL;4;22;1308000;BARATA RIBEIRO;414;BELA VISTA;11 20959855;-23.5565708;-46.6571366;3.0;ATENDIMENTOS NOS TURNOS DA MANHA E A TARDE;26277661000152.0;LEGALIZACAO@ORSSA.COM.BR;2062.0;0.0;0.0;0.0;0.0;0.0;0.0;;NAO
5171873;2611605171873;26;261160;;FERNANDA MARIA DE LIRA CORREIA PSICOLOGIA;FERNANDA LIRA PSICOLOGIA;;;M;;;M ;MUNICIPAL;4;22;50940790;AV LIBERDADE;950;CURADO;8198139979;-8.0443302059;-34.9612593835;4.0;ATENDIMENTO NOS TURNOS DA MANHA, TARDE E NOITE;50364759000121.0;legalizacao@contabilizadigital.com;2135.0;0.0;0.0;0.0;0.0;1.0;0.0;;NAO
4994671;4201404994671;42;420140;;IZZA CLINICA LTDA;IZZA CLINICA;;;M;;;M ;MUNICIPAL;4;36;88900019;XV DE NOVEMBRO;1650;CENTRO;48 96996370;-28.9391801998;-49.4860863577;3.0;ATENDIMENTOS NOS TURNOS DA MANHA E A TARDE;51453110000140.0;PIAZZAZLUIZA@GMAIL.COM;2062.0;0.0;0.0;0.0;0.0;1.0;0.0;;NAO
5501407;3304555501407;33;330455;;MINISTERIO DA EDUCACAO;INSTITUTO BENJAMIN CONSTANT;;;M;;;M ;MUNICIPAL;3;36;22290240;AVENIDA PASTEUR;360;URCA;(21) 3478-4420;-22.9503;-43.7698;3.0;ATENDIMENTOS NOS TURNOS DA MANHA E A TARDE;394445027212.0;dmr@ibc.gov.br;1015.0;0.0;0.0;0.0;0.0;1.0;0.0;;NAO
4635787;5208704635787;52;520870;;JULIA CAIXETA RODRIGUES DE OLIVEIA LTDA;INSTITUTO JULIA CAIXETA;;;M;;;M ;MUNICIPAL;4;22;74175020;ALAMEDA RICARDO PARANHOS;119;SETOR MARISTA;62985435027;-16.7005406;-49.256142;3.0;ATENDIMENTOS NOS TURNOS DA MANHA E A TARDE;53129054000118.0;julia_crd@hotmail.com;2062.0;0.0;0.0;0.0;0.0;1.0;0.0;4.0;NAO
3013561;3304303013561;33;330430;;CARB CLINICOS ASSOCIADOS DE RIO BONITO SC LTDA;CARB;;;M;;;M ;MUNICIPAL;4;4;28800000;RUA OSWALDO CRUZ;54;CENTRO;2127343690;-22.7109847;-42.6258886;4.0;ATENDIMENTO NOS TURNOS DA MANHA, TARDE E NOITE;1858472000142.0;;2240.0;0.0;0.0;0.0;0.0;1.0;0.0;;NAO
9740198;3304559740198;33;330455;;DEBORAH MILWARD DE ANDRADE;DEBORAH MILWARD DE ANDRADE;;;M;;;M ;MUNICIPAL;4;22;22410000;RUA VISCONDE DE PIRAJA;330;IPANEMA;2125330410;-22.9840115;-43.2092282;3.0;ATENDIMENTOS NOS TURNOS DA MANHA E A TARDE;;JACQUELINE@REALCAD.COM.BR;4000.0;0.0;0.0;0.0;0.0;0.0;0.0;8.0;NAO
89427;3304550089427;33;330455;;UROMAX CLINICA UROLOGICA DE CIRURGIA LTDA;UROMAX;;;M;;;M ;MUNICIPAL;4;36;20735090;RUA COSTANCA BARBOSA;188;MEIER;;-22.875;-43.225;3.0;ATENDIMENTOS NOS TURNOS DA MANHA E A TARDE;9234687000102.0;;2240.0;0.0;0.0;0.0;0.0;1.0;0.0;8.0;NAO
9818081;4108409818081;41;410840;;ELIZAMARA ELIEGE SEGALA CLINICA MEDICA;ELIZAMARA ELIEGE SEGALA CLINICA MEDICA;;;M;;;M ;MUNICIPAL;4;22;85601630;CURITIBA;2192;CENTRO;46 99852222;-26.0821868165;-53.054265976;3.0;ATENDIMENTOS NOS TURNOS DA MANHA E A TARDE;24540518000186.0;;2135.0;0.0;0.0;0.0;0.0;0.0;0.0;6.0;NAO
9319018;2500709319018;25;250070;;LABORATORIO DE ANALISES CLINICAS DR IVAN CAVALCANTE LTDA M;LABORATORIO DE ANALISES CLINICAS DR IVAN CAVALCANTE;;;M;;;M ;MUNICIPAL;4;39;58910000;TABELIAO JOSE CANDIDO DANTAS;98;CENTRO;83 35314484;-6.728903666;-38.4488654137;3.0;ATENDIMENTOS NOS TURNOS DA MANHA E A TARDE;24291858000382.0;;2062.0;0.0;0.0;0.0;0.0;0.0;0.0;;NAO
4112229;3550304112229;35;355030;;SPECC SAO PAULO ESPECIALIDADES CLINICAS E CIRURGICAS LTDA;SPECC FILIAL;;;M;;;M ;MUNICIPAL;4;22;3317000;R SERRA DE BOTUCATU;660;VILA GOMES CARDIM;;-23.5435809;-46.5676352;3.0;ATENDIMENTOS NOS TURNOS DA MANHA E A TARDE;19860887000205.0;;2062.0;0.0;0.0;0.0;0.0;0.0;0.0;;NAO
2688123;3507602688123;35;350760;46352746000165.0;PREFEITURA DO MUNICIPIO E BRAGANCA PAULISTA;DIVISAO DE VIGILANCIA EPIDEMIOLOGICA;;;M;;;M ;MUNICIPAL;4;50;12912320;RUA ARTUR BERNARDES;60;SANTA TEREZINHA;;-22.94314;-46.53488;3.0;ATENDIMENTOS NOS TURNOS DA MANHA E A TARDE;;;1244.0;;;;;0.0;0.0;;SIM
9048626;5107909048626;51;510790;;EMMYLINE PERIN DE PAULA;EMMYLINE PERIN DE PAULA NUTRICIONISTA;;;M;;;M ;MUNICIPAL;4;22;78556220;RUA DAS NINFEIAS;177;JD MARINGA II;;-11.8630670731;-55.5234539509;3.0;ATENDIMENTOS NOS TURNOS DA MANHA E A TARDE;;;4000.0;0.0;0.0;0.0;0.0;1.0;0.0;;NAO
2014564;1302602014564;13;130260;4461836000144.0;MANAUS SECRETARIA MUNICIPAL DE SAUDE;USF S 40;;;M;;;M ;MUNICIPAL;3;2;69067110;RUA FRAGATA;1000;PETROPOLIS;(92)988028137;-3.107499607;-59.99560003;3.0;ATENDIMENTOS NOS TURNOS DA MANHA E A TARDE;;usf.s40@manaus.am.gov.br;1031.0;0.0;0.0;0.0;0.0;1.0;0.0;;SIM
249319;4202400249319;42;420240;;DR CURATIVO CENTRO DE TRATAMENTO DE FERIDAS LTDA;DR CURATIVO;;;M;;;M ;MUNICIPAL;4;36;89010207;SETE DE SETEMBRO;1433;CENTRO;(47) 30355893;-26.918606943;-49.0700778365;3.0;ATENDIMENTOS NOS TURNOS DA MANHA E A TARDE;37320121000120.0;drcurativos@gmail.com;2062.0;0.0;0.0;0.0;0.0;1.0;0.0;10.0;NAO
706922;4115200706922;41;411520;;ODONTOCOB CLINICAS ODONTOLOGICAS DO BRASIL LTDA;ODONTOCOB;;;M;;;M ;MUNICIPAL;4;36;87013230;XV DE NOVEMBRO;255;ZONA 01;44 32227539;-23.4241368905;-51.9349721074;3.0;ATENDIMENTOS NOS TURNOS DA MANHA E A TARDE;5697419000168.0;;2062.0;0.0;0.0;0.0;0.0;0.0;0.0;;NAO
2962195;1100202962195;11;110020;;G J COMERCIO DE MEDICAMENTOS LTDA;FARMACIA CAINAGUA;;;M;;;M ;MUNICIPAL;4;43;76805898;JOAO ALFREDO;385;BAIXA UNIAO;69 93880609;-8.7688724;-63.9067746;3.0;ATENDIMENTOS NOS TURNOS DA MANHA E A TARDE;46429571000147.0;cordeiro-pvh@hotmail.com;2062.0;0.0;0.0;0.0;0.0;1.0;0.0;;NAO
5656540;4209105656540;42;420910;;ACAO SOCIAL DE JOINVILLE;ACAO SOCIAL DE JOINVILLE;;;M;;;M ;MUNICIPAL;4;39;89201020;AVENIDA CEL PROCOPIO GOMES;219;BUCAREIN;(47) 34226204;-26.3166562;-48.8404847;3.0;ATENDIMENTOS NOS TURNOS DA MANHA E A TARDE;84717925000148.0;;3999.0;0.0;0.0;0.0;0.0;1.0;0.0;;NAO
9852956;3548909852956;35;354890;;BKJ FISIOTERAPEUTAS LTDA;BKJ FISIOTERAPEUTAS;;;M;;;M ;MUNICIPAL;4;22;13562390;RUA ALBERTO LANZONI;659;SANTA FELICIA;;-22.0147585164;-47.8969359398;3.0;ATENDIMENTOS NOS TURNOS DA MANHA E A TARDE;33770648000104.0;;2062.0;0.0;0.0;0.0;0.0;0.0;0.0;;NAO
960373;2307650960373;23;230765;;PAULO EDELSON DE SOUZA COSTA;ORTHOMEDIC;;;M;;;M ;MUNICIPAL;4;22;61900225;CARLOS JEREISSATI;852;JEREISSATI I;68 99654845;-3.8768215401;-38.6254620552;3.0;ATENDIMENTOS NOS TURNOS DA MANHA E A TARDE;40074094000168.0;laccontabilidade@gmail.com;2135.0;0.0;0.0;0.0;0.0;0.0;0.0;;NAO
7216556;5221007216556;52;522100;1068055000104.0;PREFEITURA MUNICIPAL DE TAQUARAL DE GOIAS;VIGILANCIA EM SAUDE;;;M;;;M ;MUNICIPAL;4;50;76640215;RUA CASTRO ALVES;S/N;CENTRO;;-16.0548740354;-49.6003566068;3.0;ATENDIMENTOS NOS TURNOS DA MANHA E A TARDE;;secsaudetaquaral@bol.com.br;1244.0;;;;;0.0;0.0;;SIM
7254989;4320407254989;43;432040;;GERSON JAMIN MATTOS SERVICOS EM SAUDE LTDA ME;GERSON JAMIN MATTOS SERVICOS EM SAUDE LTDA;;;M;;;M ;MUNICIPAL;4;22;99250000;RUA DAS FLORES;100;CENTRO;;;;3.0;ATENDIMENTOS NOS TURNOS DA MANHA E A TARDE;17531745000180.0;;2062.0;0.0;0.0;0.0;0.0;0.0;0.0;4.0;NAO
7572700;3132107572700;31;313210;18283101000182.0;PREFEITURA MUNICIPAL DE ITACARAMBI;UBS SORAIA DURAES FERREIRA;;;M;;;M ;MUNICIPAL;4;2;39470000;AVENIDA DO CONTORNO;463;SAO JOSE;;-15.1036056;-44.1009532;3.0;ATENDIMENTOS NOS TURNOS DA MANHA E A TARDE;;regulacao.itac@yahoo.com.br;1244.0;0.0;0.0;0.0;0.0;1.0;0.0;;SIM
3290883;3550303290883;35;355030;;FABIO MONTES;CONS MEDICO FABIO MONTES;;;M;;;M ;MUNICIPAL;4;22;4321110;RUA DO CAJUEIROS;310;JABAQUARA;(11)50132545;-23.6440933;-46.6440902;3.0;ATENDIMENTOS NOS TURNOS DA MANHA E A TARDE;;fabio-montes@ig.com.br;4000.0;0.0;0.0;0.0;0.0;0.0;0.0;;NAO
8473986;5211508473986;52;521150;;AKEMI CIRURGIA VASCULAR LTDA;AKEMI CIRURGIA VASCULAR;;;M;;;M ;MUNICIPAL;4;22;75516220;PCA SAO SEBASTIAO;210;CENTRO;34 91897134;-18.4211910569;-49.2200160027;3.0;ATENDIMENTOS NOS TURNOS DA MANHA E A TARDE;48476834000102.0;MARIANAAKEMI@HOTMAIL.COM;2062.0;0.0;0.0;0.0;0.0;0.0;0.0;;NAO
1079638;5300101079638;53;530010;;ROBSON RIBEIRO ODONTOLOGIA LTDA CNPJ 48899638000132;RR ODONTOLOGIA;;;E;;;E ;ESTADUAL;4;22;72450130;Q QUADRA 13 CASA;38;SETOR LESTE GAMA;(61) 9841-3851;-15.78;-47.93;4.0;ATENDIMENTO NOS TURNOS DA MANHA, TARDE E NOITE;;DRROBSONRIBEIRODENTISTA@GMAIL.COM;2062.0;0.0;0.0;0.0;0.0;0.0;0.0;8.0;NAO
3272931;3550303272931;35;355030;;O D E SERVICOS MEDICOS LTDA EPP;O D E SERVICOS MEDICOS;;;M;;;M ;MUNICIPAL;4;22;1413000;RUA AUGUSTA;1977;CERQUEIRA CESAR;3064 1520;;;3.0;ATENDIMENTOS NOS TURNOS DA MANHA E A TARDE;60522133000230.0;lilianestefandermatologia@ig.com.br;2240.0;0.0;0.0;0.0;0.0;0.0;0.0;4.0;NAO
942367;3534700942367;35;353470;;STELLA MARI CLINICA DE PSICOLOGIA LTDA;STELLA MARI CLINICA DE PSICOLOGIA;;;M;;;M ;MUNICIPAL;4;22;19900260;RUA JOSE GALVAO;390;VILA MORAES;14;-22.985885;-49.861345;3.0;ATENDIMENTOS NOS TURNOS DA MANHA E A TARDE;42352817000179.0;smsscabral@gmail.com;2062.0;0.0;0.0;0.0;0.0;1.0;0.0;;NAO
995460;3137530995460;31;313753;23097454000128.0;MUNICIPIO DE LAGOA GRANDE;VIGILANCIA SANITARIA DE LAGOA GRANDE;;;M;;;M ;MUNICIPAL;4;50;38755000;RUA DOM PEDRO I;41;PLANALTO;3438161868;-17.5017;-46.3149;3.0;ATENDIMENTOS NOS TURNOS DA MANHA E A TARDE;;vigilanciasanitariasmslagoagrande2017@outlook.com;1244.0;;;;;0.0;0.0;;NAO
676055;4316900676055;43;431690;;HEYDER CABRAL LIRA JUNIOR;CONSULTORIO MEDICO HEYDER CABRAL LIRA JUNIOR;;;M;;;M ;MUNICIPAL;4;22;97015513;AV PRESIDENTE VARGAS;2355;N SRA DE FATIMA;;-29.6921172;-53.807734;4.0;ATENDIMENTO NOS TURNOS DA MANHA, TARDE E NOITE;;;4000.0;0.0;0.0;0.0;0.0;0.0;0.0;;NAO
2940361;3506502940361;35;350650;;NAJLA POLATO SERVICOS MEDICOS LTDA;NAJLA POLATO SERVICOS MEDICOS LTDA;;;M;;;M ;MUNICIPAL;4;22;16203014;TAMOIO;534;VILA XAVIER;(18) 98197-8000;-21.2897312;-50.3299487;3.0;ATENDIMENTOS NOS TURNOS DA MANHA E A TARDE;40179041000101.0;rosipolatobarcelos@hotmail.com;2062.0;0.0;0.0;0.0;0.0;0.0;0.0;;NAO
7523408;2604107523408;26;260410;;MARIA NATHALIA GOMES DA COSTA;CONSULTORIO DE ODONTOLOGIA DR NATHALIA GOMES;;;M;;;M ;MUNICIPAL;4;22;55012290;AV AGAMENOM MAGALHAES;548;MAURICIO DE NASSAU;37214755;-8.2716096314;-35.9751176834;3.0;ATENDIMENTOS NOS TURNOS DA MANHA E A TARDE;;;4000.0;0.0;0.0;0.0;0.0;1.0;0.0;;NAO
4340795;3509254340795;35;350925;;CLIMELP SERVICOS MEDICOS LTDA;CLIMELP SERVICOS MEDICOS LTDA;;;M;;;M ;MUNICIPAL;4;39;11950000;TEODORO FERREIRA MACHADO;112;CENTRO;;-24.7252964;-48.1123731;3.0;ATENDIMENTOS NOS TURNOS DA MANHA E A TARDE;7333359000553.0;;2240.0;0.0;0.0;0.0;0.0;0.0;0.0;;NAO
3351378;4124103351378;41;412410;;A F DE OLIVEIRA SERVICOS MEDICOS LTDA;A F DE OLIVEIRA SERVICOS MEDICOS LTDA;;;M;;;M ;MUNICIPAL;4;22;86430000;RIO BRANCO;339;CENTRO;43 35344965;-23.3004989;-50.0719654;3.0;ATENDIMENTOS NOS TURNOS DA MANHA E A TARDE;46516817000118.0;atendimento@escritoriocontabiluniao.com;2062.0;0.0;0.0;0.0;0.0;0.0;0.0;;NAO
3897478;4121503897478;41;412150;;ASSOCIACAO DE PAIS E AMIGOS DOS EXCEPCIONAIS DE REBOUCAS;ASSOCIACAO DE PAIS E AMIGOS DOS EXCEPCIONAIS DE REBOUCAS;;;E;;;E ;ESTADUAL;4;36;84550000;AVENIDA ADOLFO STADLER;695;CENTRO;(42)34571566;-25.6149247202;-50.6929779053;3.0;ATENDIMENTOS NOS TURNOS DA MANHA E A TARDE;81643348000107.0;reboucas@apaepr.org.br;3999.0;0.0;0.0;0.0;0.0;1.0;0.0;;SIM
5225213;3538705225213;35;353870;;LIA BALTIERI INOCENCIO;LIA BALTIERI INOCENCIO FONOAUDIOLOGIA DE PIRACICABA;;;M;;;M ;MUNICIPAL;4;22;13419000;RUA JOSE PINTO DE ALMEIDA;203;ALTO;(19) 99720-9059;-22.7209163778;-47.6421428644;3.0;ATENDIMENTOS NOS TURNOS DA MANHA E A TARDE;;;4000.0;0.0;0.0;0.0;0.0;1.0;0.0;;NAO
9056432;4127709056432;41;412770;;BECK E DE CARLI CLINICA ODONTOLOGICA LTDA ME;LA SANTE ODONTOLOGIA;;;M;;;M ;MUNICIPAL;4;22;85903390;RUA VICENTE ROOS;157;JD COOPAGRO;3252-5126;-24.7165299836;-53.7663120031;3.0;ATENDIMENTOS NOS TURNOS DA MANHA E A TARDE;24604913000185.0;;2062.0;0.0;0.0;0.0;0.0;0.0;0.0;;NAO
9434917;3549409434917;35;354940;;ECAMEST EMPRESA DE CONSULTORIA E ASSESSORIA EM MEDICINA E;ECAMEST EMPRESA DE CONSULTORIA E ASSESSORIA EM MEDICINA E;;;M;;;M ;MUNICIPAL;4;22;14600000;SAO BENEDITO;450;CENTRO;16 38181234;-20.5890006457;-47.8619384766;3.0;ATENDIMENTOS NOS TURNOS DA MANHA E A TARDE;1013181000153.0;taffer@netsite.com.br;2062.0;0.0;0.0;0.0;0.0;0.0;0.0;;NAO
6255132;3553706255132;35;355370;;UNIODONTO DE TAQUARITINGA COOPERATIVA ODONTOLOGICA;UNIODONTO TAQUARITINGA;;;M;;;M ;MUNICIPAL;4;4;15900049;RUA CAMPOS SALES;581;CENTRO;;-21.40796;-48.50318;3.0;ATENDIMENTOS NOS TURNOS DA MANHA E A TARDE;1902941000183.0;uniodonto@terra.com.br;2143.0;0.0;0.0;0.0;0.0;0.0;0.0;;NAO
2366592;2205252366592;22;220525;1825794000195.0;MUNICIPIO DE JARDIM DO MULATO SECRETARIA MUNICIPAL DE SAUDE;PS LAGOA DOS COCOS;;;M;;;M ;MUNICIPAL;4;1;64495000;POVOADO LAGOA DOS COCOS;S/N;ZONA RURAL;;-5.9657536711;-42.4566650391;3.0;ATENDIMENTOS NOS TURNOS DA MANHA E A TARDE;;;1031.0;0.0;0.0;0.0;0.0;0.0;0.0;;NAO
4920481;4205404920481;42;420540;;CLINICA MEDICA SAUDE POPULAR LTDA;CLINICA MEDICA SAUDE POPULAR;;;M;;;M ;MUNICIPAL;4;36;88058001;ARMANDO CALIL BULOS;5353;INGLESES DO RIO VERM;48984967887;-27.4475281;-48.4258059;3.0;ATENDIMENTOS NOS TURNOS DA MANHA E A TARDE;54411724000157.0;cmsaudepopular@gmail.com;2062.0;0.0;0.0;0.0;0.0;1.0;0.0;;SIM
6769209;2408106769209;24;240810;;D M LABORATORIO DE ANALISES CLINICAS LTDA;LABORATORIO PRIME POTENGI;;;M;;;M ;MUNICIPAL;4;36;59066060;FRANCISCO LUCIANO DE OLIVEIRA;2460;CANDELARIA;84 32012751;-5.8496484;-35.2214591;3.0;ATENDIMENTOS NOS TURNOS DA MANHA E A TARDE;10994083000135.0;LABPRIMEPOTENGI@HOTMAIL.COM;2062.0;0.0;0.0;0.0;0.0;1.0;0.0;;NAO
7396546;2109107396546;21;210910;;ODONTOMED LTDA ME;ODONTOMED;;;M;;;M ;MUNICIPAL;4;36;65760000;RUA 28 DE JUNHO;850;CENTRO;;-5.2932575;-44.4988744;4.0;ATENDIMENTO NOS TURNOS DA MANHA, TARDE E NOITE;3468252000138.0;;2062.0;0.0;0.0;0.0;0.0;0.0;0.0;;NAO
9660755;5209209660755;52;520920;1373497000156.0;PREFEITURA MUNICIPAL DE GUAPO;SAUDE PRISIONAL;;;M;;;M ;MUNICIPAL;4;2;75350000;RUA PARA;S/N;CIDADE NOVA;;-16.831;-49.532;1.0;ATENDIMENTO SOMENTE PELA MANHA;;;1244.0;0.0;0.0;0.0;0.0;0.0;0.0;4.0;NAO
7891598;4106907891598;41;410690;76417005000186.0;MUNICIPIO DE CURITIBA;DISTRITO SANITARIO TATUQUARA;;;M;;;M ;MUNICIPAL;4;68;81470475;RUA OLIVARDO KORONOSKI BUENO;S/N;TATUQUARA;041-32986351;-25.5755966325;-49.3317568302;3.0;ATENDIMENTOS NOS TURNOS DA MANHA E A TARDE;;gerenciadstq@sms.curitiba.pr.gov.br;1244.0;;;;;0.0;0.0;;SIM
6300227;3101606300227;31;310160;;BEXIGA E CARVALHO FISIOTERAPIA LTDA;BEXIGA E CARVALHO FISIOTERAPIA;;;M;;;M ;MUNICIPAL;4;4;37130808;ODILON FERREIRA BARBOSA;22;JD AEROPORTO;32922330;-21.4261129;-45.9481612;3.0;ATENDIMENTOS NOS TURNOS DA MANHA E A TARDE;9551214000120.0;BEACARVALHO@BOL.COM.BR;2062.0;0.0;0.0;0.0;0.0;0.0;0.0;;NAO
7690797;3139407690797;31;313940;;LABORATORIO DE ANALISES APOLO LTDA ME;LABORATORIO APOLO;;;M;;;M ;MUNICIPAL;4;39;36909400;RUA MONSENHOR ROCHA;197;VILA NOVA;33 3378 8044;-20.2335802793;-42.1667838592;3.0;ATENDIMENTOS NOS TURNOS DA MANHA E A TARDE;421604000888.0;;2062.0;0.0;0.0;0.0;0.0;0.0;0.0;;NAO
3303640;5300103303640;53;530010;;REHAB CBARATA LGIORDANO VKLEIN SERVICOS EM SAUDE LTDA;REHAB;;;E;;;E ;ESTADUAL;4;4;70292500;SHCS CL QUADRA 213 BLOCO D;S/N;ASA SUL;61 34453009;-15.8314237198;-47.915212512;4.0;ATENDIMENTO NOS TURNOS DA MANHA, TARDE E NOITE;6279344000168.0;REHABSAUDE@GMAIL.COM;2062.0;0.0;0.0;0.0;0.0;1.0;0.0;;NAO
35106;3304550035106;33;330455;;LUCAI SABA CLINICA ODONTOLOGICA EIRELI;CLINICA ODONTOLOGICA DRA LUCIA SABA;;;M;;;M ;MUNICIPAL;4;22;21831336;RUA NELSON DA FONSECA;11;SENADOR CAMARA;27715000;-22.893519;-43.486121;3.0;ATENDIMENTOS NOS TURNOS DA MANHA E A TARDE;28573588000191.0;lucia.saba14@gmail.com;2062.0;0.0;0.0;0.0;0.0;0.0;0.0;;NAO
6280358;5003706280358;50;500370;;GASTROCLINICA DOURADOS LTDA;GASTROCLINICA DOURADOS LTDA;;;M;;;M ;MUNICIPAL;4;36;79825070;JOAO ROSA GOES;1290;CENTRO;3421-2266;-22.2211794;-54.813707;3.0;ATENDIMENTOS NOS TURNOS DA MANHA E A TARDE;97466866000124.0;gerencia@gastroclinicadourados.com.br;2062.0;0.0;0.0;0.0;0.0;0.0;0.0;;NAO
5904234;4219505904234;42;421950;;CLINICA DE FISIOTERAPIA VMP LTDA;CLINICA DE FISIOTERAPIA VMP LTDA;;;M;;;M ;MUNICIPAL;4;39;89820000;RUA PAPA JOAO XXIII;590;CENTRO;34336263;-26.8710162;-52.4013536;3.0;ATENDIMENTOS NOS TURNOS DA MANHA E A TARDE;9589403000192.0;;2062.0;0.0;0.0;0.0;0.0;0.0;0.0;;SIM
5851262;2107255851262;21;210725;1608768000105.0;PREFEITURA MUNICIPAL DE NOVA COLINAS;LABORATORIO DE ANALISES CLINICAS ZE DO ICA;;;M;;;M ;MUNICIPAL;4;39;65808000;RUA EDSON LOBAO;S/N;CENTRO;;-7.1159679305;-46.2569689751;3.0;ATENDIMENTOS NOS TURNOS DA MANHA E A TARDE;;;1244.0;;;;;0.0;0.0;;SIM
3079090;5300103079090;53;530010;;CLINICA GINECOLOGICA DR PAULO POLCHEIRA LTDA;PELVI UROGINECOLOGIA E CIRURGIA GINECOLOGICA;;;E;;;E ;ESTADUAL;4;36;70390145;SEPS EQ 714 914 CONJUNTO D;41;ASA SUL;61 30450088;-15.8234705583;-47.9243588448;4.0;ATENDIMENTO NOS TURNOS DA MANHA, TARDE E NOITE;3306823000138.0;CONTATOBRASILIA@PELVI.COM.BR;2062.0;0.0;0.0;0.0;0.0;1.0;0.0;;NAO
5637864;3106205637864;31;310620;;GESTOS FISIOTERAPIA E SERVICOS LTDA;GESTOS FISIOTERAPIA;;;M;;;M ;MUNICIPAL;4;36;30180000;AV AMAZONAS;115;CENTRO;31 31158622;-19.9178727201;-43.9362238221;4.0;ATENDIMENTO NOS TURNOS DA MANHA, TARDE E NOITE;22480043000154.0;cfaturamento@policlinicasalud.com.br;2062.0;0.0;0.0;0.0;0.0;0.0;0.0;;NAO
3588084;3106203588084;31;310620;;SAMARA NUNES OLIVEIRA E SILVA;SAMARA NUNES OLIVEIRA E SILVA;;;M;;;M ;MUNICIPAL;4;22;31130122;AVENIDA PRESIDENTE ANTONIO CARLOS;1694;CACHOEIRINHA;3223-9661;-19.8963146662;-43.9474577442;3.0;ATENDIMENTOS NOS TURNOS DA MANHA E A TARDE;;samaranunes@terra.com.br;4000.0;0.0;0.0;0.0;0.0;0.0;0.0;;NAO
9833986;2202009833986;22;220200;;ASSOCIACAO DE PAIS E AMIGOS DOS EXCEPCIONAIS DE BURITI DOS L;CENTRO DE EDUCACAO ESPECIALIZADA KELVIN KENNEDY SOBRINH;;;M;;;M ;MUNICIPAL;4;36;64230000;RUA EURIPEDES DE AGUIAR;278;CENTRO;86 95516215;-3.1776993018;-41.8701142073;3.0;ATENDIMENTOS NOS TURNOS DA MANHA E A TARDE;5388734000103.0;apaeburitidoslopespi@outlook.com;3999.0;0.0;0.0;0.0;0.0;1.0;0.0;;SIM
6829694;1100306829694;11;110030;4287520000188.0;SECRETARIA DE ESTADO DA SAUDE;III GERENCIA REGIONAL DE SAUDE DE VILHENA;;;E;;;E ;ESTADUAL;4;68;76985334;RUA ANTONIO EXTEKOETTER;6093;ALTO ALEGRE;6933226876;-12.741;-60.146;3.0;ATENDIMENTOS NOS TURNOS DA MANHA E A TARDE;;grsdevilhena@yahoo.com.br;1023.0;0.0;0.0;0.0;0.0;0.0;0.0;;SIM
6319904;3525306319904;35;352530;;EDUARDO MARCUCCI PRACUCHO CONSULTORIO JAU;EDUARDO MARCUCCI PRACUCHO;;;M;;;M ;MUNICIPAL;4;22;17210190;RUA VICTOR BURJATO;51;VILA ASSIS;14 34164130;-22.29033693;-48.54905157;3.0;ATENDIMENTOS NOS TURNOS DA MANHA E A TARDE;;;4000.0;0.0;0.0;0.0;0.0;1.0;0.0;;NAO
9182195;1502159182195;15;150215;1613321000124.0;MUNICIPIO DE CANAA DOS CARAJAS;ACADEMIA DA SAUDE NOVO HORIZONTE;;;M;;;M ;MUNICIPAL;4;74;68356193;AV IPANEMA;S/N;NOVO HORIZONTE;;-6.5456578534;-49.8556780815;4.0;ATENDIMENTO NOS TURNOS DA MANHA, TARDE E NOITE;;;1244.0;;;;;1.0;0.0;;NAO
9095187;3550309095187;35;355030;;MSG SERVICOS MEDICOS EIRELI;MSG SERVICOS MEDICOS;;;M;;;M ;MUNICIPAL;4;36;4715005;R AMERICO BRASILIENSE;2171;CHACARA SANTO ANTONI;5181-1365;;;3.0;ATENDIMENTOS NOS TURNOS DA MANHA E A TARDE;26064707000155.0;marciasguimaraes@yahoo.com.br;2305.0;0.0;0.0;0.0;0.0;1.0;0.0;8.0;NAO
9767037;4313209767037;43;431320;;LISIANE SCHREEN BITTENCOURT;LISIANE SCHREEN BITTENCOURT;;;M;;;M ;MUNICIPAL;4;22;95150000;AV 3 DE MAIO;277;CENTRO;;-29.376;-51.114;3.0;ATENDIMENTOS NOS TURNOS DA MANHA E A TARDE;;;4000.0;0.0;0.0;0.0;0.0;0.0;0.0;10.0;NAO
5902231;2304405902231;23;230440;;CRISTIANE OLIVEIRA FISIOTERAPIA LTDA;CRIS OLIVEIRA FISIOTERAPIA;;;M;;;M ;MUNICIPAL;4;36;60170078;AVENIDA SENADOR VIRGILIO TAVORA;1500;ALDEOTA;;-3.7389687;-38.4942293;3.0;ATENDIMENTOS NOS TURNOS DA MANHA E A TARDE;61299336000191.0;olicrism@gmail.com;2062.0;0.0;0.0;0.0;0.0;0.0;0.0;;NAO
996378;3106200996378;31;310620;;MARIO LUCIO MENDES ORTOPEDIA E TRAUMATOLOGIA LTDA;MARIO LUCIO MENDES ORTOPEDIA E TRAUMATOLOGIA;;;M;;;M ;MUNICIPAL;4;60;31155720;R PROFESSOR BENITO DO CARMO;100;PALMARES;(31)3911-6661;-19.871045;-43.931183;;;36027516000177.0;AYALAEMENDES@GMAIL.COM;2062.0;;;;;0.0;0.0;;NAO
9337008;5208709337008;52;520870;;ANDREIA PORTELA MARTINS;ANDREIA PORTELA MARTINS;;;M;;;M ;MUNICIPAL;4;22;74083070;RUA 94A;52;SETOR SUL;62 - 39429498;-16.684767806;-49.2581033707;3.0;ATENDIMENTOS NOS TURNOS DA MANHA E A TARDE;;;4000.0;0.0;0.0;0.0;0.0;1.0;0.0;4.0;NAO
9574654;3503209574654;35;350320;45276128000110.0;MUNICIPIO DE ARARAQUARA;UNIARA MELHADO AMBULATORIO DE ESPECIALIDADES;;;M;;;M ;MUNICIPAL;4;36;14807063;RUA CAPITAO JOSE SABINO SAMPAIO;S/N;VIL MELHADO;(16)3305-1530;-21.8084791434;-48.1675085881;3.0;ATENDIMENTOS NOS TURNOS DA MANHA E A TARDE;;ambfinalgestacao@araraquara.sp.gov.br;1244.0;0.0;0.0;0.0;0.0;1.0;0.0;;NAO
2637057;2604602637057;26;260460;10150068000100.0;PREFEITURA MUNICIPAL DE CONDADO;UNIDADE DE SAUDE DA FAMILIA OLEGARIO FONSECA;;;M;;;M ;MUNICIPAL;4;2;55940000;AV OLEGARIO FONSECA;S/N;CENTRO;;-7.585879265;-35.1017260551;1.0;ATENDIMENTO SOMENTE PELA MANHA;;;1244.0;0.0;0.0;0.0;0.0;1.0;0.0;;SIM
6042120;4104206042120;41;410420;;LABORAN ANALISES CLINICAS LTDA EPP;LABORAN ANALISES CLINICAS POSTO DE COLETA CAMPO LARGO;;;M;;;M ;MUNICIPAL;4;39;83601150;OSWALDO CRUZ;1521;CENTRO;(041)30587676;-25.4605884758;-49.5301185039;3.0;ATENDIMENTOS NOS TURNOS DA MANHA E A TARDE;76652122001953.0;laboran@laboran.com.br;2062.0;0.0;0.0;0.0;0.0;0.0;0.0;;NAO
5009405;4314905009405;43;431490;;RICARDO CABRERA MENEZES;RICARDO CABRERA MENEZES;;;M;;;M ;MUNICIPAL;4;22;90480003;AV CARLOS GOMES;281;AUXILIADORA;33341200;-30.020354456;-51.1913108826;3.0;ATENDIMENTOS NOS TURNOS DA MANHA E A TARDE;;ricardocmenezes@hotmail.com;4000.0;0.0;0.0;0.0;0.0;0.0;0.0;;NAO
9834745;2311809834745;23;231180;7535446000160.0;MUNICIPIO DE RUSSAS;CENTRO ESPECIALIZADO EM REABILITACAO CER II;;;M;;;M ;MUNICIPAL;4;36;62905455;RUA MONSENHOR VITAL GURGEL GUEDES;S/N;CENTRO;88 34118419;-4.932781;-37.96543;3.0;ATENDIMENTOS NOS TURNOS DA MANHA E A TARDE;;smsrussas@ig.com.br;1244.0;0.0;0.0;0.0;0.0;0.0;0.0;;SIM
5687098;4321205687098;43;432120;;CLINICA DE OFTALMOLOGIA E OTORRINO DR SCHAFER LTDA;CLINICA DE OFTALMOLOGIA E OTORRINO DR SCHAFER LTDA;;;M;;;M ;MUNICIPAL;4;22;95600100;JULIO DE CASTILHOS;2650;CENTRO;51-35421620;-29.6446563977;-50.7807397842;3.0;ATENDIMENTOS NOS TURNOS DA MANHA E A TARDE;3806318000152.0;;2240.0;0.0;0.0;0.0;0.0;1.0;0.0;10.0;SIM
6031137;4321106031137;43;432110;;LABORATORIO CRB LTDA;LABORATORIO CRB;;;E;;;E ;ESTADUAL;4;39;96760000;RUA EDMUNDO DREHER;333;CENTRO;51 3672-1799;-30.6720981428;-51.3986563683;3.0;ATENDIMENTOS NOS TURNOS DA MANHA E A TARDE;4893370000156.0;laboratoriocrb@brturbo.com.br;2062.0;;;;;1.0;0.0;;SIM
5353629;2104805353629;21;210480;6377063000148.0;MUNICIPIO DE GRAJAU;UBS ALODI CAMARA LEDA MANGUEIRA;;;M;;;M ;MUNICIPAL;4;2;65940000;RUA LEAO FIGUEREDO;S/N;RODOVIARIO;;-5.451245;-46.651248;3.0;ATENDIMENTOS NOS TURNOS DA MANHA E A TARDE;;smsgrajau@hotmail.com;1244.0;0.0;0.0;0.0;0.0;1.0;0.0;;SIM
111112;2709100111112;27;270910;;ASSOCIACAO PESTALOZZI DE TAQUARANA AL;PESTALOZZI DE TAQUARANA;;;M;;;M ;MUNICIPAL;4;36;57640000;AV SENADOR RUI PALMEIRA;52;CENTRO;;-9.6436602;-36.4963998;3.0;ATENDIMENTOS NOS TURNOS DA MANHA E A TARDE;8048780000151.0;;3999.0;0.0;0.0;0.0;0.0;1.0;0.0;;NAO
5186595;3538705186595;35;353870;52204526000197.0;UNIODONTO DE PIRACICBA COOP DE TRAB ODONTOLOGICO;CENTRO DE PROMOCAO DA SAUDE CPS DE PIRACICABA;;;M;;;M ;MUNICIPAL;4;36;13400160;RUA SANTO ANTONIO;682;CENTRO;;;;3.0;ATENDIMENTOS NOS TURNOS DA MANHA E A TARDE;;;2143.0;0.0;0.0;0.0;0.0;1.0;0.0;4.0;NAO
1078496;3304551078496;33;330455;;FERNANDA PIRES VAZ DORING;FERNANDA PIRES VAZ DORING;;;M;;;M ;MUNICIPAL;4;22;22440034;AVN ATAULFO DE PAIVA;1079;LEBLON;;-23.0010368;-43.384309;3.0;ATENDIMENTOS NOS TURNOS DA MANHA E A TARDE;;;4000.0;0.0;0.0;0.0;0.0;0.0;0.0;8.0;NAO
6317707;3543406317707;35;354340;;LYANAM LI SERVICOS DE SAUDE LTDA;LYANAM LI SERVICOS DE SAUDE RIBEIRAO PRETO;;;M;;;M ;MUNICIPAL;4;4;14020070;RUA GUIMARAES PASSOS;573;VILA SEIXAS;(16) 3635 6868;-21.1868977;-47.7999996;3.0;ATENDIMENTOS NOS TURNOS DA MANHA E A TARDE;7078156000134.0;liyoko@hotmail.com;2240.0;0.0;0.0;0.0;0.0;1.0;0.0;;NAO
5564506;3304555564506;33;330455;;ECCENTRIC SPORTS SCIENCE LTDA;ECCENTRIC SPORTS SCIENCE;;;M;;;M ;MUNICIPAL;4;22;22640904;AV DAS AMERICAS;500;BARRA DA TIJUCA;;-23.004412;-43.318356;3.0;ATENDIMENTOS NOS TURNOS DA MANHA E A TARDE;57934113000181.0;;2062.0;0.0;0.0;0.0;0.0;0.0;0.0;;NAO
3699692;2927403699692;29;292740;;CLINICA MED ESPECIALIZADA EM GINECOLOGIA E OBSTETRICIA LTDA;CLIMEGO;;;M;;;M ;MUNICIPAL;4;22;40210750;AVENIDA ANITA GARIBALDI;1051;FEDERACAO;(71)32375136;-12.9989545178;-38.5058784485;3.0;ATENDIMENTOS NOS TURNOS DA MANHA E A TARDE;14855423000106.0;;2062.0;0.0;0.0;0.0;0.0;1.0;0.0;;NAO
4812883;3133804812883;31;313380;;RESENDE FONOAUDIOLOGIA LTDA;RESENDE FONOAUDIOLOGIA;;;M;;;M ;MUNICIPAL;4;22;35681013;RUA DELMIRA GONCALVES;26;GARCIAS;37999191307;-20.0930500001;-44.6034514904;3.0;ATENDIMENTOS NOS TURNOS DA MANHA E A TARDE;53925104000173.0;mlresendefono@gmail.com;2062.0;0.0;0.0;0.0;0.0;1.0;0.0;;NAO
149322;4209300149322;42;420930;;SRS SERVICOS MEDICOS LTDA;SRS SERVICOS MEDICOS LTDA;;;M;;;M ;MUNICIPAL;4;22;88502250;EMILIANO RAMOS BRANCO;80;CENTRO;49 32224870;-27.8107906;-50.3242766;3.0;ATENDIMENTOS NOS TURNOS DA MANHA E A TARDE;30782877000142.0;;2062.0;0.0;0.0;0.0;0.0;0.0;0.0;;NAO
8394997;3306308394997;33;330630;;LUIS AUGUSTO DE CARVALHO RIBEIRO;LUIS AUGUSTO DE CARVALHO RIBEIRO;;;M;;;M ;MUNICIPAL;4;22;27213170;RUA SIMAO DA CUNHA GAGO;120;ATERRADO;24999124648;-22.506035;-44.089593;4.0;ATENDIMENTO NOS TURNOS DA MANHA, TARDE E NOITE;;luisaugustoribeiroodonto@gmail.com;4000.0;0.0;0.0;0.0;0.0;0.0;0.0;;NAO
9937382;3550309937382;35;355030;;DAX SERVICOS MEDICOS LTDA;AXX CARE;;;M;;;M ;MUNICIPAL;4;77;4609003;RUA JOAO ALVARES SOARES;1447;CAMPO BELO;11949179602;-23.6164579;-46.6667103;3.0;ATENDIMENTOS NOS TURNOS DA MANHA E A TARDE;30738327000126.0;enfnucleu3@axxcare.com.br;2062.0;;;;;0.0;0.0;;NAO
5722608;4106905722608;41;410690;;MARILENA SIELSKI;MARILENA SIELSKI;;;M;;;M ;MUNICIPAL;4;22;80510320;RUA EMILIO DE MENEZES;658;SAO FRANCISCO;41-33380379;-25.4173921;-49.2811307;3.0;ATENDIMENTOS NOS TURNOS DA MANHA E A TARDE;;;4000.0;0.0;0.0;0.0;0.0;1.0;0.0;6.0;NAO
9068988;2930209068988;29;293020;13692736000110.0;MUNICIPIO DE SENTO SE;UNIDADE DE SAUDE DA FAMILIA LAURA ALVES DE MIRANDA;;;M;;;M ;MUNICIPAL;4;2;47350000;POVOADO RIACHO DOS PAES;S/N;POVOADO RIACHO DOS P;;-9.8216001372;-41.7645692825;3.0;ATENDIMENTOS NOS TURNOS DA MANHA E A TARDE;;;1244.0;0.0;0.0;0.0;0.0;1.0;0.0;;SIM
4102630;3302004102630;33;330200;;ASSOCIACAO CASA DO PAI P A I;INSTITUTO CASA DO PAI;;;M;;;M ;MUNICIPAL;4;83;23810720;RUA PREFEITO JOSE MARIA DE BRITO;201;CENTRO;21 984683000;-22.8734398;-43.7742522;3.0;ATENDIMENTOS NOS TURNOS DA MANHA E A TARDE;8913297000198.0;contato@institutocasadopai.org.br;3999.0;0.0;0.0;0.0;0.0;1.0;0.0;;NAO
2426765;2301202426765;23;230120;7387392000132.0;PREF M ARACOIABA;UNIDADE BASICA DE SAUDE DE JAGUARAO;;;M;;;M ;MUNICIPAL;4;2;62750000;RUA CENTRAL;S/N;JAGUARAO;33375517;-4.4651922089;-38.7546157837;3.0;ATENDIMENTOS NOS TURNOS DA MANHA E A TARDE;;felipealoi3@gmail.com;1244.0;0.0;0.0;0.0;0.0;1.0;0.0;;SIM
9611746;3300809611746;33;330080;;FERNANDA FAUSTINO RIBEIRO;FERNANDA FAUSTINO RIBEIRO;;;M;;;M ;MUNICIPAL;4;22;28680080;MANOEL DELFIM SARMENTO;185;CENTRO;;-22.4710622304;-42.6588177681;2.0;ATENDIMENTO SOMENTE A TARDE;;;4000.0;0.0;0.0;0.0;0.0;0.0;0.0;;NAO
7766483;4202907766483;42;420290;;CAMILA MORELLI;CAMILA MORELLI GINECOLOGIA E OBSTETRICIA;;;M;;;M ;MUNICIPAL;4;22;88350040;RUA PASTOR SANDRECKY;159;CENTRO;47-3355-3664;-27.0950828973;-48.9188575745;3.0;ATENDIMENTOS NOS TURNOS DA MANHA E A TARDE;;camila_morelli@yahoo.com.br;4000.0;0.0;0.0;0.0;0.0;1.0;0.0;;NAO
6488269;2111306488269;21;211130;;CLINICA DE REABILITACAO ODONTOLOGICA SC;CLINICA DE REABILITACAO ODONTOLOGICA SC;;;M;;;M ;MUNICIPAL;4;22;65020251;RUA GRANDE;1424;CENTRO;(098) 3221-1819;-2.53648;-44.3038269;3.0;ATENDIMENTOS NOS TURNOS DA MANHA E A TARDE;41492331000173.0;;2240.0;0.0;0.0;0.0;0.0;1.0;0.0;;NAO
4062574;3167204062574;31;316720;;SINAPSI PSIQUIATRIA E PSICOLOGIA LTDA;SINAPSI PSIQUIATRIA E PSICOLOGIA;;;M;;;M ;MUNICIPAL;4;22;35700357;CLAUDIA;298;JARDIM ARIZONA;31 3772-3331;-19.4639468;-44.2575423;3.0;ATENDIMENTOS NOS TURNOS DA MANHA E A TARDE;39937072000103.0;secretaria.drguilherme@gmail.com;2240.0;0.0;0.0;0.0;0.0;0.0;0.0;;NAO
7582528;3550307582528;35;355030;;MONICA ALVES PLACIDO;CONS ODONTO MONICA ALVES PLACIDO;;;M;;;M ;MUNICIPAL;4;22;5077130;RUA ALBION;229;LAPA;1139860757;-23.5237046;-46.7066778;3.0;ATENDIMENTOS NOS TURNOS DA MANHA E A TARDE;;dramonicadentista@gmail.com;4000.0;0.0;0.0;0.0;0.0;1.0;0.0;;NAO
9915710;2917309915710;29;291730;;TASSIA CRISTINA BRITO SOUZA;TASSIA BRITO FISIOTERAPIA REABILITACAO E BEM ESTAR;;;M;;;M ;MUNICIPAL;4;36;45435000;PRACA RUI BARBOSA;68;CENTRO;;-13.732;-39.149;3.0;ATENDIMENTOS NOS TURNOS DA MANHA E A TARDE;33789560000126.0;;2135.0;0.0;0.0;0.0;0.0;0.0;0.0;;NAO
8494339;3104008494339;31;310400;;DROGARIA ARAUJO S A;DROGARIA ARAUJO FILIAL JOAO SENA;;;M;;;M ;MUNICIPAL;4;43;38183042;AVENIDA VEREADOR JOAO SENNA;296;CENTRO;;-19.596605;-46.939945;4.0;ATENDIMENTO NOS TURNOS DA MANHA, TARDE E NOITE;17256512022608.0;setec@araujo.com.br;2054.0;;;;;0.0;0.0;;NAO
7791860;3300407791860;33;330040;;FELIPE MARTINS AVILA;FELIPE MARTINS AVILA;;;M;;;M ;MUNICIPAL;4;22;27345010;RUA DUQUE DE CAXIAS;386;CENTRO;24 - 21061917;-22.545341;-44.172911;3.0;ATENDIMENTOS NOS TURNOS DA MANHA E A TARDE;;vivasorrindorj@gmail.com;4000.0;0.0;0.0;0.0;0.0;0.0;0.0;;NAO
6868959;5107606868959;51;510760;;GILL CESAR FERREIRA DE FREITAS ME;MEDIC CLINIC;;;M;;;M ;MUNICIPAL;4;22;78710010;RUA ACYR REZENDE S E SILVA;1962;VILA BIRIGUI;(66) 34269298;-16.4635174764;-54.6444484591;3.0;ATENDIMENTOS NOS TURNOS DA MANHA E A TARDE;14151743000177.0;gilcesarferreira@yahoo.com.br;2135.0;0.0;0.0;0.0;0.0;1.0;0.0;;NAO
3851702;2105303851702;21;210530;;CTC CENTRO DE TOMOGRAFIA COMPUTADORIZADA LTDA;CTC;;;M;;;M ;MUNICIPAL;4;39;65903310;PARAIBA;864;CENTRO;;-5.526524021;-47.476810232;3.0;ATENDIMENTOS NOS TURNOS DA MANHA E A TARDE;2384262000122.0;;2062.0;0.0;0.0;0.0;0.0;1.0;0.0;;NAO
6644015;4106406644015;41;410640;;BUONO CARDIOLOGIA CLINICA MEDICA EIRELI ME;CARDIOLOGIA JOAO RICARDO BUONO;;;M;;;M ;MUNICIPAL;4;4;86300035;ESPIRITO SANTO;436;CENTRO;43 3523-1083;-23.1880814847;-50.6529164314;3.0;ATENDIMENTOS NOS TURNOS DA MANHA E A TARDE;26157033000133.0;;2062.0;0.0;0.0;0.0;0.0;1.0;0.0;;NAO
6317324;5100206317324;51;510020;;VIVIANE M P LOPES BOLSON ME;CRO CLINICA DE RADIOLOGIA E ODONTOLOGIA;;;M;;;M ;MUNICIPAL;4;22;78635000;AV NORBERTO SCHWANTES;245;CENTRO;(66)3468-3726;-14.054869;-52.158019;3.0;ATENDIMENTOS NOS TURNOS DA MANHA E A TARDE;10857807000107.0;vivilopes_2@msn.com;2062.0;0.0;0.0;0.0;0.0;1.0;0.0;;NAO
9190007;4207759190007;42;420775;80623606000112.0;MUNICIPIO DE IRACEMINHA;UNIDADE BASICA DE SAUDE LINHA MOROE;;;M;;;M ;MUNICIPAL;4;2;89891000;ESTRADA LINHA MOROE;S/N;INTERIOR;4931981628;-26.8184026094;-53.3111572266;3.0;ATENDIMENTOS NOS TURNOS DA MANHA E A TARDE;;;1244.0;0.0;0.0;0.0;0.0;0.0;0.0;;NAO
7999984;5300107999984;53;530010;;ALERGOCENTRO EXCELENCIA EM ALERGIA LTDA;ALERGOCENTRO EXCELENCIA EM ALERGIA;;;E;;;E ;ESTADUAL;4;22;70390150;SGAS 915 CONJUNTO N;S/N;ASA SUL;61 33455628;-15.8213131899;-47.9275774956;3.0;ATENDIMENTOS NOS TURNOS DA MANHA E A TARDE;12343904000360.0;alergocentro@gmail.com;2062.0;0.0;0.0;0.0;0.0;0.0;0.0;6.0;NAO
3316785;4205403316785;42;420540;;WALDIR ANTONIO ZUCCO;CLINICA ZUCCO;;;M;;;M ;MUNICIPAL;4;22;88030370;RUA PROF MADEIRA NEVES;62;CENTRO;(48) 32233133;-27.588672;-48.546055;4.0;ATENDIMENTO NOS TURNOS DA MANHA, TARDE E NOITE;;;4000.0;0.0;0.0;0.0;0.0;1.0;0.0;;NAO
990434;3113200990434;31;311320;;GLAUCIA MARIA DE ARAUJO CARVALHO OLIVEIRA;PRO CURATIVOS;;;M;;;M ;MUNICIPAL;4;22;36284097;RUA COLETOR CLOVIS TEIXEIRA DE CARVALHO;375;ROSARIO;;-20.9521017855;-43.8033056259;3.0;ATENDIMENTOS NOS TURNOS DA MANHA E A TARDE;;;4000.0;0.0;0.0;0.0;0.0;0.0;0.0;;NAO
185493;3550300185493;35;355030;;T WESTPHAL ODONTOLOGIA LIMITADA;T WESTPHAL ODONTOLOGIA;;;M;;;M ;MUNICIPAL;4;36;1311921;AV PAULISTA;1159;BELA VISTA;;-23.5642;-46.6533;3.0;ATENDIMENTOS NOS TURNOS DA MANHA E A TARDE;36807713000109.0;;2062.0;0.0;0.0;0.0;0.0;1.0;0.0;;NAO
7078625;2108407078625;21;210840;41611856000180.0;PREFEITURA MUNICIPAL DE PERI MIRIM;UNIDADE BASICA DE SAUDE SIBELE PENHA;;;M;;;M ;MUNICIPAL;4;2;65245000;POVOADO JUSSARAL;S/N;ZONA RURAL;9882874183;-2.568699;-44.831709;3.0;ATENDIMENTOS NOS TURNOS DA MANHA E A TARDE;;money.chrystian@gmail.com;1244.0;0.0;0.0;0.0;0.0;1.0;0.0;;SIM
5983282;4319405983282;43;431940;;JOSIANE SKREBSKY CLERICI;CONSULTORIO MEDICO JOSIANE SKREBSKY CLERICI;;;M;;;M ;MUNICIPAL;4;22;97400000;RUA SILVA JARDIM;877;CENTRO;(55) 3276.1662;-29.619318448;-54.1789269447;2.0;ATENDIMENTO SOMENTE A TARDE;;josia@terra.com.br;4000.0;0.0;0.0;0.0;0.0;0.0;0.0;;NAO
6395473;3534406395473;35;353440;;MARGARETE PEROLA BYINGTON ARAUJO DE LACERDA;MARGARETE PEROLA BYINGTON ARAUJO DE LACERDA;;;M;;;M ;MUNICIPAL;4;22;6210008;AV OSWALDO COLINO;444;PRESIDENTE ALTINO;11 3681-6328;-23.53104;-46.78629;3.0;ATENDIMENTOS NOS TURNOS DA MANHA E A TARDE;;margaretebyington@gmail.com;4000.0;0.0;0.0;0.0;0.0;1.0;0.0;;NAO
2726289;2313402726289;23;231340;7735178000120.0;PREF MUN TIANGUA;U B S DA FAMILIA DE FRECHEIRAS POETA LAURO MENEZES;;;M;;;M ;MUNICIPAL;4;2;62320555;RUA JOSE SERGIO DA SILVA;S/N;FRECHEIRAS;;-3.7438425698;-40.9860420227;3.0;ATENDIMENTOS NOS TURNOS DA MANHA E A TARDE;;;1244.0;0.0;0.0;0.0;0.0;1.0;0.0;;SIM
9421084;5107609421084;51;510760;;RAFAEL SANTOS LIMA;RAFAEL SANTOS LIMA;;;M;;;M ;MUNICIPAL;4;22;78705025;RUA ACYR REZENDE DE S E SILVA;1962;VILA BIRIGUI;(66) 34269298;-16.462591468;-54.642380476;3.0;ATENDIMENTOS NOS TURNOS DA MANHA E A TARDE;;;4000.0;0.0;0.0;0.0;0.0;0.0;0.0;;NAO
9206744;2913309206744;29;291330;;DAIZE CEDRAZ CARNEIRO GONSALVES;CISO CONSULTORIO ICHUENSE DE SAUDE ORAL;;;M;;;M ;MUNICIPAL;4;22;48725000;RUA JUSTINIANO SOARES MILITAO;44;CENTRO;;-11.748176391;-39.1928243637;3.0;ATENDIMENTOS NOS TURNOS DA MANHA E A TARDE;;daize.cedraz@hotmail.com;4000.0;0.0;0.0;0.0;0.0;1.0;0.0;;NAO
2462583;2101602462583;21;210160;6769798000117.0;MUNICIPIO DE BARRA DO CORDA;HOSPITAL MATERNO INFANTIL;;;M;;;M ;MUNICIPAL;4;7;65950000;CANADA QUADRA P SETOR IIA;S/N;VILA CANADA;;-5.5103240295;-45.2526962757;6.0;ATENDIMENTO CONTINUO DE 24 HORAS/DIA (PLANTAO:INCLUI SABADOS, DOMINGOS E FERIADOS);;;1244.0;1.0;1.0;1.0;1.0;1.0;1.0;;SIM
4925327;2927404925327;29;292740;;INSTITUTO PUPA LTDA;INSTITUTO PUPA;;;M;;;M ;MUNICIPAL;4;36;41820500;ALAMEDA DAS ALGAROBAS;76;CAMINHO DAS ARVORES;71 997118906;-12.98575;-38.45706;3.0;ATENDIMENTOS NOS TURNOS DA MANHA E A TARDE;54099651000100.0;INSTITUTOPUPAOFICIAL@GMAIL.COM;2062.0;0.0;0.0;0.0;0.0;1.0;0.0;;NAO
4350065;3550304350065;35;355030;;B CLINIC ODONTOLOGIA E ESTETICA LTDA;B CLINIC ODONTOLOGIA E ESTETICA;;;M;;;M ;MUNICIPAL;4;22;3117000;RUA DO ORATORIO;287;MOOCA;;-23.5570311925;-46.5976629383;3.0;ATENDIMENTOS NOS TURNOS DA MANHA E A TARDE;49750430000110.0;biaczeck@hotmail.com;2062.0;0.0;0.0;0.0;0.0;0.0;0.0;;NAO
7837569;3530607837569;35;353060;;FONO SERVICE EIRELI;FONO SERVICE EIRELI ME;;;M;;;M ;MUNICIPAL;4;36;8710460;PRINCESA ISABEL DE BRAGANCA;230;CENTRO;11983280439;-23.5238102;-46.1966012;3.0;ATENDIMENTOS NOS TURNOS DA MANHA E A TARDE;22142706000120.0;fonoservice.contato@gmail.com;2062.0;0.0;0.0;0.0;0.0;0.0;0.0;;NAO
1060171;3550301060171;35;355030;;AF MODESTO ODONTOLOGIA LTDA CNPJ 43561321000178;AF MODESTO ODONTOLOGIA LTDA;;;M;;;M ;MUNICIPAL;4;22;5634060;R MIN HEITOR BASTOS TIGRE;201;JARDIM MONTE KEMEL;(11) 99449-1460;-23.548;-46.636;3.0;ATENDIMENTOS NOS TURNOS DA MANHA E A TARDE;;modestoaline@outlook.com;2062.0;0.0;0.0;0.0;0.0;0.0;0.0;8.0;NAO
951536;2306400951536;23;230640;;DASS NORDESTE CALCADOS E ARTIGOS ESPORTIVOS S A;DASS NORDESTE CALCADOS E ARTIGOS ESPORTIVOS S A;;;M;;;M ;MUNICIPAL;4;22;62500001;RUA DA UNIVERSIDADE;406;MADALENA;36315850;-3.490775;-39.568036;4.0;ATENDIMENTO NOS TURNOS DA MANHA, TARDE E NOITE;1287588000250.0;;2054.0;0.0;0.0;0.0;0.0;1.0;0.0;;NAO
4499832;4105504499832;41;410550;;CLINICA MEDICA DRA MARIANA LTDA;CLINICA DO RIM;;;M;;;M ;MUNICIPAL;4;22;87200099;ESPIRITO SANTO;225;ZONA 01;44 34011793;-23.6571932547;-52.6150640901;1.0;ATENDIMENTO SOMENTE PELA MANHA;53030994000155.0;CLINICA.MPAV@GMAIL.COM;2062.0;0.0;0.0;0.0;0.0;0.0;0.0;;NAO
6470149;3511006470149;35;351100;;A L DE SOUZA ACADEMIA;ESPACO MULHER;;;M;;;M ;MUNICIPAL;4;22;16920019;AV SAMIRA ZAHR;710;CENTRO;3741-1692;-20.8731277737;-51.4905381203;4.0;ATENDIMENTO NOS TURNOS DA MANHA, TARDE E NOITE;11052299000144.0;deialso@@hotmail.com;2135.0;0.0;0.0;0.0;0.0;0.0;0.0;;NAO
9574018;3169709574018;31;316970;;CLINICA MEDICA CRESCENDO COM SAUDE S S LTDA;CLINICA MEDICA CRESCENDO COM SAUDE SS LTDA;;;M;;;M ;MUNICIPAL;4;22;39660000;CACARATIBA;206;CENTRO;38 91327236;-17.2866667;-42.7329312;3.0;ATENDIMENTOS NOS TURNOS DA MANHA E A TARDE;24807183000110.0;clinicamedicacrescendocomsaude@gmail.com;2240.0;0.0;0.0;0.0;0.0;0.0;0.0;10.0;NAO
5529891;3510505529891;35;351050;;ILKA YUMI NAKAMURA;ILKA YUMI NAKAMURA;;;M;;;M ;MUNICIPAL;4;22;11660660;AVENIDA BAHIA;341;JARDIM PRIMAVERA;38839550;;;4.0;ATENDIMENTO NOS TURNOS DA MANHA, TARDE E NOITE;;ilkanakamura@gmail.com;4000.0;0.0;0.0;0.0;0.0;1.0;0.0;4.0;NAO
6281370;3302406281370;33;330240;;PATHOLOGY LABORATORIO LTDA;PATHOLOGY LABORATORIO DE ANATOMIA PATOLOGICA E CITOPATOLOGIA;;;M;;;M ;MUNICIPAL;4;39;27910230;RUA EUZEBIO DE QUEIROZ;516;CENTRO;22 2765 2694;-22.3755156998;-41.7804694176;3.0;ATENDIMENTOS NOS TURNOS DA MANHA E A TARDE;10684230000170.0;carlamarceli@yahoo.com.br;2062.0;0.0;0.0;0.0;0.0;0.0;0.0;;NAO
9595481;4204309595481;42;420430;;CLINICA LANGONE LTDA;CLINICA LANGONE;;;M;;;M ;MUNICIPAL;4;22;89700005;ATALIPIO MAGARINOS;438;CENTRO;34412744;-27.2328623666;-52.0266366005;3.0;ATENDIMENTOS NOS TURNOS DA MANHA E A TARDE;26455426000123.0;;2062.0;0.0;0.0;0.0;0.0;0.0;0.0;;NAO
9222634;2911709222634;29;291170;;MARIA AMELIA DE SOUZA OLIVEIRA;CONSULTORIO DE PSICOLOGIA;;;M;;;M ;MUNICIPAL;4;22;46430000;PRACA JOSE FERREIRA;22;CENTRO;;-14.22675;-42.78509;3.0;ATENDIMENTOS NOS TURNOS DA MANHA E A TARDE;;;4000.0;0.0;0.0;0.0;0.0;1.0;0.0;;NAO
9814825;3526909814825;35;352690;;MEDCIN LABORATORIO DE ANALISES CLINICAS LTDA;MEDCIN LIMEIRA;;;M;;;M ;MUNICIPAL;4;39;13480756;RUA DR TRAJANO DE BARROS CAMARGO;1398;CENTRO;(19) 3451 0999;-22.5587356686;-47.4061346054;3.0;ATENDIMENTOS NOS TURNOS DA MANHA E A TARDE;52156692000246.0;medcin.limeira@gmail.com;2062.0;0.0;0.0;0.0;0.0;1.0;0.0;4.0;NAO
6173861;4314906173861;43;431490;;ANGELO NIEMCZEWSKI BOBROWSKI;ANGELO NIEMCZEWSKI BOBROWSKI;;;M;;;M ;MUNICIPAL;4;22;90160090;AV IPIRANGA;40;PRAIA DE BELAS;(51) 99537-2003;-30.0466022389;-51.2305681783;4.0;ATENDIMENTO NOS TURNOS DA MANHA, TARDE E NOITE;;angelob_odontologia@live.com;4000.0;0.0;0.0;0.0;0.0;0.0;0.0;;NAO
4226356;3300404226356;33;330040;;OFS RJ LTDA;DROGARIA MODERNA FILIAL;;;M;;;M ;MUNICIPAL;4;43;27330041;JOAQUIM LEITE;57;CENTRO;;-22.5458726;-44.168092;3.0;ATENDIMENTOS NOS TURNOS DA MANHA E A TARDE;4779685003192.0;;2062.0;;;;;0.0;0.0;;NAO
7497288;3548907497288;35;354890;;CLINICA SAO GABRIEL S S LTDA;CLINICA SAO GABRIEL;;;M;;;M ;MUNICIPAL;4;4;13560647;RUA TREZE DE MAIO;1385;JARDIM SAO CARLOS;16 33367962;-22.0186177322;-47.8851127625;3.0;ATENDIMENTOS NOS TURNOS DA MANHA E A TARDE;6053171000165.0;escritoriofais@escritoriofais.com.br;2240.0;0.0;0.0;0.0;0.0;0.0;0.0;;NAO
5554063;3205305554063;32;320530;;MARIA DA PENHA GUARCONI ODONTO LTDA;MARIA DA PENHA GUARCONI ODONTOPEDIATRIA;;;M;;;M ;MUNICIPAL;4;22;29055170;PRACA SAN MARTIN;84;PRAIA DO CANTO;27 - 33252217;-20.3016566174;-40.2981090546;3.0;ATENDIMENTOS NOS TURNOS DA MANHA E A TARDE;30547926000162.0;mpguarconi@hotmail.com;2062.0;0.0;0.0;0.0;0.0;1.0;0.0;;NAO
4905172;4108304905172;41;410830;;RL NUTRICAO LTDA;RL NUTRICAO;;;M;;;M ;MUNICIPAL;4;22;85861528;AVENIDA GARIBALDI;1114;LANCASTER;45- 99912- 1308;-25.5007608611;-54.5567158015;3.0;ATENDIMENTOS NOS TURNOS DA MANHA E A TARDE;48002726000190.0;RLNUTRICAO2022@GMAIL.COM;2062.0;0.0;0.0;0.0;0.0;0.0;0.0;;NAO
7992696;4305107992696;43;430510;;ASS DE PAIS E AMIGOS DOS DEFIC VISUAIS DE CAXIAS DO SUL;APADEV;;;M;;;M ;MUNICIPAL;4;22;95080000;RUA LUIZ ANTUNES;899;PANAZZOLO;5432132323;-29.18157025;-51.1810272731;3.0;ATENDIMENTOS NOS TURNOS DA MANHA E A TARDE;88708532000129.0;apadev@apadev.org.br;3999.0;0.0;0.0;0.0;0.0;0.0;0.0;;NAO
7614039;2408107614039;24;240810;;JORDAN DE GUSMAO;CONSULTORIO DR JORDAN DE GUSMAO;;;M;;;M ;MUNICIPAL;4;22;59020110;R ACU;669;TIROL;32221863;;;1.0;ATENDIMENTO SOMENTE PELA MANHA;;;4000.0;0.0;0.0;0.0;0.0;0.0;0.0;8.0;NAO
1121723;2927401121723;29;292740;;DIRCEU LEAL DE MACEDO LAGOS BISET;DIRCEU LEAL DE MACEDO LAGOS BISET;;;M;;;M ;MUNICIPAL;4;22;40110010;RUA MARECHAL FLORIANO N19;19;CANELA;(11)93006-5600;-13.0152829734;-38.4876394272;3.0;ATENDIMENTOS NOS TURNOS DA MANHA E A TARDE;;DIRCEUBISET007@GMAIL.COM 7Deb4aff;4000.0;0.0;0.0;0.0;0.0;0.0;0.0;8.0;NAO
7927118;2304407927118;23;230440;;FRANCISCO DE OLIVEIRA LIMA FILHO;FRANCISCO DE OLIVEIRA LIMA FILHO;;;M;;;M ;MUNICIPAL;4;22;60160281;RUA COSTA BARROS;915;CENTRO;85 32511859;-3.729012;-38.515619;3.0;ATENDIMENTOS NOS TURNOS DA MANHA E A TARDE;;francisco.filho@gmail.com;4000.0;0.0;0.0;0.0;0.0;0.0;0.0;;NAO
6148336;3550306148336;35;355030;46392130000380.0;PREFEITURA DO MUNICIPIO DE SAO PAULO;AMA ESPECIALIDADES PARQUE PERUCHE;;;M;;;M ;MUNICIPAL;4;4;2538010;RUA JOSE RANGEL DE CAMARGO;500;PQ PERUCHE;5237-4292;-23.49711;-46.65527;4.0;ATENDIMENTO NOS TURNOS DA MANHA, TARDE E NOITE;;amapp@prefeitura.sp.gov.br,amae.peruche@saudedafamilia.org;1031.0;0.0;0.0;0.0;0.0;0.0;0.0;;SIM
2784351;4128502784351;41;412850;76920800000192.0;PREFEITURA MUNICIPAL DE WENCESLAU BRAZ;CENTRO DE SAUDE DE WENCESLAU BRAZ;;;D;;;D ;DUPLA;4;2;84950000;RUA GOIAS;07;CENTRO;(43)5281483;-23.8720834122;-49.8028922081;3.0;ATENDIMENTOS NOS TURNOS DA MANHA E A TARDE;;secsaudewb@wbinterline.com.br;1244.0;0.0;0.0;0.0;0.0;1.0;0.0;4.0;NAO
4126777;3304554126777;33;330455;;JONY JABOUR FELIX;JONY JABOUR FELIX;;;M;;;M ;MUNICIPAL;4;22;20520050;RUA CONDE DE BONFIM;211;TIJUCA;21 2264-0041;-22.924244;-43.2282;2.0;ATENDIMENTO SOMENTE A TARDE;;jonyjabour@hotmail.com;4000.0;0.0;0.0;0.0;0.0;0.0;0.0;;NAO
7913117;2510807913117;25;251080;;RUBEM DARLLYSON C DE ARAUJO ROCHA ME;PSIQUIATRIA CLINICA;;;M;;;M ;MUNICIPAL;4;36;58700480;RUA GALIN ASSIS;93;BRASILIA;;-7.0286768206;-37.2746855021;1.0;ATENDIMENTO SOMENTE PELA MANHA;24033199000112.0;;2135.0;0.0;0.0;0.0;0.0;0.0;0.0;4.0;NAO
9196536;3550309196536;35;355030;;AOMEDICO SERVICOS MEDICOS LTDA ME;AOMEDICO SERVICOS MEDICOS;;;M;;;M ;MUNICIPAL;4;36;1013904;RUA QUINZE DE NOVEMBRO;184;CENTRO;1131043833;;;3.0;ATENDIMENTOS NOS TURNOS DA MANHA E A TARDE;26189781000106.0;eduardo@aomedico.com.br;2062.0;0.0;0.0;0.0;0.0;1.0;0.0;8.0;NAO
4893905;4106904893905;41;410690;;MILANI SERVICOS MEDICOS S S;MILANI SERVICOS MEDICOS;;;M;;;M ;MUNICIPAL;4;22;80730001;PADRE ANCHIETA;2540;BIGORRILHO;41 99753007;-25.4340687;-49.3027883865;3.0;ATENDIMENTOS NOS TURNOS DA MANHA E A TARDE;42478840000104.0;RODRIGO.MILANI@SBCCV.ORG.BR;2232.0;0.0;0.0;0.0;0.0;0.0;0.0;;NAO
255696;3106200255696;31;310620;;TALITHA MELO RABELLO SAUDE LTDA;SANTA SAUDE;;;M;;;M ;MUNICIPAL;4;36;30575817;R DENER CUNHA PEIXOTO;11;BURITIS;3199735007;-19.979621;-43.974999;3.0;ATENDIMENTOS NOS TURNOS DA MANHA E A TARDE;36517535000181.0;TALITHAMELLO@GMAIL.COM;2240.0;0.0;0.0;0.0;0.0;0.0;0.0;;NAO
9387196;2307659387196;23;230765;;VERONICA PURCARU ME;PET SHOP BICHO LINDO;;;M;;;M ;MUNICIPAL;4;22;61900540;VII CJ JEREISSATI I;417;JEREISSATI I;85 33822072;;;3.0;ATENDIMENTOS NOS TURNOS DA MANHA E A TARDE;23863248000181.0;vepurcaru@bol.com.br;2135.0;0.0;0.0;0.0;0.0;0.0;0.0;7.0;NAO
5744490;2204005744490;22;220400;1749840000114.0;SECRETARIA MUNICIPAL DE SAUDE E SANEAMENTO SMS;ACADEMIA PARQUE ECOLOGICO CHAPADA DO BREJO;;;M;;;M ;MUNICIPAL;4;74;64520000;CHAPADA DO BREJO;S/N;RURAL;;-6.3969549101;-42.2620654106;3.0;ATENDIMENTOS NOS TURNOS DA MANHA E A TARDE;;;1031.0;;;;;1.0;0.0;;NAO
7266227;2607207266227;26;260720;;PETROBRAS TRANSPORTE S A TRANSPETRO;AMBULATORIO TRANSPETRO TA SUAPE;;;M;;;M ;MUNICIPAL;4;22;55598000;RODOVIA PE 60 KM 10;001;SUAPE;;-8.36318;-35.00884;4.0;ATENDIMENTO NOS TURNOS DA MANHA, TARDE E NOITE;2709449004901.0;;2054.0;0.0;0.0;0.0;0.0;1.0;0.0;;NAO
7402309;4308507402309;43;430850;;IVECIO A LISOT;CONSULTORIO ODONTOLOGICO IVECIO A LISOT;;;M;;;M ;MUNICIPAL;4;22;98400000;RUA DO COMERCIO;467;CENTRO;;-27.3601631;-53.3964085;3.0;ATENDIMENTOS NOS TURNOS DA MANHA E A TARDE;;;4000.0;0.0;0.0;0.0;0.0;1.0;0.0;10.0;NAO
6710956;3530606710956;35;353060;;NILZA ETSUKO KONNO;NILZA ETSUKO KONNO;;;M;;;M ;MUNICIPAL;4;22;8710430;RUA DOUTOR DEODATO WETHEIMER;1352;CENTRO;27589416;;;3.0;ATENDIMENTOS NOS TURNOS DA MANHA E A TARDE;;ansumie@gmail.com;4000.0;0.0;0.0;0.0;0.0;0.0;0.0;4.0;NAO
6515916;3548706515916;35;354870;;GODERPE ATENDIMENTO MEDICO LTDA;GODERPE ATENDIMENTO MEDICO LTDA;;;M;;;M ;MUNICIPAL;4;22;9715000;RUA JOAO PESSOA;320;CENTRO;41216200;-23.7103862475;-46.5487383577;3.0;ATENDIMENTOS NOS TURNOS DA MANHA E A TARDE;53724605000191.0;lcabarbosa@uol.com.br;2062.0;0.0;0.0;0.0;0.0;0.0;0.0;;NAO
7234007;4306107234007;43;430610;;DANIELE PEREIRA NADALIN;DANIELE PEREIRA NADALIN;;;M;;;M ;MUNICIPAL;4;22;98005970;PROCOPIO GOMES;933;CENTRO;55 33228144;-28.6389617022;-53.6061573029;3.0;ATENDIMENTOS NOS TURNOS DA MANHA E A TARDE;;;4000.0;0.0;0.0;0.0;0.0;0.0;0.0;;NAO
4478126;1300904478126;13;130090;4247441000143.0;MUNICIPIO DE CANUTAMA;UBS CHAGAS PONTES;;;M;;;M ;MUNICIPAL;4;2;69820000;RUA ALUISIO SANTOS;S/N;NOSSA SENHORA APAREC;;-6.526124;-64.386533;3.0;ATENDIMENTOS NOS TURNOS DA MANHA E A TARDE;;secretariasemsa@outlook.com;1244.0;0.0;0.0;0.0;0.0;1.0;0.0;;SIM
7485328;2308107485328;23;230810;7655269000155.0;PREFEITURA MUNICIPAL DE MAURITI;SECRETARIA MUNICIPAL DA SAUDE DE MAURITI;;;M;;;M ;MUNICIPAL;4;68;63210000;AV BURITI GRANDE;S/N;CENTRO;;-7.382668;-38.7857679;3.0;ATENDIMENTOS NOS TURNOS DA MANHA E A TARDE;;;1244.0;;;;;1.0;0.0;;SIM
7385498;2304207385498;23;230420;;CICERO RICARDO TEXEIRA OLIVEIRA ME;LABORATORIO DE PROTESE DENTARIA MCM;;;M;;;M ;MUNICIPAL;4;39;63101310;AV DUQUE DE CAXIAS;714;CENTRO;88 988089700;-7.2356580694;-39.4096326828;3.0;ATENDIMENTOS NOS TURNOS DA MANHA E A TARDE;16704651000100.0;mato-ocara@hotmail.com;2135.0;0.0;0.0;0.0;0.0;0.0;0.0;;NAO
9656731;3203409656731;32;320340;;UNIDROGA MEDICAMENTOS LTDA;UNIDROGA;;;M;;;M ;MUNICIPAL;4;43;29400000;RUA DOUTOR JOSE MONTEIRO DA SILVA;19;CENTRO;;-21.0663953;-41.3583738;4.0;ATENDIMENTO NOS TURNOS DA MANHA, TARDE E NOITE;30677900000139.0;;2062.0;0.0;0.0;0.0;0.0;1.0;0.0;;NAO
1136577;3304551136577;33;330455;;CHRISTINA MARTINS DE SOUZA;CHRISTINA MARTINS DE SOUZA;;;M;;;M ;MUNICIPAL;4;22;22020001;AVENIDA NOSSA SENHORA DE COPACABANA;330;COPACABANA;;-22.9700994698;-43.1858003867;3.0;ATENDIMENTOS NOS TURNOS DA MANHA E A TARDE;;Chris.souzanutri@gmail.com;4000.0;0.0;0.0;0.0;0.0;0.0;0.0;;NAO
3710289;3550303710289;35;355030;;MANOEL MARTIN FILHO;CLINICA ESPEC MANOEL MARTIN FILHO;;;M;;;M ;MUNICIPAL;4;22;4524001;ALAMEDA DOS ARAPANES;881;MOEMA;(11)50553574;-23.6053704;-46.6655051;2.0;ATENDIMENTO SOMENTE A TARDE;;manoelmartin@ajato.com.br;4000.0;0.0;0.0;0.0;0.0;0.0;0.0;;NAO
485764;2103250485764;21;210325;1610134000197.0;PREFEITURA MUNICIPAL DE CIDELANDIA;CENTRAL IMUNIZACAO DE REDE DE FRIO DE CIDELANDIA;;;M;;;M ;MUNICIPAL;4;84;65921000;AV PRESIDENTE MEDICI;S/N;CENTRO;;-5.17742122;-47.78423225;3.0;ATENDIMENTOS NOS TURNOS DA MANHA E A TARDE;;;1244.0;0.0;0.0;0.0;0.0;0.0;0.0;;SIM
9726799;5300109726799;53;530010;;R P DE ARAUJO CONSULTORIA E ASSESSORIA NUTRICIONAL;RENO ARAUJO NUTRICAO PERSONALIZADA;;;E;;;E ;ESTADUAL;4;22;70830301;SGAN 607 CONJUNTO A BLOCO A CONSULTORIO;113;ASA NORTE;61 33493885;-15.765277;-47.875711;3.0;ATENDIMENTOS NOS TURNOS DA MANHA E A TARDE;32574505000156.0;RENONUTRICAO@GMAIL.COM;2135.0;0.0;0.0;0.0;0.0;0.0;0.0;;NAO
400343;2927400400343;29;292740;;LABCHECAP LABORATORIOS DE ANALISES CLINICAS LTDA;LABCHECAP;;;M;;;M ;MUNICIPAL;4;39;40295050;SANTA LUZIA;642;HORTO FLORESTAL;71 3037-1223;-12.6955561;-38.32559716;3.0;ATENDIMENTOS NOS TURNOS DA MANHA E A TARDE;13503479004541.0;adm@labchecap.com.br;2062.0;0.0;0.0;0.0;0.0;0.0;0.0;;NAO
4123190;3548904123190;35;354890;;SIM SERVICO DE INFUSAO DE MEDICAMENTOS LTDA;SIM SERVICO DE INFUSAO DE MEDICAMENTOS;;;M;;;M ;MUNICIPAL;4;36;13560251;AVENIDA DOUTOR CARLOS BOTELHO;2657;CENTRO;16 35194444;-22.0114255;-47.8986855;3.0;ATENDIMENTOS NOS TURNOS DA MANHA E A TARDE;46464496000236.0;JOVANI.TASCHETTI@PROCTOGASTROCLINICA.COM.BR;2062.0;0.0;0.0;0.0;0.0;0.0;0.0;;NAO
9394028;5101809394028;51;510180;;DROGARIA SILVEIRA LTDA ME;DROGARIA CENTRAL;;;M;;;M ;MUNICIPAL;4;43;78600000;MINISTRO JOAO ALBERTO;662;CENTRO;66 4011724;-15.8912673;-52.2623323;3.0;ATENDIMENTOS NOS TURNOS DA MANHA E A TARDE;5117037000118.0;;2062.0;;;;;0.0;0.0;10.0;NAO
7764782;2611607764782;26;261160;;DIAGMAX DIAGNOSTICOS POR IMAGEM LTDA EPP;DIAGMAX;;;M;;;M ;MUNICIPAL;4;36;51110160;AV REPUBLICA DO LIBANO;251;PINA;81 21275500;-8.08127;-34.8915716;4.0;ATENDIMENTO NOS TURNOS DA MANHA, TARDE E NOITE;4907130000325.0;CONTATO@DIAGMAX.COM;2062.0;0.0;0.0;0.0;0.0;1.0;0.0;;NAO
9519610;2800309519610;28;280030;;GRUPO DE APOIO A CRIANCA COM CANCER DE SERGIPE GACC SE;GRUPO DE APOIO A CRIANCA COM CANCER SE;;;M;;;M ;MUNICIPAL;4;36;49055540;PORTO DA FOLHA;1140;GETULIO VARGAS;79 32115642;-10.9180623928;-37.0633379352;3.0;ATENDIMENTOS NOS TURNOS DA MANHA E A TARDE;3628747000268.0;diretoria@gacc-se.org.br;3999.0;0.0;0.0;0.0;0.0;0.0;0.0;;NAO
4970349;3163704970349;31;316370;;CLINICA DRA JULIANA ANTUNES LTDA;DRA JULIANA ANTUNES;;;M;;;M ;MUNICIPAL;4;22;37470000;MELO VIANA;91;CENTRO;;-22.117747569;-45.0539875031;3.0;ATENDIMENTOS NOS TURNOS DA MANHA E A TARDE;58579661000101.0;;2062.0;0.0;0.0;0.0;0.0;1.0;0.0;;NAO
7891334;3529007891334;35;352900;;ANA PAULA GIMENES BENEZ;CONSULTORIO DRA ANA PAULA GIMENES BENEZ;;;M;;;M ;MUNICIPAL;4;22;17515430;AV BRIGADEIRO EDUARDO GOMES;388;MARIA IZABEL;(14) 3221-5270;-22.2115088;-49.9389379;3.0;ATENDIMENTOS NOS TURNOS DA MANHA E A TARDE;;abenez@outlook.com;4000.0;0.0;0.0;0.0;0.0;0.0;0.0;4.0;NAO
1155563;3550301155563;35;355030;;JULIANA ROMANI DELGADO;JULIANA ROMANI DELGADO;;;M;;;M ;MUNICIPAL;4;22;3118030;RUA GUAIMBE;713;MOOCA;;-23.8858376999;-46.5380859375;3.0;ATENDIMENTOS NOS TURNOS DA MANHA E A TARDE;;;4000.0;0.0;0.0;0.0;0.0;0.0;0.0;;NAO
4848675;3550304848675;35;355030;;LRA CLINICA AVANCADA LTDA;LRA CLINICA AVANCADA;;;M;;;M ;MUNICIPAL;4;36;4543011;AVENIDA PRESIDENTE JUSCELINO KUBITSCHEK;1545;VILA NOVA CONCEICAO;;-23.5915055981;-46.6840665738;4.0;ATENDIMENTO NOS TURNOS DA MANHA, TARDE E NOITE;50220991000196.0;;2062.0;0.0;0.0;0.0;0.0;0.0;0.0;;NAO
9996885;5208709996885;52;520870;;LORRAINE FERREIRA DA COSTA;CURAE ESPECIALIDADES EM SAUDE;;;M;;;M ;MUNICIPAL;4;36;74115060;RUA 5;691;SETOR OESTE;62 - 982225360;-16.6875015056;-49.2565155029;3.0;ATENDIMENTOS NOS TURNOS DA MANHA E A TARDE;32249305000128.0;lorr4inne@hotmail.com;2135.0;0.0;0.0;0.0;0.0;1.0;0.0;;NAO
9414541;5211509414541;52;521150;;ALVES E ALVES SERVICOS LABORATORIAIS LTDA ME;BIO DIAGNOSTICOS;;;M;;;M ;MUNICIPAL;4;39;75523190;JOAO HENRIQUE DUARTE;S/N;ALTO DA BOA VISTA;(64) 3431-0293;-18.4127625706;-49.2066907883;3.0;ATENDIMENTOS NOS TURNOS DA MANHA E A TARDE;29286814000116.0;;2062.0;0.0;0.0;0.0;0.0;1.0;0.0;;SIM
4596951;1507604596951;15;150760;5193073000160.0;PREFEITURA DE SAO MIGUEL DO GUAMA;UOM UNIDADE ODONTOLOGICA MOVEL;;;M;;;M ;MUNICIPAL;4;40;68660000;AV AMERICO LOES;262;SAO MANOEL;34462786;-1.617549;-47.482457;3.0;ATENDIMENTOS NOS TURNOS DA MANHA E A TARDE;;SMSAUDEGUAMA@GMAIL.COM;1244.0;0.0;0.0;0.0;0.0;1.0;0.0;;NAO
4108256;3549404108256;35;354940;;ALINE DE PAULA RODRIGUES PSICOLOGIA;ALINE DE PAULA RODRIGUES PSICOLOGIA;;;M;;;M ;MUNICIPAL;4;22;14600000;RUA MATO GROSSO;486;CENTRO;;-20.5856661494;-47.8605008125;3.0;ATENDIMENTOS NOS TURNOS DA MANHA E A TARDE;49458525000164.0;;2135.0;0.0;0.0;0.0;0.0;0.0;0.0;;NAO
792616;2927400792616;29;292740;;H G C COMERCIO VAREJISTA DE REMEDIO LTDA;FARMACIA ULTRA POPULAR;;;M;;;M ;MUNICIPAL;4;43;40230680;SERGIO DE CARVALHO;26;FEDERACAO;71 33341460;-12.9937066042;-38.5072302818;3.0;ATENDIMENTOS NOS TURNOS DA MANHA E A TARDE;23647000000183.0;bettocontabil@superig.com.br;2062.0;;;;;0.0;0.0;;NAO
7788614;1302607788614;13;130260;4312401000138.0;SECRETARIA DE ESTADO DE JUSTICA DIREITOS HUMANOS E CIDADANIA;CENTRO SOCIOEDUCATIVO SENADOR RAIMUNDO PARENTE;;;M;;;M ;MUNICIPAL;4;2;69097127;RUA 157;2748;CIDADE NOVA;92984836456;-3.0302509413;-59.9692153868;3.0;ATENDIMENTOS NOS TURNOS DA MANHA E A TARDE;;senador.cse@hotmail.com;1023.0;0.0;0.0;0.0;0.0;1.0;0.0;;NAO
6408087;3129506408087;31;312950;;CLINICA DE FISIOTERAPIA DR SAULO SANTOS S C LTDA;CLINICA DE FISIOTERAPIA DR SAULO SANTOS;;;M;;;M ;MUNICIPAL;4;22;38950000;AV JOSE CAMBRAIA;264;SANTA CRUZ;;-19.4867411202;-46.5426778793;1.0;ATENDIMENTO SOMENTE PELA MANHA;1560351000110.0;saulosantos101@hotmail.com;2240.0;0.0;0.0;0.0;0.0;0.0;0.0;;NAO
4476638;3513804476638;35;351380;;SEMEAR ESPACO MULTIDISCIPLINAR LTDA;SEMEAR ESPACO MULTIDISCIPLINAR;;;M;;;M ;MUNICIPAL;4;22;9910170;AVENIDA ALDA;633;PQ 7 DE SETEMBRO;1140441913/932937443;-23.7021082;-46.6259397;4.0;ATENDIMENTO NOS TURNOS DA MANHA, TARDE E NOITE;49523185000108.0;contato@contass.com.br / admsemear633@gmail.com;2062.0;0.0;0.0;0.0;0.0;1.0;0.0;;NAO
3793982;3550303793982;35;355030;;AZZO WIDMAN;CONS MEDICO AZZO WIDMAN;;;M;;;M ;MUNICIPAL;4;22;5406000;RUA TEODORO SAMPAIO;352;PINHEIROS;11 30630970;-23.5554;-46.6745499;3.0;ATENDIMENTOS NOS TURNOS DA MANHA E A TARDE;;;4000.0;0.0;0.0;0.0;0.0;0.0;0.0;;NAO
2073110;3527102073110;35;352710;;SODRE E SODRE;LABORATORIO SODRE;;;M;;;M ;MUNICIPAL;4;39;16400105;RUA PEDRO DE TOLEDO;613;CENTRO;(14)35222633;;;3.0;ATENDIMENTOS NOS TURNOS DA MANHA E A TARDE;50841774000113.0;sodre@laboratoriosodre.com.br;2000.0;;;;;1.0;0.0;4.0;SIM
4094247;3534304094247;35;353430;;AMPLIODONTO ODONTOLOGIA E ESTETICA LTDA;AMPLIODONTO;;;M;;;M ;MUNICIPAL;4;22;14620000;QUATRO;948;CENTRO;16 92941988;-20.7257707;-47.8844398;3.0;ATENDIMENTOS NOS TURNOS DA MANHA E A TARDE;48713864000187.0;NEI.EXACTUS@HOTMAIL.COM;2062.0;0.0;0.0;0.0;0.0;0.0;0.0;;NAO
4919874;4301604919874;43;430160;;LAURA LACERDA PICON SERVICOS MEDICOS LTDA;LAURA LACERDA PICON SERVICOS MEDICOS;;;M;;;M ;MUNICIPAL;4;22;96400130;GOMES CARNEIRO;1350;CENTRO;51-96270410;-31.3261523;-54.1137351;3.0;ATENDIMENTOS NOS TURNOS DA MANHA E A TARDE;56019911000115.0;laura.s.lacerda1@gmail.com;2062.0;0.0;0.0;0.0;0.0;0.0;0.0;;NAO
7134487;4106907134487;41;410690;;KARLA MELISSA FRANCA;KARLA MELISSA FRANCA;;;M;;;M ;MUNICIPAL;4;22;82840320;RUA RIO GUAPORE;784;BAIRRO ALTO;41-33112565;-25.4011087827;-49.2045986652;3.0;ATENDIMENTOS NOS TURNOS DA MANHA E A TARDE;;karlamelissafranca@pop.com.br;4000.0;0.0;0.0;0.0;0.0;1.0;0.0;6.0;NAO
9881662;3111209881662;31;311120;;SANDRA MARTINS PARREIRA CIA LTDA;CONSULTORIO MARTINS;;;M;;;M ;MUNICIPAL;4;22;37270000;RUA QUINTINO BOCAIUVA;100;CENTRO;35 999364573;-20.8927927;-45.2733882;3.0;ATENDIMENTOS NOS TURNOS DA MANHA E A TARDE;17625515000180.0;sandramartins@gmail.com;2062.0;0.0;0.0;0.0;0.0;0.0;0.0;4.0;NAO
4270053;2911104270053;29;291110;13654454000128.0;MUNICIPIO DE FORMOSA DO RIO PRETO;UBS VIRGILIO ESTEFANELLO;;;M;;;M ;MUNICIPAL;4;2;47990000;VILA PANAMBI;S/N;ZONA RURAL;;-10.9506;-46.26331;3.0;ATENDIMENTOS NOS TURNOS DA MANHA E A TARDE;;;1244.0;0.0;0.0;0.0;0.0;0.0;0.0;7.0;NAO
5489768;3109005489768;31;310900;;PREVENT OCUPACIONAL MEDICINA E SEGURANCA DO TRABALHO S S LTD;PREVENT OCUPACIONAL SAUDE E SEGURANCA DO TRABALHO;;;M;;;M ;MUNICIPAL;4;36;32480034;DOUTOR VICTOR DE FREITAS;28;CENTRO;31 988595841;-20.1425679;-44.200837;3.0;ATENDIMENTOS NOS TURNOS DA MANHA E A TARDE;49611504000137.0;MICHELMACIEL@ME.COM;2240.0;0.0;0.0;0.0;0.0;0.0;0.0;;NAO
4723694;3524304723694;35;352430;;VIVIANE MARTINS DEL VECCHIO RECHE LTDA;VIVIANE MARTINS DEL VECCHIO RECHE LTDA;;;M;;;M ;MUNICIPAL;4;22;14870540;AV LIBERO BADARO;440;CENTRO;16 92059505;-21.2551342248;-48.3239865303;4.0;ATENDIMENTO NOS TURNOS DA MANHA, TARDE E NOITE;51409517000170.0;VIVIANEDELVECCHIO@HOTMAIL.COM;2062.0;0.0;0.0;0.0;0.0;1.0;0.0;;NAO
9102787;3550309102787;35;355030;;BRAZIL SENIOR LIVING S A;BRAZIL SENIOR LIVING;;;M;;;M ;MUNICIPAL;4;22;4614013;DEMOSTENES;748;CAMPO BELO;11 50547200;-23.61749355;-46.67278974;6.0;ATENDIMENTO CONTINUO DE 24 HORAS/DIA (PLANTAO:INCLUI SABADOS, DOMINGOS E FERIADOS);17070693000515.0;legalizacao@bslsaude.com.br;2062.0;0.0;0.0;0.0;0.0;1.0;0.0;;NAO
2622955;4209102622955;42;420910;79361028000104.0;JOINVILLE SECRETARIA DA SAUDE;UBSF JARDIM PARAISO CANTO DO RIO;;;M;;;M ;MUNICIPAL;4;2;89226500;ESTRADA TIMBE;8029;JARDIM PARAISO;(47) 34188236;-26.2172742;-48.8102296;3.0;ATENDIMENTOS NOS TURNOS DA MANHA E A TARDE;;ses.udl.ubcub@joinville.sc.gov.br;1031.0;0.0;0.0;0.0;0.0;1.0;0.0;;SIM
31992;1600300031992;16;160030;;R R DE SOUZA EIRELI;DR EXAME;;;M;;;M ;MUNICIPAL;4;22;68900092;RIO VILA NOVA;03;CENTRAL;96 91052929;0.0390100449;-51.0660839081;3.0;ATENDIMENTOS NOS TURNOS DA MANHA E A TARDE;27576835000302.0;;2062.0;0.0;0.0;0.0;0.0;0.0;0.0;;NAO
4074424;2909804074424;29;290980;;LABORATORIO BIOMEDICO DE ANALISE CLINICA LTDA;LABAP;;;M;;;M ;MUNICIPAL;4;39;44380000;RUA DESIDERIO BRANDAO;35;CENTRO;;-12.6690177;-39.1025745;3.0;ATENDIMENTOS NOS TURNOS DA MANHA E A TARDE;17553564000235.0;;2062.0;0.0;0.0;0.0;0.0;0.0;0.0;;SIM
8244391;3151808244391;31;315180;;DROGARIA MOREIRA E ALVES MOREIRA LTDA;DROGAPHARMA;;;M;;;M ;MUNICIPAL;4;43;37706146;GENTIL CASSARO;314;JARDIM PARAISO;35 37221330;-21.8243104424;-46.5568211205;4.0;ATENDIMENTO NOS TURNOS DA MANHA, TARDE E NOITE;13678808000174.0;DROGAPHARMA2012@HOTMAIL.COM;2062.0;;;;;0.0;0.0;;NAO
6829872;3548806829872;35;354880;;MIMPI CONSULTORIO PEDIATRICO LTDA;MIMPI CONSULTORIO PEDIATRICO LTDA;;;M;;;M ;MUNICIPAL;4;22;9541130;AV VITAL BRASIL FILHO;143;OLIMPICO;83851133;;;3.0;ATENDIMENTOS NOS TURNOS DA MANHA E A TARDE;13806842000187.0;;2062.0;0.0;0.0;0.0;0.0;0.0;0.0;10.0;NAO
4852958;2304404852958;23;230440;;L G SAUDE S S;L G;;;M;;;M ;MUNICIPAL;4;39;60115191;RUA MONSENHOR BRUNO;1153;ALDEOTA;85 99232-9779;-3.73296;-38.50935;3.0;ATENDIMENTOS NOS TURNOS DA MANHA E A TARDE;41090834000112.0;LEONARDOTEOTONIO@GMAIL.COM;2232.0;0.0;0.0;0.0;0.0;0.0;0.0;;NAO
8420033;3304558420033;33;330455;;D N CONSULTORIO DENTARIO DENTINHO LTDA;DENTINHO;;;M;;;M ;MUNICIPAL;4;36;23050360;RUA CORONEL AGOSTINHO;76;CAMPO GRANDE;21 2018-6199;-22.9039985664;-43.5596054792;3.0;ATENDIMENTOS NOS TURNOS DA MANHA E A TARDE;66997714000124.0;consultoriodentinhocg@gmail.com;2062.0;0.0;0.0;0.0;0.0;1.0;0.0;;NAO
817376;3518400817376;35;351840;;ALINE GABRIELE DOS SANTOS VILELA;CONSULTORIO DE PSICOLOGIA ALINE GABRIELE DOS SANTOS VILELA;;;M;;;M ;MUNICIPAL;4;22;12500040;RUA DOMINGOS RODRIGUES ALVES;115;CENTRO;12-991214621;-22.8156873;-45.1953213;4.0;ATENDIMENTO NOS TURNOS DA MANHA, TARDE E NOITE;;;4000.0;0.0;0.0;0.0;0.0;0.0;0.0;4.0;NAO
4693027;2313304693027;23;231330;7849532000147.0;MUNICIPIO DE TAUA;CENTRO DE REABILITACAO CER IV;;;M;;;M ;MUNICIPAL;4;36;63660000;AV CONVIVER;S/N;CONVIVER;8834374295;-5.9903672;-40.2973998;3.0;ATENDIMENTOS NOS TURNOS DA MANHA E A TARDE;;;1244.0;0.0;0.0;0.0;0.0;0.0;0.0;;SIM
7264569;3535107264569;35;353510;;PROTESE DENTARIA CATANDUVA LTDA ME;PROTESE DENTARIA CATANDUVA LTDA ME;;;M;;;M ;MUNICIPAL;4;39;15828000;BARAO DO RIO BRANCO;211;CENTRO;1797249438;-21.0842598301;-48.7994670868;3.0;ATENDIMENTOS NOS TURNOS DA MANHA E A TARDE;17586917000112.0;;2062.0;0.0;0.0;0.0;0.0;0.0;0.0;4.0;NAO
6857477;4317906857477;43;431790;;CONSULTORIO DE FISIOTERAPIA BEM VIVER ESPACO DA SAUDE LTDA;CONS DE FISIOTERAPIA BEM VIVER ESPACO DA SAUDE E BEM ESTAR;;;M;;;M ;MUNICIPAL;4;36;98960000;RUA AMANDAU;157;CENTRO;(55)3541-1234;-27.8219030679;-54.6674966812;3.0;ATENDIMENTOS NOS TURNOS DA MANHA E A TARDE;10778448000194.0;bemviverclin@hotmail.com;2062.0;0.0;0.0;0.0;0.0;0.0;0.0;;SIM
6281222;3164706281222;31;316470;;CLINICA GUTTIERREZ S S LTDA;CLINICA GUTTIERREZ;;;M;;;M ;MUNICIPAL;4;22;37957130;RUA PROFESSOR ALENCAR FRANCISCO DE ASSIS;52;MOCOQUINHA;35 3531 1100;-20.9170045763;-46.9909983873;3.0;ATENDIMENTOS NOS TURNOS DA MANHA E A TARDE;10756904000103.0;;2232.0;0.0;0.0;0.0;0.0;0.0;0.0;;NAO
4043251;3541404043251;35;354140;;HOLANDA E CAVALCANTE LTDA;INTEGRAR PSICOLOGIA E FONOAUDIOLOGIA;;;M;;;M ;MUNICIPAL;4;22;19050050;AV ONZE DE MAIO;1633;VILA FORMOSA;(18)99619-9810;-22.1289338;-51.4014499;3.0;ATENDIMENTOS NOS TURNOS DA MANHA E A TARDE;41402482000193.0;monicadehcd@hotmail.com;2062.0;0.0;0.0;0.0;0.0;0.0;0.0;;NAO
7944136;2111307944136;21;211130;;IMAGINE GINECOLOGIA DIAGNOSTICO POR IMAGEM EIRELI;IMAGINE;;;M;;;M ;MUNICIPAL;4;36;65076820;AVENIDA PROFESSOR CARLOS CUNHA EDF MEDICAL CENTE;01;JARACATY;(98) 3222 5166;-2.53794;-44.30374136;3.0;ATENDIMENTOS NOS TURNOS DA MANHA E A TARDE;23082674000188.0;atendimento@imagineclinica.com;2305.0;0.0;0.0;0.0;0.0;1.0;0.0;;NAO
7366752;3119307366752;31;311930;;PAULO FERNANDO CASTRO ROSA;CONSULTORIO ODONTOLOGICO PAULO FERNANDO;;;M;;;M ;MUNICIPAL;4;22;38550000;RUA GERSON CONTINHO DA SILVA;362;CENTRO;99830179;-18.4758643868;-47.201128006;3.0;ATENDIMENTOS NOS TURNOS DA MANHA E A TARDE;;;4000.0;0.0;0.0;0.0;0.0;1.0;0.0;10.0;NAO
7479913;2104007479913;21;210400;6376669000169.0;MUNICIPIO DE ESPERANTINOPOLIS;ACADEMIA DE SAUDE CENTRO;;;M;;;M ;MUNICIPAL;4;74;65750000;RUA COSTA E SILVA;S/N;CENTRO;;-4.8807367;-44.8730877;3.0;ATENDIMENTOS NOS TURNOS DA MANHA E A TARDE;;;1244.0;0.0;0.0;0.0;0.0;1.0;0.0;4.0;NAO
2028379;3537302028379;35;353730;49576416000141.0;PREFEITURA MUNICIPAL DE PENAPOLIS;MACRO I MUTIRAO;;;M;;;M ;MUNICIPAL;4;2;16308106;AVENIDA EUCLIDES GARCIA DO NASCIMENTO;546;JARDIM ELDORADO;(18) 3652-7106;-21.4086925;-50.0842425;3.0;ATENDIMENTOS NOS TURNOS DA MANHA E A TARDE;;macro1@penapolis.sp.gov.br;1244.0;0.0;0.0;0.0;0.0;1.0;0.0;;SIM
2361752;5201102361752;52;520110;1067479000146.0;PREFEITURA MUNICIPAL DE ANAPOLIS;UNIDADE DE SAUDE CAIS JARDIM PROGRESSO ANAPOLIS;;;M;;;M ;MUNICIPAL;4;4;75063500;RUA P032;S/N;JARDIM PROGRESSO;(62) 3902-2041;-16.285756306;-48.9593052864;6.0;ATENDIMENTO CONTINUO DE 24 HORAS/DIA (PLANTAO:INCLUI SABADOS, DOMINGOS E FERIADOS);;caisprogresso@anapolis.go.gov.br;1244.0;0.0;0.0;0.0;0.0;1.0;0.0;10.0;SIM
3121607;3148103121607;31;314810;;FERNANDO GONCALVES DOS REIS;FERNANDO GONCALVES DOS REIS;;;M;;;M ;MUNICIPAL;4;22;38740120;AV RUI BARBOSA;621;CENTRO;;-18.9419295428;-46.992816925;3.0;ATENDIMENTOS NOS TURNOS DA MANHA E A TARDE;;;4000.0;0.0;0.0;0.0;0.0;0.0;0.0;;NAO
9218742;3550309218742;35;355030;;VIVIANE ROSA DA CRUZ;CONS ODONTO VIVIANE ROSA DA CRUZ;;;M;;;M ;MUNICIPAL;4;22;4561004;RUA GUARARAPES;1894;BROKLIN NOVO;11 5102-4760;;;3.0;ATENDIMENTOS NOS TURNOS DA MANHA E A TARDE;;VIVIANE.ROSACZ@GMAIL.COM;4000.0;0.0;0.0;0.0;0.0;1.0;0.0;8.0;NAO
9916547;4310209916547;43;431020;;CENTRO INTEGRADO DE DESENVOLVIMENTO HUMANO FAREINSIEME LTDA;CENTRO INTEGRADO VIVERE;;;M;;;M ;MUNICIPAL;4;22;98700000;QUINZE DE NOVEMBRO;636;CENTRO;55 992375985;-27.9242842;-54.6059239;3.0;ATENDIMENTOS NOS TURNOS DA MANHA E A TARDE;32610225000156.0;CLINICAFAREINSIEMEIJUI@GMAIL.COM;2062.0;0.0;0.0;0.0;0.0;0.0;0.0;;NAO
7622627;2704307622627;27;270430;;ANGIOMASTERSERVICOS MEDICO LTDA ME;ANGIOS;;;M;;;M ;MUNICIPAL;4;22;57073460;RUA DR JOSE AFONSO DE MELO;68;JATIUCA;(82) 2126 0779;-9.645328;-35.705984;3.0;ATENDIMENTOS NOS TURNOS DA MANHA E A TARDE;8194360000183.0;;2062.0;0.0;0.0;0.0;0.0;1.0;0.0;;NAO
3179532;4115203179532;41;411520;;CLINICA DE OLHOS PARANA S S;CLINICA DE OLHOS PARANA;;;M;;;M ;MUNICIPAL;4;22;87014100;RUA JOAQUIM NABUCO;657;ZONA 04;44 32254059;-23.4253010144;-51.9505128264;3.0;ATENDIMENTOS NOS TURNOS DA MANHA E A TARDE;3487462000173.0;;2232.0;0.0;0.0;0.0;0.0;0.0;0.0;;NAO
7111908;3548807111908;35;354880;;GISELA LANDAU;CONSULTORIO GISELA LANDAU;;;M;;;M ;MUNICIPAL;4;22;9530060;RUA CONCEICAO;756;SANTO ANTONIO;99620579 / 422.2366;-23.622969259;-46.5510356426;2.0;ATENDIMENTO SOMENTE A TARDE;;;4000.0;0.0;0.0;0.0;0.0;0.0;0.0;;NAO
23612;3106200023612;31;310620;18715383000140.0;MUNICIPIO DE BELO HORIZONTE;CENTRO DE SAUDE JARDIM LEBLON;;;M;;;M ;MUNICIPAL;4;2;31540380;RUA CORONEL ANTONIO LOPES COELHO;269;JARDIM LEBLON;32775521;-19.8254968;-43.9863408;4.0;ATENDIMENTO NOS TURNOS DA MANHA, TARDE E NOITE;;csjl@pbh.gov.br;1244.0;0.0;0.0;0.0;0.0;1.0;0.0;;SIM
2047489;3538702047489;35;353870;46341038000129.0;PREFEITURA MUNICIPAL DE PIRACICABA;LABORATORIO MUNICIPAL DE PIRACICABA;;;M;;;M ;MUNICIPAL;4;80;13400410;RUA DOM PEDRO I;817;CENTRO;(19) 3437-7620;-22.7287231808;-47.6505426051;6.0;ATENDIMENTO CONTINUO DE 24 HORAS/DIA (PLANTAO:INCLUI SABADOS, DOMINGOS E FERIADOS);;piracicaba.lm@gmail.com;1244.0;0.0;0.0;0.0;0.0;1.0;0.0;;SIM
1163205;3304521163205;33;330452;;CT SAUDE RIO DAS OSTRAS LTDA CNPJ 65850830000153;CT SAUDE RIO DAS OSTRAS LTDA;;;M;;;M ;MUNICIPAL;4;22;28893461;AL JULIETA CARVALHO VIANNA 101;101;NOVO RIO DAS OSTRAS;21 998306473;-22.5240931699;-41.9362092018;3.0;ATENDIMENTOS NOS TURNOS DA MANHA E A TARDE;;DIRETORIA.CTSAUDE@GMAIL.COM;2062.0;0.0;0.0;0.0;0.0;0.0;0.0;;NAO
697060;4104300697060;41;410430;;PAMELA CRISTINA MASTELLARO DELVAS ZANNI;PAMELA CRISTINA MASTELLARO DELVAS ZANNI;;;M;;;M ;MUNICIPAL;4;22;87300040;AVENIDA AFONSO BOTELHO;1506;CENTRO;;-24.0476397228;-52.3725128174;3.0;ATENDIMENTOS NOS TURNOS DA MANHA E A TARDE;;;4000.0;0.0;0.0;0.0;0.0;0.0;0.0;;NAO
9832297;4209309832297;42;420930;;MARCELO MALINVERNI APPEL;MARCELO MALINVERNI APPEL;;;M;;;M ;MUNICIPAL;4;22;88502201;RUA CORREIA PINTO;323;CENTRO;;-27.8105602;-50.3225454;3.0;ATENDIMENTOS NOS TURNOS DA MANHA E A TARDE;;;4000.0;0.0;0.0;0.0;0.0;0.0;0.0;;NAO
492043;1100200492043;11;110020;;J S J SERVICOS MEDICOS LTDA;JSJ SERVICOS MEDICOS VASCULAR;;;M;;;M ;MUNICIPAL;4;22;76801254;RUA TENREIRO ARANHA;2948;OLARIA;69 32243721;-8.7582303281;-63.9015752077;3.0;ATENDIMENTOS NOS TURNOS DA MANHA E A TARDE;37838579000176.0;martamoreira68@hotmail.com;2062.0;0.0;0.0;0.0;0.0;0.0;0.0;;NAO
4815807;2927404815807;29;292740;;DAYSE REIS PSICOLOGIA LTDA;ALMAR ESPACO DE PRATICAS PSICOLOGICAS;;;M;;;M ;MUNICIPAL;4;36;41830020;RUA MINAS GERAIS EDIF MINAS TRADE SERVICE;000229;PITUBA;71 999467069;-12.9425278;-38.4535116;2.0;ATENDIMENTO SOMENTE A TARDE;35097531000129.0;DAYSE.REIS.F@HOTMAIL.COM;2062.0;0.0;0.0;0.0;0.0;1.0;0.0;;NAO
9965106;3550309965106;35;355030;;FLAVIA GRACA DE ALMEIDA ODONTOL E FISIOTERAPIA ESPEC LTDA;FLAVIA GRACA DE ALMEIDA ODONTOLOGIA E FISIOTERAPIA E MATRIZ;;;M;;;M ;MUNICIPAL;4;22;4905021;ESTRADA M BOI MIRIM;1373;JARDIM DAS FLORES;;-23.6867834;-46.7712101;3.0;ATENDIMENTOS NOS TURNOS DA MANHA E A TARDE;30998217000101.0;;2062.0;0.0;0.0;0.0;0.0;1.0;0.0;;NAO
3481956;3544103481956;35;354410;;EXAME BRASIL LABORATORIO DE ANALISES CLINICAS LTDA;EXAME BRASIL;;;M;;;M ;MUNICIPAL;4;39;9450000;AV DOM PEDRO I;479;CENTRO;(11)48201194;-23.7498031;-46.3986766;3.0;ATENDIMENTOS NOS TURNOS DA MANHA E A TARDE;53721080000130.0;;2062.0;;;;;1.0;0.0;;NAO
3270874;3300223270874;33;330022;;CLINICA DE ULTRASSONOGRAFIA E MED OCUPACIONAL DE AREAL LTDA;CLINICA DE ULTRASSONOGRAFIA E MED DO TRABALHO;;;M;;;M ;MUNICIPAL;4;39;25845000;AV AMARAL PEIXOTO;305;CENTRO;(24)22571402;-22.2374454392;-43.1010849592;3.0;ATENDIMENTOS NOS TURNOS DA MANHA E A TARDE;5595295000100.0;;2240.0;;;;;0.0;0.0;6.0;NAO
1106899;3550301106899;35;355030;;JOSE ELIAS GIANNINI;JOSE ELIAS GIANNINI;;;M;;;M ;MUNICIPAL;4;22;4707051;R ANDREA PAULINETTI;297;BROOKLIN;;-23.6265905;-46.6910724;3.0;ATENDIMENTOS NOS TURNOS DA MANHA E A TARDE;;;4000.0;0.0;0.0;0.0;0.0;0.0;0.0;;NAO
5072999;3113305072999;31;311330;;CARMINDO SILVA NETO;CONSULTORIO MEDICO DR CARMINDO SILVA NETO;;;M;;;M ;MUNICIPAL;4;22;36800038;R CAPARAO;41;CENTRO;;-20.734866;-42.027193;3.0;ATENDIMENTOS NOS TURNOS DA MANHA E A TARDE;;;4000.0;0.0;0.0;0.0;0.0;0.0;0.0;;NAO
3893804;3523903893804;35;352390;;ALBERTO SILVA;ALBERTO SILVA;;;M;;;M ;MUNICIPAL;4;22;13301440;RUA PIAUI;160;BRASIL;1140231754;-23.2587348333;-47.2922372818;3.0;ATENDIMENTOS NOS TURNOS DA MANHA E A TARDE;;;4000.0;0.0;0.0;0.0;0.0;0.0;0.0;;NAO
843091;4314100843091;43;431410;;OLIANI SERVICOS MEDICOS LTDA;RADIPLAN;;;M;;;M ;MUNICIPAL;4;22;99025503;AV BRASIL OESTE;2329;BOQUEIRAO;54 36322818;-28.2637748;-52.4137596;3.0;ATENDIMENTOS NOS TURNOS DA MANHA E A TARDE;19321826000261.0;;2305.0;0.0;0.0;0.0;0.0;1.0;0.0;10.0;NAO
9555536;2408109555536;24;240810;;MARTINS FERNANDES ASSISTENCIA MEDICA LTDA;CLINICA CIDADE JARDIM;;;M;;;M ;MUNICIPAL;4;36;59078400;ODILON GOMES DE LIMA;1912;CAPIM MACIO;84 20206601;-5.8456298;-35.1981716;1.0;ATENDIMENTO SOMENTE PELA MANHA;24397395000176.0;kalinne@filadelfiacontabil.com;2062.0;0.0;0.0;0.0;0.0;1.0;0.0;8.0;NAO
5767571;5103405767571;51;510340;;FISIOSIM FISIOTERAPIA NA SAUDE INTEGRAL DA MULHER LTDA;FISIOSIM FISIOTERAPIA NA SAUDE INTEGRAL DA MULHER LTDA;;;M;;;M ;MUNICIPAL;4;36;78043142;RUA DAS VIOLETAS;303;JARDIM CUIABA;36236266;-15.5960109663;-56.1150399869;3.0;ATENDIMENTOS NOS TURNOS DA MANHA E A TARDE;8842945000162.0;;2062.0;0.0;0.0;0.0;0.0;1.0;0.0;;NAO
7829558;2933307829558;29;293330;;PATRICIA GIDI PORTELLA LARA;PATRICIA GIDI PORTELLA LARA;;;M;;;M ;MUNICIPAL;4;22;45000100;AV JORGE TEIXEIRA;S/N;CANDEIAS;;-14.8622562321;-40.8293151855;3.0;ATENDIMENTOS NOS TURNOS DA MANHA E A TARDE;;;4000.0;0.0;0.0;0.0;0.0;1.0;0.0;;NAO
1020587;3550301020587;35;355030;;JULIANA GREGO DE VASCONCELOS;JULIANA GREGO DE VASCONCELOS;;;M;;;M ;MUNICIPAL;4;22;4521003;RUA CANARIO;727;MOEMA;11 985801660;;;3.0;ATENDIMENTOS NOS TURNOS DA MANHA E A TARDE;;juliana.grego@gmail.com;4000.0;0.0;0.0;0.0;0.0;0.0;0.0;8.0;NAO
2893371;5300102893371;53;530010;;UROCIPE SERVICOS MEDICOS LTDA;UROCIPE SERVICOS MEDICOS;;;E;;;E ;ESTADUAL;4;36;71503505;SHIN CA 05 BLOCO I;S/N;LAGO NORTE;6181393330;-15.7314574911;-47.8664016724;3.0;ATENDIMENTOS NOS TURNOS DA MANHA E A TARDE;44087585000102.0;gabriela_horbilon@hotmail.com;2062.0;0.0;0.0;0.0;0.0;1.0;0.0;;NAO
9981810;4121009981810;41;412100;15718459000100.0;SAMU NOROESTE;SAMU 192 UNIDADE DE SUPORTE BASICO 22T QCIA DO NORTE;;;M;;;M ;MUNICIPAL;4;42;87930000;RUA CARLOS SPENTOF;S/N;CENTRO;4434621020;-23.085896;-53.482063;6.0;ATENDIMENTO CONTINUO DE 24 HORAS/DIA (PLANTAO:INCLUI SABADOS, DOMINGOS E FERIADOS);;;1210.0;;;;;1.0;0.0;;NAO
3623505;3530703623505;35;353070;;ANA FLAVIA RIBEIRO;ANA FLAVIA RIBEIRO;;;M;;;M ;MUNICIPAL;4;22;13840005;RUA CHICO DE PAULA;713;CENTRO;3841 3168;-22.3640663383;-46.9440221786;3.0;ATENDIMENTOS NOS TURNOS DA MANHA E A TARDE;;;4000.0;0.0;0.0;0.0;0.0;1.0;0.0;;NAO
4025121;2910304025121;29;291030;13693379000104.0;MUNICIPIO DE ELISIO MEDRADO;CASA DE SAUDE MARIA LAPA BITTENCOURT;;;M;;;M ;MUNICIPAL;4;5;45305000;RUA NOSSA SRA DE FATIMA;01;CENTRO;(75)36492129;-12.94601;-39.52201;6.0;ATENDIMENTO CONTINUO DE 24 HORAS/DIA (PLANTAO:INCLUI SABADOS, DOMINGOS E FERIADOS);;secmsem@hotmail.com;1244.0;0.0;1.0;0.0;1.0;1.0;1.0;;SIM
7838700;2306407838700;23;230640;7623077000167.0;PREF M ITAPIPOCA;UNIDADE BASICA DE SAUDE MARANHAO;;;M;;;M ;MUNICIPAL;4;2;62503326;RUA PEDRO TEIXEIRA BARROSO;S/N;MARANHAO;;-3.486523;-39.578917;3.0;ATENDIMENTOS NOS TURNOS DA MANHA E A TARDE;;;1244.0;0.0;0.0;0.0;0.0;0.0;0.0;;SIM
7994508;2408107994508;24;240810;;JOAO ROBERTO BARRETO FURTADO;CONSULTORIO ODONTOLOGICO DR JOAO ROBERTO;;;M;;;M ;MUNICIPAL;4;22;59075810;AVENIDA AMINTAS BARROS;3700;LAGOA NOVA;;-5.8211397;-35.2073944;3.0;ATENDIMENTOS NOS TURNOS DA MANHA E A TARDE;;;4000.0;0.0;0.0;0.0;0.0;0.0;0.0;;NAO
3419703;3550303419703;35;355030;;I GROUP CARE ASSISTENCIA MEDICA;MEU DOUTOR E HADASSAH;;;M;;;M ;MUNICIPAL;4;22;4836110;R VENANCIO POLETTI;23;JARDIM FLORESTA;11943982233;-23.7410505;-46.7103416;3.0;ATENDIMENTOS NOS TURNOS DA MANHA E A TARDE;34178209000161.0;camila@lincealvaras.com.br;2062.0;0.0;0.0;0.0;0.0;0.0;0.0;;NAO
5275113;4314105275113;43;431410;;CASSIANA GROSSI SBEGHEN;CASSIANA GROSSI SBGEHEN;;;M;;;M ;MUNICIPAL;4;22;99010000;GENERAL OSORIO;1204;CENTRO;;-28.264756331;-52.4068236351;3.0;ATENDIMENTOS NOS TURNOS DA MANHA E A TARDE;;;4000.0;0.0;0.0;0.0;0.0;0.0;0.0;;NAO
262285;3170200262285;31;317020;;MICHELE DA SILVA SILVEIRA ALVES;MICHELE DA SILVA SILVEIRA ALVES;;;M;;;M ;MUNICIPAL;4;22;38400299;AVENIA GETULIO VARGAS;127;CENTRO;;-18.9167609817;-48.2805132866;3.0;ATENDIMENTOS NOS TURNOS DA MANHA E A TARDE;;psicologiamichelealves@gmail.com;4000.0;0.0;0.0;0.0;0.0;0.0;0.0;;NAO
5343127;2408105343127;24;240810;;FERNANDO JOSE PINTO DE PAIVA;CONSULTORIO MEDICO FERNANDO JOSE PINTO DE PAIVA;;;M;;;M ;MUNICIPAL;4;22;59020130;RUA APODI;471;TIROL;32114141;-5.7902455;-35.2040252;3.0;ATENDIMENTOS NOS TURNOS DA MANHA E A TARDE;;;4000.0;0.0;0.0;0.0;0.0;1.0;0.0;8.0;NAO
876747;5300100876747;53;530010;;EMPREENDIMENTOS PAGUE MENOS S A;FARMACIAS PAGUE MENOS 305;;;E;;;E ;ESTADUAL;4;43;70362540;SHCS CL;0;ASA SUL;32443483;-15.78;-47.93;4.0;ATENDIMENTO NOS TURNOS DA MANHA, TARDE E NOITE;6626253030573.0;mariannealvesgaleno@gmail.com;2046.0;0.0;0.0;0.0;0.0;1.0;0.0;8.0;NAO
7942605;3540607942605;35;354060;;HOZANA IARA DE ALMEIDA LTDA ME;HOZANA IARA DE ALMEIDA;;;M;;;M ;MUNICIPAL;4;22;18540023;CARDOSO PIMENTEL;561;CENTRO;;-23.211492135;-47.5218987465;3.0;ATENDIMENTOS NOS TURNOS DA MANHA E A TARDE;16481219000190.0;;2240.0;0.0;0.0;0.0;0.0;0.0;0.0;;NAO
6037100;5002706037100;50;500270;;GLACI VIEIRA DUTRA;GLACI VIEIRA DUTRA;;;M;;;M ;MUNICIPAL;4;22;79003040;RUA DOS VENDAS;215;VILA ANTONIO VENDAS;67 - 33845752;-20.4687588179;-54.5977851619;3.0;ATENDIMENTOS NOS TURNOS DA MANHA E A TARDE;;consultoriogvd@gmail.com;4000.0;0.0;0.0;0.0;0.0;1.0;0.0;;NAO
2065703;3546002065703;35;354600;46694121000181.0;PREFEITURA MUNICIPAL DE SANTA BRANCA;POSTO DE SAUDE 02 DE SANTA BRANCA;;;M;;;M ;MUNICIPAL;4;2;12380000;RUA ARTHUR ROSA PORTO FILHO;S/N;JARDIM SAO JOSE;(12)39720009;-23.4087522;-45.8884557;3.0;ATENDIMENTOS NOS TURNOS DA MANHA E A TARDE;;ubsjoaobeneditoraimundo@santabranca.sp.gov.br;1244.0;0.0;0.0;0.0;0.0;1.0;0.0;;SIM
115231;4106900115231;41;410690;;LABORATORIO DE ANALISES CLINICAS DAS NACOES LTDA;POSTO FERTWAY;;;M;;;M ;MUNICIPAL;4;39;80250200;SILVA JARDIM;2103;REBOUCAS;41 30288000;-25.444456;-49.2831332;3.0;ATENDIMENTOS NOS TURNOS DA MANHA E A TARDE;82658840001506.0;hugo.alves@buildingprofits.com.br;2062.0;0.0;0.0;0.0;0.0;0.0;0.0;10.0;NAO
5129222;4322605129222;43;432260;;FISIOTERAPIA MARMITT LTDA;FISIOCORPUS FISIOTERAPEUTICO E ESTETICO;;;M;;;M ;MUNICIPAL;4;39;95800000;TIRADENTES;890;CENTRO;;-29.6081815366;-52.19145298;3.0;ATENDIMENTOS NOS TURNOS DA MANHA E A TARDE;6264080000179.0;fisiocorpus@viavale.com.br;2062.0;0.0;0.0;0.0;0.0;1.0;0.0;;NAO
1024523;3304551024523;33;330455;;ILANA DIAMANT PEREZ;ILANA DIAMANT PEREZ;;;M;;;M ;MUNICIPAL;4;22;22420020;RUA FARME DE AMOEDO;75;IPANEMA;(21) 999883652;;;4.0;ATENDIMENTO NOS TURNOS DA MANHA, TARDE E NOITE;;ILANADIAMANT1000@GMAIL.COM;4000.0;0.0;0.0;0.0;0.0;0.0;0.0;8.0;NAO
9976612;5003709976612;50;500370;;THAISE MIOR BABY;THAISE MIOR BABY;;;M;;;M ;MUNICIPAL;4;22;79825130;RUA IGUASSU;1720;VILA SAO LUIZ;67 996482780;-22.2150960171;-54.8152553474;3.0;ATENDIMENTOS NOS TURNOS DA MANHA E A TARDE;;;4000.0;0.0;0.0;0.0;0.0;1.0;0.0;;NAO
2025604;3548702025604;35;354870;;RAZOM DIAGNOSTICO MEDICO SC LTDA;RAZOM DIAGNOSTICO MEDICO SC LTDA;;;M;;;M ;MUNICIPAL;4;39;9721160;RUA JOSE BONIFACIO;601;CENTRO;(11)43398777;;;3.0;ATENDIMENTOS NOS TURNOS DA MANHA E A TARDE;55705305000190.0;;2000.0;0.0;0.0;0.0;0.0;0.0;0.0;4.0;NAO
644439;5007930644439;50;500793;;CARLIFE REMOCOES MEDICAS LTDA;CARLIFE REMOCOES MEDICAS;;;M;;;M ;MUNICIPAL;4;36;79415000;TRES DE JUNHO;127;CENTRO;67 98592587;-17.5876169021;-54.7505164146;4.0;ATENDIMENTO NOS TURNOS DA MANHA, TARDE E NOITE;37918606000110.0;;2062.0;0.0;0.0;0.0;0.0;1.0;0.0;;NAO
5531829;3508105531829;35;350810;;DANILA REIS HENRIQUE DE ARAUJO PSICOLOGIA;DANILA REIS HENRIQUE DE ARAUJO PSICOLOGIA;;;M;;;M ;MUNICIPAL;4;22;15290000;VITOR SERGIO DA SILVA;424;COHAB ANA ALVES TEIX;18 96438580;-21.0535558;-50.1352454;3.0;ATENDIMENTOS NOS TURNOS DA MANHA E A TARDE;59851341000113.0;JGPCONSULTORIAJURIDICA@GMAIL.COM;2135.0;0.0;0.0;0.0;0.0;0.0;0.0;;NAO
7875800;3304557875800;33;330455;;CENTRO INTEGRADO DE DOR E ORTOPEDIA DO RECREIO LTDA;CIDOR;;;M;;;M ;MUNICIPAL;4;36;22790704;DAS AMERICAS;18500;RECREIO DOS BANDEIRA;21 32645120;-23.0184376845;-43.4856236381;4.0;ATENDIMENTO NOS TURNOS DA MANHA, TARDE E NOITE;23399210000108.0;adm.cot01@gmail.com;2062.0;0.0;0.0;0.0;0.0;0.0;0.0;;NAO
7358024;3148007358024;31;314800;;LABORATORIO SAGRADA FAMILIA LTDA;LABORATORIO SAGRADA FAMILIA CLINICA PATOS DE MINAS;;;M;;;M ;MUNICIPAL;4;39;38700080;RUA DOUTOR JOSE OLIMPIO BORGES;199;CENTRO;34 3822-8060;-18.579;-46.518;3.0;ATENDIMENTOS NOS TURNOS DA MANHA E A TARDE;9480743000342.0;;2062.0;0.0;0.0;0.0;0.0;1.0;0.0;10.0;SIM
3736539;3550303736539;35;355030;;MARIA ANGELA TROMBETTI DE MORAES;CONS MEDICO MARIA ANGELA TROMBETTI DE MORAES;;;M;;;M ;MUNICIPAL;4;22;1408001;AL CASA BRANCA;851;CERQUEIRA CESAR;(11)30852301;-23.5661707;-46.6623055;5.0;ATENDIMENTO COM TURNOS INTERMITENTES;;mangelamoraes@aol.com;4000.0;0.0;0.0;0.0;0.0;1.0;0.0;;NAO
6564283;4314906564283;43;431490;;SHIRLEY HELENA MACHADO ACOSTA;SHIRLEY HELENA MACHADO ACOSTA;;;M;;;M ;MUNICIPAL;4;22;90020110;RUA VIGARIO JOSE INACIO;368;CENTRO;051 99510437;-30.0323929666;-51.2313723564;4.0;ATENDIMENTO NOS TURNOS DA MANHA, TARDE E NOITE;;SHIRLEYACOSTA@BOL.COM.BR;4000.0;0.0;0.0;0.0;0.0;0.0;0.0;;NAO
1116053;3547801116053;35;354780;;ALIVE AIR FISIOTERAPIA LTDA CNPJ 36412184000144;ALIVE AIR FISIOTERAPIA LTDA;;;M;;;M ;MUNICIPAL;4;22;9030340;AV DOUTOR ALBERTO BENEDETTI;349;VILA ASSUNCAO;(11)97601-8097;-23.6554919707;-46.5326571465;4.0;ATENDIMENTO NOS TURNOS DA MANHA, TARDE E NOITE;;SPERES2016@YAHOO.COM C4d06581;2062.0;0.0;0.0;0.0;0.0;0.0;0.0;;NAO
4078659;3518404078659;35;351840;;CIRURGIA PLASTICA D AMERICA S C LTDA ME;CIRURGIA PLASTICA D AMERICA S C LTDA ME;;;M;;;M ;MUNICIPAL;4;22;12501120;RUA PAISSANDU;368;CENTRO;31333595;-22.8210428445;-45.192927917;4.0;ATENDIMENTO NOS TURNOS DA MANHA, TARDE E NOITE;61882072000102.0;cirurgiaplasticadaamerica@gmail.com;2240.0;0.0;0.0;0.0;0.0;0.0;0.0;;NAO
4226313;2203904226313;22;220390;;CLINICA MEDICA WANDERSON GOMES LTDA;CLINICA MEDICA WANDERSON GOMES;;;M;;;M ;MUNICIPAL;4;22;64801270;EURIPEDES DE AGUIAR;2702;TABOCA;89 94425879;-6.7705018305;-43.0445484392;3.0;ATENDIMENTOS NOS TURNOS DA MANHA E A TARDE;50991235000160.0;ASTECONFLORIANO@GMAIL.COM;2062.0;0.0;0.0;0.0;0.0;0.0;0.0;;NAO
7295898;3550307295898;35;355030;;CARREIRA UNIDADE ESPECIALIZADA EM RADIOLOGIA ODONTOLOGICA LT;CARREIRA UNIDADE ESPECIALIZADA EM RADIOLOGIA ODONTOLOGICA;;;M;;;M ;MUNICIPAL;4;22;3356060;PRACA DOUTOR SAMPAIO VIDAL;395;VILA FORMOSA;(11)2076-4646;-23.5669373563;-46.5402853489;3.0;ATENDIMENTOS NOS TURNOS DA MANHA E A TARDE;12230573000190.0;karinecarreira@hotmail.com;2062.0;0.0;0.0;0.0;0.0;1.0;0.0;;NAO
3448657;3524303448657;35;352430;;RF CLINICA MEDICA SS LTDA;RF CLINICA MEDICA SS LTDA;;;M;;;M ;MUNICIPAL;4;22;14887900;R ARISTIDES BELLODI;100;JD SAO MARCOS;(16)32041444;;;3.0;ATENDIMENTOS NOS TURNOS DA MANHA E A TARDE;3627697000113.0;;2000.0;0.0;0.0;0.0;0.0;1.0;0.0;4.0;NAO
2669293;4209102669293;42;420910;;GILSON JOSE SETTI;GILSON JOSE SETTI;;;M;;;M ;MUNICIPAL;4;22;89204041;MAX COLIN;1115;AMERICA;(47) 34336887;-26.2945981109;-48.8534250855;3.0;ATENDIMENTOS NOS TURNOS DA MANHA E A TARDE;;;4000.0;0.0;0.0;0.0;0.0;1.0;0.0;;NAO
4522605;2900704522605;29;290070;;F R SERVICOS MEDICOS LTDA;F R SERVICOS MEDICOS;;;M;;;M ;MUNICIPAL;4;39;48000366;CASTRO ALVES;328;SANTA ISABEL;75 99766633;-12.1439729;-38.4315927;3.0;ATENDIMENTOS NOS TURNOS DA MANHA E A TARDE;21939083000159.0;PLATECOLCONTABILIDADE@HOTMAIL.COM;2062.0;;;;;0.0;0.0;;NAO
9534776;4317409534776;43;431740;;MARCIA ELISANGELA MONTEIRO FERREIRA;CONSULTORIO PSICOLOGIA MARCIA ELISANGELA MONTEIRO FERREIRA;;;M;;;M ;MUNICIPAL;4;22;97700385;AV JULIO DE CASTILHOS;518;CENTRO;(55) 9-9951-2503;-29.1922366;-54.8701197;3.0;ATENDIMENTOS NOS TURNOS DA MANHA E A TARDE;;marcia.elizangela@gmail.com;4000.0;0.0;0.0;0.0;0.0;0.0;0.0;;NAO
3321827;2800303321827;28;280030;;MARILIA DE CASTRO LESSA;MARILIA DE CASTRO LESSA;;;M;;;M ;MUNICIPAL;4;22;49010470;PRACA DA BANDEIRA;465;CENTRO;(07)92111394;-10.9174467427;-37.0560617487;3.0;ATENDIMENTOS NOS TURNOS DA MANHA E A TARDE;;;4000.0;0.0;0.0;0.0;0.0;1.0;0.0;;NAO
3287092;2304403287092;23;230440;;FRANCISCO JOSE NUNES CANDIDO;FRANCISCO JOSE NUNES CANDIDO;;;M;;;M ;MUNICIPAL;4;22;60170240;RUA CORONEL LINHARES;950;ALDEOTA;(85)2611752;-3.736841;-38.49456;3.0;ATENDIMENTOS NOS TURNOS DA MANHA E A TARDE;;;4000.0;0.0;0.0;0.0;0.0;0.0;0.0;;NAO
2698587;3300102698587;33;330010;29172467000109.0;SECRETARIA MUNICIPAL DE SAUDE;ESTRATEGIA DE SAUDE DA FAMILIA PEQUENAS PRAIAS;;;M;;;M ;MUNICIPAL;4;2;23900010;ILHA GRANDE;01;ILHA GRANDE;;-23.155;-44.304;3.0;ATENDIMENTOS NOS TURNOS DA MANHA E A TARDE;;;1244.0;0.0;0.0;0.0;0.0;1.0;0.0;;SIM
6690947;5212506690947;52;521250;1169416000109.0;PREFEITURA MUNICIPAL DE LUZIANIA;CENTRO DE CONTROLE DE ZOONOZES DE LUZIANIA;;;M;;;M ;MUNICIPAL;4;50;72800970;FAZENDA CONTENDAS;S/N;ZONA RURAL;61 3621 4448;-16.2704008773;-47.9554080963;3.0;ATENDIMENTOS NOS TURNOS DA MANHA E A TARDE;;;1244.0;;;;;0.0;0.0;;NAO
5852250;2304405852250;23;230440;;CENTRO DE MEDICINA DA MULHER S S;CENTRO DE MEDICINA DA MULHER;;;M;;;M ;MUNICIPAL;4;36;60160230;AV DOM LUIS;1200;MEIRELES;40115550;-3.7347363;-38.4960187;3.0;ATENDIMENTOS NOS TURNOS DA MANHA E A TARDE;9120179000195.0;;2232.0;0.0;0.0;0.0;0.0;0.0;0.0;;NAO
8375925;5107778375925;51;510777;394544003877.0;UNIDADE BASICA DE SAUDE ALDEIA URUBU BRANCO;UBSI ALDEIA URUBU BRANCO;;;M;;;M ;MUNICIPAL;4;72;78650000;TERRA INDIGENA URUBU BRANCO;01;ZONA RURAL;6635221039;-10.6773458501;-51.3788151584;3.0;ATENDIMENTOS NOS TURNOS DA MANHA E A TARDE;;dseiara.sesai@saude.gov.br;1015.0;0.0;0.0;0.0;0.0;0.0;0.0;;SIM
9519319;3304559519319;33;330455;;CLINICA DE REPOUSO FELIZIDADE LIMITADA;CLINICA DE REPOUSO FELIZIDADE;;;M;;;M ;MUNICIPAL;4;2;23550000;RUA ALVARO ALBERTO;347;SANTA CRUZ;2133657567;;;3.0;ATENDIMENTOS NOS TURNOS DA MANHA E A TARDE;24241265000140.0;clinicaderepousofelizidade@gmail.com;2240.0;0.0;0.0;0.0;0.0;0.0;0.0;8.0;NAO
3567575;3304553567575;33;330455;29468055000102.0;SMS RIO CMS VILA SAO JORGE AP 52;SMS CMS VILA SAO JORGE AP 52;;;M;;;M ;MUNICIPAL;4;2;23059340;RUA PROJETADA;02;COSMOS;(21)31551725;;;4.0;ATENDIMENTO NOS TURNOS DA MANHA, TARDE E NOITE;;ger.vilasaojorge.cap52@iabas.org.br;1031.0;0.0;0.0;0.0;0.0;1.0;0.0;4.0;NAO
4083695;5201404083695;52;520140;;UNIMED GOIANIA COOPERATIVA DE TRABALHO MEDICO;UNIMED GOIANIA;;;M;;;M ;MUNICIPAL;4;39;74915515;AVENIDA RIO VEDE;S/N;VILA SAO TOMAZ;6232169654;-16.7408;-49.27678;3.0;ATENDIMENTOS NOS TURNOS DA MANHA E A TARDE;2476067000718.0;leticia.alves@unimedgoiania.com.br;2143.0;;;;;0.0;0.0;;NAO
7193068;3549407193068;35;354940;;CLINICA DE SAUDE TRISTAO MINGONI LTDA;CLINICA DE SAUDE TRISTAO MINGONI LTDA;;;M;;;M ;MUNICIPAL;4;22;14600000;RUA GOIAS;1207;CENTRO;(16) 3728.3333;-20.5779602;-47.8671172;3.0;ATENDIMENTOS NOS TURNOS DA MANHA E A TARDE;17591326000133.0;;2135.0;0.0;0.0;0.0;0.0;0.0;0.0;4.0;NAO
9937129;3118609937129;31;311860;;CONSULTORIO ODONTOLOGICO LARA E LINHARES LTDA;DEDICARE CONSULTORIO ODONTOLOGICO;;;M;;;M ;MUNICIPAL;4;22;32340030;BELGICA;590;GLORIA;31 84284443;-19.938944453;-44.0480597323;3.0;ATENDIMENTOS NOS TURNOS DA MANHA E A TARDE;33267159000126.0;adcporto@terra.com.br;2062.0;0.0;0.0;0.0;0.0;1.0;0.0;;NAO
5572835;4204005572835;42;420400;;ESSENCE CLINICA INTEGRADA SAUDE E ESTETICA LTDA;ESSENCE CLINICA INTEGRADA SAUDE E ESTETICA;;;M;;;M ;MUNICIPAL;4;36;89670000;SANTA CATARINA;1385;CIDADE JARDIM;49 35250383;-27.0689719;-51.660158;3.0;ATENDIMENTOS NOS TURNOS DA MANHA E A TARDE;53516979000111.0;CONTATO@BRADOCONTABILIDADE.COM.BR;2062.0;0.0;0.0;0.0;0.0;0.0;0.0;;NAO
7543263;3304557543263;33;330455;;CLINICA VINCULO LTDA EPP;CLINICA VINCULO;;;M;;;M ;MUNICIPAL;4;22;22060001;AV NOSSA SENHORA DE COPACABANA;1066;COPACABANA;25244274;;;3.0;ATENDIMENTOS NOS TURNOS DA MANHA E A TARDE;17115410000180.0;;2062.0;0.0;0.0;0.0;0.0;0.0;0.0;8.0;NAO
5753325;4313905753325;43;431390;;REOT REABILITACAO DO ESPORTE ORTOPEDIA E TRAUMATOLOGIA LTD;REOT;;;M;;;M ;MUNICIPAL;4;36;98280000;ERICA;206;ERICA;55 91789108;-28.3006609236;-53.5054011155;4.0;ATENDIMENTO NOS TURNOS DA MANHA, TARDE E NOITE;53839070000102.0;REOTPANAMBI@GMAIL.COM;2062.0;0.0;0.0;0.0;0.0;0.0;0.0;;SIM
9107142;3302409107142;33;330240;;DIAGNOSTICO LABORATORIO DE ANALISES CLINICAS DE RIO DAS OSTR;DIAGNOSTICO LABORATORIO DE ANALISES CLINICAS;;;M;;;M ;MUNICIPAL;4;39;27920180;RUA MAR DEL PLATA;96;CAVALEIROS;(22) 2142-4537;-22.4054938796;-41.8007254601;3.0;ATENDIMENTOS NOS TURNOS DA MANHA E A TARDE;4287805000461.0;diagnosticolab@yahoo.com.br;2062.0;0.0;0.0;0.0;0.0;0.0;0.0;;NAO
5753260;3548905753260;35;354890;;CONECTA REABILITACAO E NEUROMODULACAO LTDA;CONECTA REABILITACAO E NEUROMODULACAO LTDA;;;M;;;M ;MUNICIPAL;4;22;13560210;RUA PADRE TEIXEIRA;1275;CENTRO;16 91274304;-22.0142611871;-47.8967428207;3.0;ATENDIMENTOS NOS TURNOS DA MANHA E A TARDE;58850437000102.0;CONECTA.NEUROMODULACAO@GMAIL.COM;2062.0;0.0;0.0;0.0;0.0;1.0;0.0;;NAO
6675611;3303306675611;33;330330;;KOSLINSKI MAIA SERVICOS MEDICOS LTDA EPP;KOSLINSKI MAIA SERVICOS MEDICOS;;;M;;;M ;MUNICIPAL;4;22;24230063;RUA CORONEL MOREIRA CESAR;160;ICARAI;21-27141825;;;3.0;ATENDIMENTOS NOS TURNOS DA MANHA E A TARDE;12444661000195.0;LIANACK@YAHOO.COM;2240.0;0.0;0.0;0.0;0.0;0.0;0.0;8.0;NAO
17094;4106900017094;41;410690;76417005000186.0;MUNICIPIO DE CURITIBA;UMS CAMARGO;;;M;;;M ;MUNICIPAL;4;2;82940280;RUA PEDRO VIOLANI;364;CAJURU;(041)3361-2501;-25.4615147;-49.2147819;4.0;ATENDIMENTO NOS TURNOS DA MANHA, TARDE E NOITE;;;1244.0;0.0;0.0;0.0;0.0;1.0;0.0;;SIM
3059405;3550303059405;35;355030;;ALFAFIN BRASIL MLTDA;ALFAFIN BRASIL;;;M;;;M ;MUNICIPAL;4;22;1308000;RUA BARATA RIBEIRO;398;ITAIM BIBIBELA VISTA;11 8224-0388;-23.5869182;-46.6792103;3.0;ATENDIMENTOS NOS TURNOS DA MANHA E A TARDE;40895087000127.0;mmatto08@gmail.com;2062.0;0.0;0.0;0.0;0.0;1.0;0.0;;NAO
5956226;2605405956226;26;260540;;GLAUCIANA MARIA FERREIRA ALBUQUERQUE;AMA CLINICA TERAPIAS INTEGRATIVAS;;;M;;;M ;MUNICIPAL;4;36;55715000;ADAUCTO JOSE DE MELO;102;LAGOA DO SAPO;11 81574732;-7.9509880762;-35.3831113315;3.0;ATENDIMENTOS NOS TURNOS DA MANHA E A TARDE;56926369000184.0;AMACLINICATERAPIASINTEGRATIVAS@GMAIL.COM;2135.0;0.0;0.0;0.0;0.0;0.0;0.0;;NAO
4570863;4310204570863;43;431020;;DM MEDICAL ATIVIDADES MEDICAS LTDA;DM MEDICAL ATIVIDADES MEDICAS;;;M;;;M ;MUNICIPAL;4;22;98700000;AUGUSTO ANTONIO ROLIN;116;MORADA DO SOL;55 70173333;-28.3880025078;-53.9156842232;4.0;ATENDIMENTO NOS TURNOS DA MANHA, TARDE E NOITE;51543922000186.0;MMANICATAMIOZZO@GMAIL.COM;2062.0;0.0;0.0;0.0;0.0;0.0;0.0;;NAO
4670736;3169604670736;31;316960;18260489000104.0;MUNICIPIO DE TUPACIGUARA;CLINICA MUNICIPAL DE FISIOTERAPIA DE TUPACIGUARA;;;M;;;M ;MUNICIPAL;4;36;38480000;AVENIDA ANTONIO HELIO DE CASTRO;204;SAO CRISTOVAO;034 32812288;-18.6022954;-48.6995906;3.0;ATENDIMENTOS NOS TURNOS DA MANHA E A TARDE;;PMT@TUPACIGUARA.MG.GOV.BR;1244.0;0.0;0.0;0.0;0.0;0.0;0.0;;SIM
5235812;3549905235812;35;354990;;L CHRISTOFOLETTI FONOAUDIOLOGIA;SOLUCAO AUDITIVA AVALIACOES E APARELHOS;;;M;;;M ;MUNICIPAL;4;22;12230000;AVENIDA ANDROMEDA;693;JARDIM SATELITE;(12)98142-7736;-23.2221547;-45.8884112;3.0;ATENDIMENTOS NOS TURNOS DA MANHA E A TARDE;44525614000162.0;SOLUCAOAUDITIVASJC@GMAIL.COM;2135.0;0.0;0.0;0.0;0.0;0.0;0.0;;NAO
6316743;5217406316743;52;521740;;JOSE EDUARDO RASSI;DR JOSE EDUARDO RASSI;;;M;;;M ;MUNICIPAL;4;22;75200000;AVENIDA EGIDIO FRANCISCO RODRIGUES;51;CENTRO;34612731;-17.3029037;-48.2844544;3.0;ATENDIMENTOS NOS TURNOS DA MANHA E A TARDE;;;4000.0;0.0;0.0;0.0;0.0;0.0;0.0;;NAO
2011484;2703102011484;27;270310;12228375000192.0;PREFEITURA MUNICIPAL DE IGACI;UNIDADE DE SAUDE DA FAMILIA DE NOVO RIO;;;M;;;M ;MUNICIPAL;4;2;57620000;POVOADO NOVO RIO;S/N;ZONA RURAL;;-9.63779;-36.63147;3.0;ATENDIMENTOS NOS TURNOS DA MANHA E A TARDE;;;1244.0;0.0;0.0;0.0;0.0;1.0;0.0;;SIM
9909303;2602909909303;26;260290;;DIAGNOSTICOS DA AMERICA S A;CERPE CABO 2;;;M;;;M ;MUNICIPAL;4;39;54510360;HISTORIADOR PEREIRA DA COSTA;434;CENTRO;81 34169922;-8.827;-35.035;3.0;ATENDIMENTOS NOS TURNOS DA MANHA E A TARDE;61486650092878.0;sirleide.silva@dasa.com.br;2046.0;0.0;0.0;0.0;0.0;1.0;0.0;;NAO
3963829;5218803963829;52;521880;;FREITAS E OBEID LTDA;CENTRO DE TRATAMENTO OCULAR DE RIO VERDE CTO;;;M;;;M ;MUNICIPAL;4;22;75901210;RUA PROFESSOR JERONIMO FERREIRA SOBRINHO;542;CENTRO;06436238449;-17.79617697;-50.9338027239;3.0;ATENDIMENTOS NOS TURNOS DA MANHA E A TARDE;7881620000126.0;;2062.0;0.0;0.0;0.0;0.0;0.0;0.0;;NAO
6057586;3549906057586;35;354990;;ANA PAULA RIBEIRO DE CARVALHO SILVA;ANA PAULA RIBEIRO DE CARVALHO SILVA;;;M;;;M ;MUNICIPAL;4;22;12212050;RUA CARLOS BELMIRO DOS SANTOS;221;SANTANA;12 39214069;-23.161358;-45.899164;3.0;ATENDIMENTOS NOS TURNOS DA MANHA E A TARDE;;anapaularc26@yahoo.com.br;4000.0;0.0;0.0;0.0;0.0;1.0;0.0;;NAO
4458397;2503704458397;25;250370;8923971000115.0;MUNICIPIO DE CAJAZEIRAS;UNIDADE BASICA DE SAUDE NATERCIO GONCALVES BARRETO;;;M;;;M ;MUNICIPAL;4;2;58900000;RUA MARIA JOSE DE LIMA;S/N;BELA VISTA;;-6.8961996612;-38.5702836514;3.0;ATENDIMENTOS NOS TURNOS DA MANHA E A TARDE;;siacnes@outlook.com;1244.0;0.0;0.0;0.0;0.0;0.0;0.0;;SIM
2209985;3168602209985;31;316860;18404780000109.0;PREFEITURA MUNICIPAL DE TEOFILO OTONI;ESCOLA ESTADUAL GLORIA PENCHEL;;;M;;;M ;MUNICIPAL;4;22;39804245;RUA CONCORDIA;123;FREI DIMAS;(33)35225566;-17.8601907;-41.515231;1.0;ATENDIMENTO SOMENTE PELA MANHA;;cassmsto@ig.com.br;1244.0;0.0;0.0;0.0;0.0;1.0;0.0;8.0;NAO
8072027;2704308072027;27;270430;;ORIGAMI TERAPIAS MULTIDICIPLINARES LTDA;ORIGAMI BEM ESTAR;;;M;;;M ;MUNICIPAL;4;36;57061110;AV MACEIO;60;TABULEIRO;(82) 3377 6583;-9.6282514;-35.7848386;3.0;ATENDIMENTOS NOS TURNOS DA MANHA E A TARDE;31661147000318.0;;2062.0;0.0;0.0;0.0;0.0;1.0;0.0;;NAO
806706;3549900806706;35;354990;;PATRICIA P M BROCO MATTAR CLINICA DE AVALIACAO M PSICOLOGIC;CENTRAL CLINICA;;;M;;;M ;MUNICIPAL;4;36;12245320;RUA MAJOR FRANCISCO DE PAULA ELIAS;248;VILA ADYANA;(12)3322-1312;-23.1838;-45.880472;3.0;ATENDIMENTOS NOS TURNOS DA MANHA E A TARDE;33228753000108.0;CENTRAL.CLINICA@HOTMAIL.COM;2135.0;0.0;0.0;0.0;0.0;1.0;0.0;;NAO
6091679;3300406091679;33;330040;;RADIOVIDA DIAGNOSTICO POR IMAGEM EIRELI;RADIOVIDA DIAGNOSTICO POR IMAGEM EIRELI;;;M;;;M ;MUNICIPAL;4;36;27310420;RUA PINTO RIBEIRO;205;CENTRO;2433258008;-22.5453196683;-44.1723132133;3.0;ATENDIMENTOS NOS TURNOS DA MANHA E A TARDE;5634137000383.0;;2062.0;0.0;0.0;0.0;0.0;0.0;0.0;;SIM
9948406;4303209948406;43;430320;;DAL MORO CARNIEL ACADEMIA E PILATES LTDA;EXERCI TAR ACADEMIA PILATES;;;M;;;M ;MUNICIPAL;4;22;99860000;ANTONIO LUCHESE;15;CENTRO;54 99571578;-27.7716207748;-51.6636800766;3.0;ATENDIMENTOS NOS TURNOS DA MANHA E A TARDE;34506614000161.0;rafacentenaro@hotmail.com;2062.0;0.0;0.0;0.0;0.0;0.0;0.0;;NAO
4749839;3143404749839;31;314340;22646525000131.0;PREFEITURA MONTE SIAO;AMBULATORIO DE SAUDE MENTAL MONTE SIAO;;;M;;;M ;MUNICIPAL;4;22;37580000;RUA ALTO DA SANTA CRUZ;00;CENTRO;;-22.433548;-46.573702;3.0;ATENDIMENTOS NOS TURNOS DA MANHA E A TARDE;;;1244.0;0.0;0.0;0.0;0.0;0.0;0.0;;NAO
2968428;5002702968428;50;500270;;QUALLY LAUDOS DIAGNOSTICOS POR IMAGEM LTDA;QUALLY LAUDOS DIAGNOSTICOS POR IMAGEM LTDA;;;M;;;M ;MUNICIPAL;4;39;79002183;DOM AQUINO;2667;CENTRO;67 30142060;-20.4590758769;-54.6058168332;3.0;ATENDIMENTOS NOS TURNOS DA MANHA E A TARDE;32133817000124.0;FABRICIA.ADM@WHITEMED.COM.BR;2062.0;0.0;0.0;0.0;0.0;0.0;0.0;;NAO
6682391;3304556682391;33;330455;;ORTOPEDIA KCM LTDA;ORTOPEDIA KCM;;;M;;;M ;MUNICIPAL;4;36;22231120;RUA IPIRANGA;97;LARANJEIRAS;;-22.93522505;-43.18127765;3.0;ATENDIMENTOS NOS TURNOS DA MANHA E A TARDE;2123637000109.0;;2240.0;0.0;0.0;0.0;0.0;0.0;0.0;;NAO
8082006;3550308082006;35;355030;;EAST CLINIC LTDA;EAST CLINIC;;;M;;;M ;MUNICIPAL;4;36;3314000;R VILELA;652;TATUAPE;;-23.5394091;-46.5665291;3.0;ATENDIMENTOS NOS TURNOS DA MANHA E A TARDE;41271946000250.0;;2062.0;0.0;0.0;0.0;0.0;1.0;0.0;8.0;NAO
1162217;3556201162217;35;355620;;CENTRO INTEGRADO DE NEURO E SONO LTDA CNPJ 66806554000199;CINS CNPJ 66806554000199;;;M;;;M ;MUNICIPAL;4;22;13270190;AVENIDA ONZE DE AGOSTO 1818;1818;JARDIM RIBEIRO;(11) 5732-4426;-22.9718083173;-46.9976019859;3.0;ATENDIMENTOS NOS TURNOS DA MANHA E A TARDE;;NOVAIS_SOLUCOES@OUTLOOK.COM;2062.0;0.0;0.0;0.0;0.0;0.0;0.0;;NAO
2774313;4114802774313;41;411480;76282680000145.0;PREFEITURA MUNICIPAL DE MARIALVA;CENTRO MUNICIPAL DE SAUDE;;;D;;;D ;DUPLA;4;4;86990000;AVENIDA MARIO GALLO;848;JARDIM ELDORADO;(44) 3232 - 1151;-23.4944606047;-51.8056440353;6.0;ATENDIMENTO CONTINUO DE 24 HORAS/DIA (PLANTAO:INCLUI SABADOS, DOMINGOS E FERIADOS);;saudemarialva@gmail.com;1244.0;0.0;0.0;0.0;0.0;1.0;0.0;;SIM
3501957;2504003501957;25;250400;;CARLOS ALBERTO DE LIMA BARBOSA;CARLOS ALBERTO DE LIMA BARBOSA;;;M;;;M ;MUNICIPAL;4;22;58400503;RUA MONTEVIDEU;720;PRATA;(83)33418552;-7.221349;-35.898731;3.0;ATENDIMENTOS NOS TURNOS DA MANHA E A TARDE;;;4000.0;0.0;0.0;0.0;0.0;0.0;0.0;;NAO
9120114;3205209120114;32;320520;;VIVERE MEDICAL CENTER VILA VELHA LTDA;VIVERE MEDICAL CENTER;;;M;;;M ;MUNICIPAL;4;4;29101280;HUGO MUSSO;1146;PRAIA DA COSTA;27 21421826;-20.3430094706;-40.2848581329;3.0;ATENDIMENTOS NOS TURNOS DA MANHA E A TARDE;25317856000116.0;CONTABILIDADE@IDEEMBC.COM;2062.0;0.0;0.0;0.0;0.0;1.0;0.0;;NAO
1087223;3304551087223;33;330455;;BEATRIZ DE ANDRADE RIPPER;BEATRIZ DE ANDRADE RIPPER;;;M;;;M ;MUNICIPAL;4;22;22640100;AV DAS AMERICAS;500;BARRA DA TIJUCA;2134896010;-23.00298675;-43.3171150759;3.0;ATENDIMENTOS NOS TURNOS DA MANHA E A TARDE;;beatrizdeandraderipper@gmail.com;4000.0;0.0;0.0;0.0;0.0;0.0;0.0;8.0;NAO
7552416;3550307552416;35;355030;;ANA LUISA SAO THIAGO DE ARAUJO DE AQUINO;CONS ODONTO ANA LUISA SAO THIAGO DE ARAUJO DE AQUINO;;;M;;;M ;MUNICIPAL;4;22;4733300;AV ADOLFO PINHEIRO;1029;SANTO AMARO;55228063;;;3.0;ATENDIMENTOS NOS TURNOS DA MANHA E A TARDE;;;4000.0;0.0;0.0;0.0;0.0;1.0;0.0;10.0;NAO
7115326;1506137115326;15;150613;;HOSPITAL PORTELA LTDA;CLINICA PORTELA;;;M;;;M ;MUNICIPAL;4;4;68552206;RUA PIONEIRO BESSA;337;JARDIM UMUARAMA;3491-0232;-8.0327231;-50.0312914;3.0;ATENDIMENTOS NOS TURNOS DA MANHA E A TARDE;11382065000165.0;hospitalportela@hotmail.com;2062.0;0.0;0.0;0.0;0.0;1.0;0.0;;NAO
6917917;4212806917917;42;421280;83102335000148.0;MUNICIPIO DE BALNEARIO PICARRAS;CAPS CENTRO DE ATENCAO PSICOSSOCIAL;;;M;;;M ;MUNICIPAL;4;70;88380000;RUA ANTONIO PAULO DE BORBA;133;SANTO ANTONIO;4733452063;-26.76256;-48.684839;3.0;ATENDIMENTOS NOS TURNOS DA MANHA E A TARDE;;;1244.0;0.0;0.0;0.0;0.0;1.0;0.0;;SIM
3533689;3534403533689;35;353440;;MOROZ ODONTOLOGIA LTDA;MOROZ ODONTOLOGIA LTDA;;;M;;;M ;MUNICIPAL;4;22;6114020;AV DIOGO ANTONIO FEIJO;263;VILA QUITAUNA;(11)36881744;;;4.0;ATENDIMENTO NOS TURNOS DA MANHA, TARDE E NOITE;3953344000103.0;;2240.0;0.0;0.0;0.0;0.0;0.0;0.0;4.0;NAO
4661869;3519074661869;35;351907;;ASSOCIACAO APRENDER PARA A VIDA;ASSOCIACAO APRENDER PARA A VIDA;;;M;;;M ;MUNICIPAL;4;4;13186625;FRANCISCO GARCIA;445;PARQUE GABRIEL;19 96069185;-22.8584403771;-47.2210407257;3.0;ATENDIMENTOS NOS TURNOS DA MANHA E A TARDE;19370115000104.0;APRENDERPARAAVIDA@GMAIL.COM;3999.0;0.0;0.0;0.0;0.0;1.0;0.0;;NAO
4631900;4205404631900;42;420540;;SMART MEDICINE LTDA;SMART MEDICINE;;;M;;;M ;MUNICIPAL;4;36;88080000;ENGENHEIRO MAX DE SOUZA;906;COQUEIROS;48 31971700;-27.6035312;-48.5765792418;3.0;ATENDIMENTOS NOS TURNOS DA MANHA E A TARDE;40112073000190.0;felipe@SMARTmedicine.COM.BR;2062.0;0.0;0.0;0.0;0.0;1.0;0.0;;NAO
9758526;3133309758526;31;313330;;CONSULTORIO DA FAMILIA LTDA;CONSULTORIO DA FAMILIA LTDA ME;;;M;;;M ;MUNICIPAL;4;22;39625000;ALTAIR FARIAS GOMES;383;SAO JORGE;33 37341370;-16.5585898;-41.5078018;3.0;ATENDIMENTOS NOS TURNOS DA MANHA E A TARDE;17734078000132.0;siare@escritaonline.cnt.br;2062.0;0.0;0.0;0.0;0.0;0.0;0.0;;NAO
925586;2211000925586;22;221100;;EMPREENDIMENTOS PAGUE MENOS S A;FARMACIA PAGUE MENOS;;;M;;;M ;MUNICIPAL;4;43;64018290;AV BARAO DE GURGUEIA;1982;VERMELHA;8632616-3130;-5.114416;-42.8053871;4.0;ATENDIMENTO NOS TURNOS DA MANHA, TARDE E NOITE;6626253009612.0;lara.rebeca@hotmail.com emp096@pmenos.com.br;2046.0;0.0;0.0;0.0;0.0;0.0;0.0;;NAO
4643216;3107504643216;31;310750;;DROGARIA SAO JORGE DE BOM JARDIM DE MINAS LTDA;DROGARIA SAO JORGE;;;M;;;M ;MUNICIPAL;4;43;37310000;AVENIDA DOM SILVERIO;53;CENTRO;;-21.9495698596;-44.1888460887;4.0;ATENDIMENTO NOS TURNOS DA MANHA, TARDE E NOITE;16610701000182.0;gilmarasoares@yahoo.com.br;2062.0;;;;;1.0;0.0;;NAO
7292511;2300157292511;23;230015;23555170000138.0;PREFEITURA MUNICIPAL DE ACARAPE;POSTO DE SAUDE DE MORENOS;;;M;;;M ;MUNICIPAL;4;1;62785000;SITIO MORENOS;S/N;SITIO MORENOS;;-4.161221;-38.661267;5.0;ATENDIMENTO COM TURNOS INTERMITENTES;;;1244.0;0.0;0.0;0.0;0.0;0.0;0.0;;NAO
2276240;3303702276240;33;330370;29138385000806.0;MUNICIPIO DE PARAIBA DO SUL;VIGILANCIA AMBIENTAL;;;M;;;M ;MUNICIPAL;4;50;25850000;RUA JOSE LUIZ LOPES;66;GRAMA;24 2263 4751;-22.1604659;-43.3335966;3.0;ATENDIMENTOS NOS TURNOS DA MANHA E A TARDE;;;1244.0;;;;;0.0;0.0;;SIM
4488814;1100324488814;11;110032;;L DA SILVA CLINICA LTDA;LABORATORIOS ABEK SAUDE;;;M;;;M ;MUNICIPAL;4;22;76932000;SAO PAULO;126;CENTRO;69 92662105;-11.7005575;-62.7188664;3.0;ATENDIMENTOS NOS TURNOS DA MANHA E A TARDE;45867176000183.0;LILIA_DAMARES@HOTMAIL.COM;2062.0;0.0;0.0;0.0;0.0;0.0;0.0;;NAO
5539560;1302605539560;13;130260;;MAKARIOS TERAPEUTICO ESPACO BRINCANTO LTDA;BRINCANTO MANAUS;;;E;;;E ;ESTADUAL;4;36;69053020;AV RIO JUTAI;124;NOSSA SENHORA DAS GR;92 98627-6742;-3.1109485705;-60.0233745575;4.0;ATENDIMENTO NOS TURNOS DA MANHA, TARDE E NOITE;58525915000109.0;unidademanaus@espacobrincanto.com.br;2062.0;0.0;0.0;0.0;0.0;1.0;0.0;;NAO
3711803;3524103711803;35;352410;;LUCIANE ORLANDI COLLUS DOS SANTOS;LUCIANE ORLANDI COLLUS DOS SANTOS;;;M;;;M ;MUNICIPAL;3;22;14500000;RUA JOAO JOSE PAULA;570;CENTRO;;;;3.0;ATENDIMENTOS NOS TURNOS DA MANHA E A TARDE;;;4000.0;0.0;0.0;0.0;0.0;1.0;0.0;4.0;NAO
6295576;3549106295576;35;354910;;MARIA IGNEZ MENDES SODRE;MARIA IGNEZ MENDES SODRE SAO JOAO DA BOA VISTA;;;M;;;M ;MUNICIPAL;4;22;13874000;AV OSCAR PIRAJA MARTINS;48;SANTO ANDRE;36317013;;;3.0;ATENDIMENTOS NOS TURNOS DA MANHA E A TARDE;;mariaignez@hotmail.com;4000.0;0.0;0.0;0.0;0.0;1.0;0.0;4.0;NAO
7715722;3554007715722;35;355400;;MARIANA MEDEIROS CARDENAS;MARIANA MEDEIROS CARDENAS;;;M;;;M ;MUNICIPAL;4;22;18271580;DOMINGOS SANTOS FILHO;559;DR LAURINDO;33053233;-23.3473190129;-47.8375893831;3.0;ATENDIMENTOS NOS TURNOS DA MANHA E A TARDE;;;4000.0;0.0;0.0;0.0;0.0;0.0;0.0;;NAO
6545637;2202206545637;22;220220;;FONOAUDIOLOGIA E ODONTOLOGIA LTDA ME;EVOLUI DIAGNOSTICO E REABILITACAO;;;M;;;M ;MUNICIPAL;4;36;64280000;AV JOSE PAULINO;659;CENTRO;(86)8837-9401;-4.8293234;-42.1593974;3.0;ATENDIMENTOS NOS TURNOS DA MANHA E A TARDE;11069179000150.0;;2062.0;0.0;0.0;0.0;0.0;1.0;0.0;10.0;NAO
7834799;3503207834799;35;350320;;LABORATORIO DE ANALISES CLINICAS DR ARNALDO BUAINAIN SS LT;POSTO DE COLETA III LABORATORIO DR ARNALDO BUAINAIN;;;M;;;M ;MUNICIPAL;4;39;14802386;AVENIDA BENTO DE ABREU;802;JARDIM PRIMAVERA;1633015599;-21.7739251829;-48.1735854746;3.0;ATENDIMENTOS NOS TURNOS DA MANHA E A TARDE;50732544000388.0;;2062.0;0.0;0.0;0.0;0.0;0.0;0.0;;NAO
1104004;3505701104004;35;350570;;JOYCE DANTAS NOBREGA DE PAULA;JOYCE DANTAS NOBREGA DE PAULA;;;M;;;M ;MUNICIPAL;4;22;6440260;RUA LUIZ SCOTT;111;JARDIM IRACEMA;;-23.511;-46.876;3.0;ATENDIMENTOS NOS TURNOS DA MANHA E A TARDE;;;4000.0;0.0;0.0;0.0;0.0;0.0;0.0;8.0;NAO
5942756;3524405942756;35;352440;;KAREN TENILLE FERNANDES;KF ODONTOLOGIA;;;M;;;M ;MUNICIPAL;4;22;12308001;BARAO DE JACAREI;364;CENTRO;;-23.3021770281;-45.9594798088;3.0;ATENDIMENTOS NOS TURNOS DA MANHA E A TARDE;;;4000.0;0.0;0.0;0.0;0.0;1.0;0.0;;NAO
5637775;1507155637775;15;150715;;NORTE GESTAO MEDICA ESPECIALIZADA E EQUIPAMENTOS HOSPITALARE;NGM ESPECIALIZADA;;;M;;;M ;MUNICIPAL;4;36;68520000;DUQUE DE CAXIAS;S/N;CENTRO;94 84074981;-5.5411373;-48.7326033;3.0;ATENDIMENTOS NOS TURNOS DA MANHA E A TARDE;44576926000103.0;NGMESPECIALIZADA21@GMAIL.COM;2062.0;0.0;0.0;0.0;0.0;0.0;0.0;10.0;NAO
4339819;4303504339819;43;430350;;CAMILA MARIA DE OLIVEIRA;CAMILA MARIA DE OLIVEIRA;;;M;;;M ;MUNICIPAL;4;22;96780214;PROFESSORA LUIZA MARANINCHI;2000;JARDIM DO FORTE;53 84453670;-30.84959;-51.81963;3.0;ATENDIMENTOS NOS TURNOS DA MANHA E A TARDE;52360828000154.0;CAMIILAA95OLIVEIRA@GMAIL.COM;2135.0;0.0;0.0;0.0;0.0;0.0;0.0;;NAO
2880652;1501402880652;15;150140;;CENTRO HEPATOGASTRO DE BELEM SERVICOS MEDICOS LTDA;CENTRO HEPATOGASTRO DE BELEM;;;M;;;M ;MUNICIPAL;4;36;66035180;TRAVESSA QUARTOZE DE MARCO;1765;NAZARE;(91)991005782;-1.456;-48.5047;3.0;ATENDIMENTOS NOS TURNOS DA MANHA E A TARDE;35340023000120.0;0247@bvcontabilidade.com.br;2062.0;0.0;0.0;0.0;0.0;1.0;0.0;;NAO
7047398;3304557047398;33;330455;;PREVTOTAL LABORATORIO DE IMAGEM LTDA;PREVTOTAL LEBLON;;;M;;;M ;MUNICIPAL;4;36;22440033;AVENIDA ATALFO DE PAIVA;255;LEBLON;2138167055;-22.903;-43.208;3.0;ATENDIMENTOS NOS TURNOS DA MANHA E A TARDE;40314684000463.0;PREVTOTAL@PREVTOTAL.COM.BR;2062.0;0.0;0.0;0.0;0.0;0.0;0.0;8.0;NAO
8138680;5300108138680;53;530010;;AQUINO CRUZ SERVICOS MEDICOS LTDA;CLINICA ALLERGO VITALLE;;;E;;;E ;ESTADUAL;4;22;71936250;AV DAS ARAUCARIAS LOTE;785;SUL AGUAS CLARAS;61992994185;-15.8375801998;-48.0142209623;3.0;ATENDIMENTOS NOS TURNOS DA MANHA E A TARDE;51148263000183.0;CLINICAALLERGOVITALLE@GMAIL.COM;2062.0;0.0;0.0;0.0;0.0;0.0;0.0;;NAO
7171005;4307007171005;43;430700;;ADRO UBIRATA LINHARES DOS REIS;ODONTOPLACE;;;M;;;M ;MUNICIPAL;4;22;99700970;RUA MARECHAL DEODORO;91;CENTRO;54 35197833;-27.63947166;-52.26944491;2.0;ATENDIMENTO SOMENTE A TARDE;;adrowr@gmail.com;4000.0;0.0;0.0;0.0;0.0;0.0;0.0;;NAO
1129155;3550301129155;35;355030;;GIULIANA ARGENTO TOLEDO PETENUCI;GIULIANA ARGENTO TOLEDO PETENUCI;;;M;;;M ;MUNICIPAL;4;22;1323000;RUA MAESTRO CARDIM;354;LIBERDADE;;-23.5640415187;-46.6411803912;3.0;ATENDIMENTOS NOS TURNOS DA MANHA E A TARDE;;escritoriometropole@hotmail.com;4000.0;0.0;0.0;0.0;0.0;0.0;0.0;8.0;NAO
6088945;3550606088945;35;355060;;LARA RODRIGUES RODRIGUES LIMITADA EPP;LABCLIM ANALISES CLINICAS SAO ROQUE;;;M;;;M ;MUNICIPAL;4;39;18130490;RUA PEDRO VAZ;75;CENTRO;1147128024;;;3.0;ATENDIMENTOS NOS TURNOS DA MANHA E A TARDE;54119656000157.0;;2000.0;0.0;0.0;0.0;0.0;1.0;0.0;4.0;NAO
9541276;2927709541276;29;292770;;LABORATORIO MENDES SILVA LTDA;LABORATORIO GONTIJO GUIMARAES;;;M;;;M ;MUNICIPAL;4;39;45807000;FREI HENRIQUE DE COIMBRA;37;CENTRO;73 32816565;-16.2809374;-39.0239717;3.0;ATENDIMENTOS NOS TURNOS DA MANHA E A TARDE;7357029000174.0;shirley@laboratoriogontijo.com.br;2062.0;0.0;0.0;0.0;0.0;0.0;0.0;;NAO
9705236;3300209705236;33;330020;;LAPEC LABORATORIO DE ANALISES E PESQUISAS CLINICAS LTDA;LAPEC LABORATORIO DE ANALISES E PESQUISAS CLINICAS LTDA;;;M;;;M ;MUNICIPAL;4;39;28979129;AV GETULIO VARGAS;333;CENTRO;26650568;-22.8732492068;-42.3372101784;3.0;ATENDIMENTOS NOS TURNOS DA MANHA E A TARDE;29205242000365.0;administrativo@lablapec.com.br;2062.0;0.0;0.0;0.0;0.0;0.0;0.0;4.0;NAO
2061740;3538702061740;35;353870;46341038000129.0;MUNICIPIO DE PIRACICABA;CAPS II BELA VISTA PIRACICABA;;;M;;;M ;MUNICIPAL;4;70;13418200;RUA BELA VISTA;665;VILA INDEPENDENCIA;(19) 3433-0312;-22.7172948767;-47.6309266328;3.0;ATENDIMENTOS NOS TURNOS DA MANHA E A TARDE;;;1244.0;0.0;0.0;0.0;0.0;1.0;0.0;;SIM
3110850;2507503110850;25;250750;;CENTRO MEDICO HOSPITALAR LEONARDO F SILVA LTDA;CLINICA OTORRINOLARINGOLOGIA LEONARDO F SILVA;;;M;;;M ;MUNICIPAL;4;7;58032090;RUA ANTONIO RABELO JUNIOR;170;MIRAMAR;(83)3221-7110;-7.1194492237;-34.8370081186;6.0;ATENDIMENTO CONTINUO DE 24 HORAS/DIA (PLANTAO:INCLUI SABADOS, DOMINGOS E FERIADOS);4165758000130.0;;2062.0;1.0;1.0;0.0;1.0;1.0;1.0;;NAO
4645294;3112504645294;31;311250;18314617000147.0;FARMACIA;FARMACIA BASICA;;;M;;;M ;MUNICIPAL;4;43;35730000;RUA TENENTE SALVELINO GONCALVES RIBEIRO;410;CENTRO;31-983724988;-19.5466924468;-44.1363436655;3.0;ATENDIMENTOS NOS TURNOS DA MANHA E A TARDE;;Farmaciacapimbranco@gmail.com;1244.0;0.0;0.0;0.0;0.0;1.0;0.0;;SIM
127981;3139400127981;31;313940;;A C PEREIRA;LABORATORIO ARTE SORRISO;;;M;;;M ;MUNICIPAL;4;39;36900055;RUA DESEMBARGADOR ALONSO STARLING;111;CENTRO;3333317408;-20.254954843;-42.0341534898;3.0;ATENDIMENTOS NOS TURNOS DA MANHA E A TARDE;26896835000165.0;nelkcontabil@nelkcontabil.com.br;2135.0;0.0;0.0;0.0;0.0;0.0;0.0;;SIM
4210743;3511504210743;35;351150;;JESSICA APARECIDA FIDELIS TREVIZANI;JESSICA APARECIDA FIDELIS TREVISANI;;;M;;;M ;MUNICIPAL;4;22;18520103;RUA DR CAMPOS;1083;CENTRO;;-23.1548617037;-47.7413678169;3.0;ATENDIMENTOS NOS TURNOS DA MANHA E A TARDE;;;4000.0;0.0;0.0;0.0;0.0;0.0;0.0;;NAO
6684912;4106906684912;41;410690;;LUCIANA PAIM DE SA ORTIZ;LUCIANA PAIM DE SA ORTIZ;;;M;;;M ;MUNICIPAL;4;22;81315690;RUA ANTONIO DE OLIVEIRA SANTOS;116;CIC;4132466466;-25.5096450878;-49.3255314231;3.0;ATENDIMENTOS NOS TURNOS DA MANHA E A TARDE;;ortiz.luciana@terra.com.br;4000.0;0.0;0.0;0.0;0.0;0.0;0.0;;NAO
557358;3550300557358;35;355030;;PP MEDICOS ASSOCIADOS SOCIEDADE SIMPLES;PP MEDICOS ASSOCIADOS;;;M;;;M ;MUNICIPAL;4;36;1411000;RUA PADRE JOAO MANUEL;450;CERQUEIRA CESAR;;-23.5619397;-46.6624221;3.0;ATENDIMENTOS NOS TURNOS DA MANHA E A TARDE;3773010000158.0;;2232.0;0.0;0.0;0.0;0.0;1.0;0.0;;NAO
8144591;4127708144591;41;412770;;MAJOLI PEDIATRIA LTDA;MAJOLI PEDIATRIA;;;M;;;M ;MUNICIPAL;4;36;85900160;RUA SOUZA NAVES;67;CENTRO;(4591079132;-24.7264906501;-53.7394272037;3.0;ATENDIMENTOS NOS TURNOS DA MANHA E A TARDE;59427295000120.0;majolipediatra@gmail.com;2062.0;0.0;0.0;0.0;0.0;0.0;0.0;;NAO
8501521;3550308501521;35;355030;;JAIME MENDES NUTRICAO E SAUDE LTDA;JAIME MENDES NUTRICAO;;;M;;;M ;MUNICIPAL;4;22;8210090;RUA AMERICO SALVADOR NOVELLI;154;ITAQUERA;11936200575;-23.5406323;-46.4556376;3.0;ATENDIMENTOS NOS TURNOS DA MANHA E A TARDE;64704361000100.0;NUTRICIONISTA.JAIMEMENDES@GMAIL.COM;2062.0;0.0;0.0;0.0;0.0;0.0;0.0;;NAO
9653465;3143209653465;31;314320;;WEMERSON TADEU CIPRIANO;INSIGHT ESPACO TERAPEUTICO;;;M;;;M ;MUNICIPAL;4;22;37968000;PEDRO CAEIRO;105;CENTRO;35 35911940;-21.1876129451;-46.9787406921;5.0;ATENDIMENTO COM TURNOS INTERMITENTES;31427829000107.0;cirlenepeixoto_dias@hotmail.com;2135.0;0.0;0.0;0.0;0.0;1.0;0.0;;NAO
57215;2932500057215;29;293250;13672605000170.0;MUNICIPIO DE UNA;A 2 BASICA BASE DESCENTRALIZADA SAMU 192 UNA;;;M;;;M ;MUNICIPAL;4;42;45690000;RUA MORRO GRANDE;44;CENTRO;7332362247;-15.2926093234;-39.0754508972;6.0;ATENDIMENTO CONTINUO DE 24 HORAS/DIA (PLANTAO:INCLUI SABADOS, DOMINGOS E FERIADOS);;saude@una.ba.gov.br;1244.0;;;;;1.0;0.0;;NAO
7311141;5003207311141;50;500320;3330461000110.0;PREFEITURA MUNICIPAL DE CORUMBA;SAMU 1;;;M;;;M ;MUNICIPAL;4;42;79303220;AV RIO BRANCO;1611;UNIVERSITARIO;;-19.0016490861;-57.6265311241;6.0;ATENDIMENTO CONTINUO DE 24 HORAS/DIA (PLANTAO:INCLUI SABADOS, DOMINGOS E FERIADOS);;;1244.0;;;;;0.0;0.0;;NAO
821098;2507500821098;25;250750;;DORE SEGURANCA EM MEDICINA DO TRABALHO LTDA;DORE SEGURANCA EM MEDICINA DO TRABALHO;;;M;;;M ;MUNICIPAL;4;36;58013340;QUINTINO BOCAIUVA;139;CENTRO;83 99540481;-7.1152865735;-34.8632240295;3.0;ATENDIMENTOS NOS TURNOS DA MANHA E A TARDE;21310127000187.0;;2062.0;0.0;0.0;0.0;0.0;0.0;0.0;;NAO
4039718;4201204039718;42;420120;;LEILA CUNRADI DE OLIVEIRA FAO;FAO CENTRO DE FISIOTERAPIA;;;M;;;M ;MUNICIPAL;4;36;88180381;EDITE PETRY PITZ;36;CENTRO;48 99925029;-27.51794395;-48.76568375;3.0;ATENDIMENTOS NOS TURNOS DA MANHA E A TARDE;48658261000120.0;LEILA.CUNRADI@GMAIL.COM;2135.0;0.0;0.0;0.0;0.0;0.0;0.0;;SIM
9837507;3304559837507;33;330455;;DRA LUCIANA DE O LIMA CLINICA DERMATO COSMIATRIA LASER LTDA;DRA LUCIANA DE OLIVEIRA LIMA CLINICA DERMATOLOGICA;;;M;;;M ;MUNICIPAL;4;22;22440040;R CARLOS GOES;375;LEBLON;(21) 98301 - 5444;-22.098293;-43.022017;3.0;ATENDIMENTOS NOS TURNOS DA MANHA E A TARDE;28689777000124.0;luolima@gmail.com;2062.0;0.0;0.0;0.0;0.0;0.0;0.0;;NAO
4459253;3526804459253;35;352680;;MARIANA ROSSI POLA;CRESCER CLINICA DE PSICOLOGIA;;;M;;;M ;MUNICIPAL;4;22;18683520;RUA HUMBERTO ALVES TOCCI;350;JD UBIRAMA;(14)991872447;-22.6064336;-48.8104375;3.0;ATENDIMENTOS NOS TURNOS DA MANHA E A TARDE;;;4000.0;0.0;0.0;0.0;0.0;1.0;0.0;;NAO
2805464;3131302805464;31;313130;;LABORATORIO DE PROTESE LORENA LTDA;LABORATORIO PROTESE LORENA;;;M;;;M ;MUNICIPAL;4;39;35160306;RUA JEQUITIBA;581;HORTO;(31)38224555;-19.5061290232;-42.5722575188;3.0;ATENDIMENTOS NOS TURNOS DA MANHA E A TARDE;22703607000170.0;;2240.0;0.0;0.0;0.0;0.0;0.0;0.0;;NAO
3359565;3550303359565;35;355030;;SERUFO ODONTOLOGIA LTDA;SERUFO ODONTOLOGIA;;;M;;;M ;MUNICIPAL;4;22;2464300;AVENIDA IMIRIM;2170;IMIRIM;;-23.4876349421;-46.6521404847;4.0;ATENDIMENTO NOS TURNOS DA MANHA, TARDE E NOITE;47070876000178.0;;2062.0;0.0;0.0;0.0;0.0;0.0;0.0;;NAO
4671953;2408104671953;24;240810;;INOVA GASTRO CENTRO INTEGRADO LTDA;GASTROENTEROLOGIA;;;M;;;M ;MUNICIPAL;4;36;59020390;RUA MAJOR LAURENTINO DE MORAES;1220;BARRO VERMELHO;84 99057121;-5.799019;-35.204166;4.0;ATENDIMENTO NOS TURNOS DA MANHA, TARDE E NOITE;28688404000139.0;GASTRODIAGNOSTICA@GMAIL.COM;2062.0;0.0;0.0;0.0;0.0;0.0;0.0;;NAO
9451722;3550309451722;35;355030;;MDR SERVICOS DE COLETA;LAVOISIER M BOI MIRIM;;;M;;;M ;MUNICIPAL;4;39;4905021;ESTRADA DO M BOI MIRIM;1375;JARDIM DAS FLORES;11 26302000;-23.6714322;-46.7409267;1.0;ATENDIMENTO SOMENTE PELA MANHA;61486650086630.0;VANESSA.DAMASCENO@DASA.COM.BR;2046.0;0.0;0.0;0.0;0.0;1.0;0.0;10.0;NAO
4784863;3524004784863;35;352400;;FERNANDA SANTINATO LEME DA SILVA;FERNANDA SANTINATO STUDIO DE PILATES;;;M;;;M ;MUNICIPAL;4;36;13295090;AVENIDA GUANABARA;140;JD SAO VICENTE;1122756565;-23.1588272058;-47.063369751;4.0;ATENDIMENTO NOS TURNOS DA MANHA, TARDE E NOITE;32555532000181.0;adm@projetesb.com.br;2135.0;0.0;0.0;0.0;0.0;0.0;0.0;;NAO
8406448;4321908406448;43;432190;;A LUCIA PEREIRA OLIVEIRA LTDA;CLINICA FONOAUDIOLOGIA INFANTIL;;;M;;;M ;MUNICIPAL;4;22;98600000;RUA GENERAL DALTRO FILHO;401;CENTRO;45 91324615;-27.4540532598;-53.9314321773;3.0;ATENDIMENTOS NOS TURNOS DA MANHA E A TARDE;65367243000108.0;ANALUCIAPEREIRAOLIVEIRA2@GMAIL.COM;2062.0;0.0;0.0;0.0;0.0;0.0;0.0;;NAO
3970736;3525903970736;35;352590;;ERICA TONELLI;CONSULTORIO ODONTOLOGICO ERICA TONELLI;;;M;;;M ;MUNICIPAL;4;22;13208300;RUA ARMANDO COLAFERRI;207;JD PAULISTA I;(11)95189331;-23.199562;-46.8953489;4.0;ATENDIMENTO NOS TURNOS DA MANHA, TARDE E NOITE;;ericatonelli@yahoo.com.br;4000.0;0.0;0.0;0.0;0.0;0.0;0.0;;NAO
2487977;2933302487977;29;293330;;NUCLEO DE OTORRINOLARIGOLOGIA E CARDIOLOGIA LTDA;NUCLEO DE OTORRINOLARINGOLOGIA;;;M;;;M ;MUNICIPAL;4;22;45020750;OTAVIO SANTOS;350;RECREIO;77 34221869;-14.8562830839;-40.8372330666;3.0;ATENDIMENTOS NOS TURNOS DA MANHA E A TARDE;3896739000111.0;sercon202@yahoo.com.br;2062.0;0.0;0.0;0.0;0.0;1.0;0.0;;NAO
2765292;3134802765292;31;313480;;ALVARO DE PADUA CAMPOS SOBRINHO;ALVARO DE PADUA CAMPOS SOBRINHO;;;M;;;M ;MUNICIPAL;4;22;37965000;TRAVESSA I;268;SANTA CRUZ;(35)35931101;;;3.0;ATENDIMENTOS NOS TURNOS DA MANHA E A TARDE;;;4000.0;0.0;0.0;0.0;0.0;0.0;0.0;8.0;NAO
2278316;3301502278316;33;330150;;OTHOILDE LEAL CHRISTO;OTHOILDE LEAL CHRISTO;;;M;;;M ;MUNICIPAL;4;22;28540000;AV PRES VARGAS;110;CENTRO;(24)25511154;;;2.0;ATENDIMENTO SOMENTE A TARDE;;;4000.0;0.0;0.0;0.0;0.0;0.0;0.0;4.0;NAO
9758380;3550309758380;35;355030;;RAIA DROGASIL S A;RAIA 1078 SP BARRA FUNDA A;;;M;;;M ;MUNICIPAL;4;43;5036040;AVENIDA MARQUES DE SAO VICENTE;2219;AGUA BRANCA;(11) 3769-5736;-23.5187548;-46.6826912;4.0;ATENDIMENTO NOS TURNOS DA MANHA, TARDE E NOITE;61585865220194.0;VISACRF@RD.COM.BR;2046.0;0.0;0.0;0.0;0.0;0.0;0.0;;NAO
1157566;2927401157566;29;292740;;MARIA LUA MOTTA DE MORAES;MARIA LUA MOTTA DE MORAES;;;M;;;M ;MUNICIPAL;4;22;40100170;RUA PACIFICO PEREIRA 590;590;GARCIA;7199180-0481;-13.015512944;-38.4876179695;3.0;ATENDIMENTOS NOS TURNOS DA MANHA E A TARDE;;LUAMOTTTA@HOTMAIL.COM;4000.0;0.0;0.0;0.0;0.0;0.0;0.0;8.0;NAO
4913574;1303304913574;13;130330;4278818000121.0;UNIDADE BASICA DE SAUDE OLIVEIRA ANTONIO BRASIL ALHO;UNIDADE BASICA DE SAUDE OLIVEIRA ANTONIO BRASIL ALHO;;;M;;;M ;MUNICIPAL;4;2;69260000;AVENIDA 16 DE FEVEREIRO;402;CENTRO;;-5.1208229669;-60.3791105747;3.0;ATENDIMENTOS NOS TURNOS DA MANHA E A TARDE;;semsa.novoaripuana@gmail.com;1244.0;0.0;0.0;0.0;0.0;1.0;0.0;;SIM
5040833;2307305040833;23;230730;;ANA BEATRIZ HERMINA DUCATI;ANA BEATRIZ HERMINA DUCATI;;;M;;;M ;MUNICIPAL;4;22;63010020;RUA PADRE CICERO;418;CENTRO;088-3511-5553;-7.2019722;-39.318487;3.0;ATENDIMENTOS NOS TURNOS DA MANHA E A TARDE;;;4000.0;0.0;0.0;0.0;0.0;0.0;0.0;;NAO
6631983;3543406631983;35;354340;;UNIDADE DE VIDEODIAGNOSTICO DE RIBEIRAO PRETO S S;UNIDADE DE VIDEODIAGNOSTICO DE RIBEIRAO PRETO;;;M;;;M ;MUNICIPAL;4;36;14025010;RUA JOAO PENTEADO;1859;JARDIM SUMARE;(16) 3620 5876;-21.1854321469;-47.8129720688;3.0;ATENDIMENTOS NOS TURNOS DA MANHA E A TARDE;1294828000162.0;;2232.0;0.0;0.0;0.0;0.0;0.0;0.0;;NAO
73547;1200400073547;12;120040;;UNIAO MEDICINA INTEGRADA LTDA;CLINICA MEDEIROS;;;M;;;M ;MUNICIPAL;4;22;69900658;CORONEL ALEXANDRINO;676;BOSQUE;68 32244109;-9.96324;-67.81102;3.0;ATENDIMENTOS NOS TURNOS DA MANHA E A TARDE;24176773000191.0;atendimento@grupodueti.com.br;2062.0;0.0;0.0;0.0;0.0;0.0;0.0;;NAO
5019796;3550705019796;35;355070;;HELOYSE FERRONI FERREIRA;HELOYSE FERRONI FERREIRA;;;M;;;M ;MUNICIPAL;4;22;11608608;RUA CAPITAO LUIZ SOARES;557;CENTRO;;-23.8045046625;-45.4023835745;3.0;ATENDIMENTOS NOS TURNOS DA MANHA E A TARDE;;;4000.0;0.0;0.0;0.0;0.0;0.0;0.0;;NAO
6528740;1507156528740;15;150715;83211391000110.0;MUNICIPIO DE SAO DOMINGOS DO ARAGUAIA;LABORATORIO DE PROTESE DENTARIA;;;M;;;M ;MUNICIPAL;4;39;68520000;RUA ACRISIO SANTOS;467;CENTRO;09433321016;-5.5330597322;-48.7332701683;3.0;ATENDIMENTOS NOS TURNOS DA MANHA E A TARDE;;secsaudesda@gmail.com;1244.0;0.0;0.0;0.0;0.0;0.0;0.0;;SIM
7719515;4209307719515;42;420930;;UNIMED DE LAGES COOPERATIVA DE TRABALHO MEDICO DA REGIAO D;UNIMED DE LAGES;;;M;;;M ;MUNICIPAL;4;22;88502030;RUA FREI GABRIEL;115;CENTRO;49-32216600;-27.8173863953;-50.3250217438;3.0;ATENDIMENTOS NOS TURNOS DA MANHA E A TARDE;85246916000189.0;adriana@lages.unimedsc.com.br;2143.0;0.0;0.0;0.0;0.0;0.0;0.0;;NAO
8475482;3506008475482;35;350600;;RPGG CLINICA MEDICA LTDA;CAPELLI RESTAURACAO CAPILAR TRICOLOGIA E SAUDE;;;M;;;M ;MUNICIPAL;4;22;17018000;AVENIDA GETULIO VARGAS;2225;JARDIM EUROPA;14 34177730;-22.3516932232;-49.0506398678;3.0;ATENDIMENTOS NOS TURNOS DA MANHA E A TARDE;44252230000113.0;rodrigoredondo@hotmail.com;2062.0;0.0;0.0;0.0;0.0;0.0;0.0;;NAO
6620124;3204906620124;32;320490;;LEONARDO FERREIRA DERMATOLIGIA E MEDICINA APLICADA LTDA;LEONARDO FERREIRA DERMATOLIGIA E MEDICINA APLICADA LTDA;;;M;;;M ;MUNICIPAL;4;22;29933710;RUA NELSON FUNDAO;404;FATIMA;;;;3.0;ATENDIMENTOS NOS TURNOS DA MANHA E A TARDE;12442071000123.0;;2240.0;0.0;0.0;0.0;0.0;0.0;0.0;4.0;NAO
251992;2929500251992;29;292950;;JEL PSICOLOGIA LTDA;JOLUMAR PSICOLOGIA;;;M;;;M ;MUNICIPAL;4;22;43850000;12 DE OUTUBRO;00122;CENTRO;71 36555232;-12.5124823753;-38.4954071045;3.0;ATENDIMENTOS NOS TURNOS DA MANHA E A TARDE;34536959000168.0;a_s_contabilidade@yahoo.com.br;2062.0;0.0;0.0;0.0;0.0;0.0;0.0;;NAO
843741;3302850843741;33;330285;;CLINICA MEDICA JOSETE VIANA LTDA;CLINICA MEDICA JOSETE VIANA;;;M;;;M ;MUNICIPAL;4;22;26554160;AV MANOEL DUARTE SANTA TEREZINHA MESQUITA;1167;SANTA TEREZINHA;3905-5195;-22.7916549;-43.4371613;5.0;ATENDIMENTO COM TURNOS INTERMITENTES;32651065000193.0;contato@clinicajoseteviana.com.br;2062.0;0.0;0.0;0.0;0.0;0.0;0.0;8.0;NAO
4737024;3502804737024;35;350280;;ALINE FIORILLO COSTA;ALINE FIORILLO COSTA;;;M;;;M ;MUNICIPAL;4;22;16010310;RUA CARLOS GOMES;646;CENTRO;;-21.2110194864;-50.4434037209;3.0;ATENDIMENTOS NOS TURNOS DA MANHA E A TARDE;;;4000.0;0.0;0.0;0.0;0.0;0.0;0.0;;NAO
7343507;3548507343507;35;354850;;ULTRA SOM VILA RICA DIAGNOSTICO POR IMAGEM LTDA;VILA RICA CLINICA DE IMAGEM;;;M;;;M ;MUNICIPAL;4;39;11045903;AVENIDA CONSELHEIRO NEBIAS;730;BOQUEIRAO;13 3257-2300;-23.96607;-46.3239;4.0;ATENDIMENTO NOS TURNOS DA MANHA, TARDE E NOITE;2347972000263.0;credenciamento@vilaricamedicina.com.br;2062.0;0.0;0.0;0.0;0.0;0.0;0.0;;NAO
9965432;5103409965432;51;510340;;ASSOCIACAO VIA LACTEA CAMINHO LUZ E VIDA;ASSOCIACAO VIA LACTEA CAMINHO LUZ E VIDA;;;M;;;M ;MUNICIPAL;4;36;78048345;P LOT M SUTIL;91;ALVORADA;65 36424329;-15.5866951442;-56.0846539402;6.0;ATENDIMENTO CONTINUO DE 24 HORAS/DIA (PLANTAO:INCLUI SABADOS, DOMINGOS E FERIADOS);3865601000155.0;samuel.marques@utiinfantil.com.br;3999.0;0.0;0.0;0.0;0.0;1.0;0.0;;NAO
4024133;3304554024133;33;330455;;MOVE REABILITACAO INTELIGENTE LTDA;MOVE REABILITACAO INTELIGENTE;;;M;;;M ;MUNICIPAL;4;36;22240000;R DAS LARANJEIRAS;00029;LARANJEIRAS;;-22.912863288;-43.2971191406;3.0;ATENDIMENTOS NOS TURNOS DA MANHA E A TARDE;25137400000174.0;;2062.0;0.0;0.0;0.0;0.0;0.0;0.0;;NAO
2102412;3127372102412;31;312737;1615421000190.0;PREFEITURA MUNICIPAL DE GOIABEIRA;CENTRO DE SAUDE DE GOIABEIRA;;;M;;;M ;MUNICIPAL;4;2;35248000;RUA ROSA LUIZA FERREIRA;50;CENTRO;(33)32621113;-18.9819681489;-41.2231707573;6.0;ATENDIMENTO CONTINUO DE 24 HORAS/DIA (PLANTAO:INCLUI SABADOS, DOMINGOS E FERIADOS);;;1244.0;0.0;0.0;0.0;0.0;1.0;0.0;;SIM
4943155;2925304943155;29;292530;;JONELY MARCIA ENGELHARDT MARIM LTDA;LABORATORIO SANTA MARIA;;;M;;;M ;MUNICIPAL;4;39;45810000;PERO VAZ DE CAMINHA;256;CENTRO;73 31989898;-16.4489168955;-39.0647220612;3.0;ATENDIMENTOS NOS TURNOS DA MANHA E A TARDE;34393942000794.0;JONELYMARIM@HOTMAIL.COM;2062.0;0.0;0.0;0.0;0.0;0.0;0.0;;NAO
7189494;2113007189494;21;211300;6018568000116.0;UNIDADE MOVEL ODONTOLOGICA;UNIDADE MOVEL ODONTOLOGICA UOM;;;M;;;M ;MUNICIPAL;4;40;65320000;RUA DA PAZ;35;CENTRO;9836552747;-4.288098;-45.248327;3.0;ATENDIMENTOS NOS TURNOS DA MANHA E A TARDE;;;1244.0;0.0;0.0;0.0;0.0;0.0;0.0;;NAO
4911687;3306304911687;33;330630;;CLINICA MULTIDISCIPLINAR CYRNE E LOBO LTDA;CLINICA COLO DE MAE;;;M;;;M ;MUNICIPAL;4;22;27261610;VINTE E UM;87;VILA SANTA CECILIA;24 99984424;-22.5236052328;-44.1065057537;3.0;ATENDIMENTOS NOS TURNOS DA MANHA E A TARDE;45159773000153.0;VIVIANECYRNE@UOL.COM.BR;2062.0;0.0;0.0;0.0;0.0;0.0;0.0;;NAO
4193938;3106204193938;31;310620;;ODONTOBARAO HOME DE MELO;ODONTOCOMPANY BARROCA;;;M;;;M ;MUNICIPAL;4;36;30431285;AVENIDA BARAO HOMEM DE MELO;75;NOVA GRANADA;(31)3568-5439;-19.9344262;-43.9719115;4.0;ATENDIMENTO NOS TURNOS DA MANHA, TARDE E NOITE;46090711000103.0;BH-BARROCA@ODONTOCOMPANY.COM;2062.0;0.0;0.0;0.0;0.0;1.0;0.0;;NAO
2926555;3550302926555;35;355030;;INSTITUTO SUEL ABUJAMRA;CENTRO OFTALMOLOGICO BELVER UNIDADE LIBERDADE;;;M;;;M ;MUNICIPAL;4;62;1508020;RUA PIRAPITINGUI;80;LIBERDADE;11 37773026;-23.55934;-46.63866;3.0;ATENDIMENTOS NOS TURNOS DA MANHA E A TARDE;5095474000340.0;INSTITUTOSUEL@INSTITUTOSUEL.ORG.BR;3999.0;0.0;0.0;0.0;0.0;0.0;0.0;;NAO
4625455;2111304625455;21;211130;;VIVER COM AMOR SERVICOS DE SAUDE E ENFERMAGEM LTDA;VIVER COM AMOR;;;M;;;M ;MUNICIPAL;4;22;65075020;DOS ACAPUS I QD B;18;RENASCENCA;98 81774413;-2.462;-44.5455;3.0;ATENDIMENTOS NOS TURNOS DA MANHA E A TARDE;54918873000107.0;NETCON.CONTABILIDADE@GMAIL.COM;2062.0;0.0;0.0;0.0;0.0;1.0;0.0;;NAO
6290329;3550306290329;35;355030;;PAULA DENISE MARCATO;CONS ODONTO PAULA DENISE MARCATO;;;M;;;M ;MUNICIPAL;4;22;4562030;RUA ARANDU;205;BROOKLIN PAULISTA;;;;4.0;ATENDIMENTO NOS TURNOS DA MANHA, TARDE E NOITE;;;4000.0;0.0;0.0;0.0;0.0;1.0;0.0;8.0;NAO
6407692;2920506407692;29;292050;13910203000167.0;MUNICIPIO DE MARACAS;U S F JOAO CELESTINO;;;M;;;M ;MUNICIPAL;4;2;45360000;POVOADO PORTO ALEGRE;S/N;PORTO ALEGRE;(73)35333690;-13.8442469775;-40.6207466125;3.0;ATENDIMENTOS NOS TURNOS DA MANHA E A TARDE;;fundosaudemaracas2013@gmail.com;1244.0;0.0;0.0;0.0;0.0;1.0;0.0;;SIM
5704375;3548505704375;35;354850;;JOSE MILTON ASTOLFI;JOSE MILTON ASTOLFI;;;M;;;M ;MUNICIPAL;4;22;11060002;AVENIDA DONA ANA COSTA;484;GONZAGA;13 3284-4484;;;3.0;ATENDIMENTOS NOS TURNOS DA MANHA E A TARDE;;;4000.0;0.0;0.0;0.0;0.0;0.0;0.0;4.0;NAO
4628195;3505704628195;35;350570;;M B SERVICOS DE FISIOTERAPIA LTDA;MB FISIOTERAPIA;;;M;;;M ;MUNICIPAL;4;22;6454020;ALAMEDA CAUAXI;293;ALPHAVILLE CENTRO IN;11 23077000;-23.5073102356;-46.8746709824;4.0;ATENDIMENTO NOS TURNOS DA MANHA, TARDE E NOITE;46611966000166.0;ATENDIMENTO@CVTONELLI.COM.BR;2062.0;0.0;0.0;0.0;0.0;0.0;0.0;;NAO
6585604;1600306585604;16;160030;5995766000177.0;MUNICIPIO DE MACAPA;PMM U B S MARABAIXO;;;M;;;M ;MUNICIPAL;4;2;68909870;RUA QUATRO;S/N;MARABAIXO II;;0.0445527;-51.1295901;4.0;ATENDIMENTO NOS TURNOS DA MANHA, TARDE E NOITE;;;1244.0;0.0;0.0;0.0;0.0;1.0;0.0;;SIM
7810288;4202007810288;42;420200;;CLIPI CLINICA PEDIATRICA INTEGRADA LTDA;CLIPI;;;M;;;M ;MUNICIPAL;4;4;88331080;RUA FRANCISCO MANOEL DE SOUZA;129;PIONEIROS;(47) 3367-0314;-26.9734089384;-48.6371129751;3.0;ATENDIMENTOS NOS TURNOS DA MANHA E A TARDE;12012488000156.0;clipi@saninternet.com.br;2062.0;0.0;0.0;0.0;0.0;0.0;0.0;;NAO
4767721;3548804767721;35;354880;;RAIA DROGASIL S A;DROGASIL DS0379;;;M;;;M ;MUNICIPAL;4;43;9531190;TERRACOTA;545;CERAMICA;11 97126-5232;-23.626675;-46.579778;4.0;ATENDIMENTO NOS TURNOS DA MANHA, TARDE E NOITE;61585865047115.0;FISCALLEGALIZACAO@RDSAUDE.COM.BR;2046.0;0.0;0.0;0.0;0.0;1.0;0.0;;NAO
4741293;3550304741293;35;355030;;OPORTUNIZAR CLINICA TERAPIA OCUPACIONAL LTDA;OPORTUNIZAR CLINICA TERAPIA OCUPACIONAL;;;M;;;M ;MUNICIPAL;4;36;2203010;RUA PADRE MARCOS SIMONI;262;VILA EDE;(11)99557-6350;-23.49124;-46.59047;4.0;ATENDIMENTO NOS TURNOS DA MANHA, TARDE E NOITE;39741216000143.0;oportunizarclinicaterapiaocupa@hotmail.com;2062.0;0.0;0.0;0.0;0.0;0.0;0.0;;NAO
6799264;3550306799264;35;355030;;SMILE DENTAL CLINICA ODONTOLOGICA LTDA;CONS ODONTO SMILE;;;M;;;M ;MUNICIPAL;4;36;4734002;AVENIDA ADOLFO PINHEIRO;1000;SANTO AMARO;;-23.6447528;-46.7000048;4.0;ATENDIMENTO NOS TURNOS DA MANHA, TARDE E NOITE;10352133000180.0;eder_jmr@hotmail.com;2062.0;0.0;0.0;0.0;0.0;0.0;0.0;;NAO
3734994;3530303734994;35;353030;;DE LOS REYES FERRAZ;CLINICA DE LOS REYES FERRAZ MIRASSOL;;;M;;;M ;MUNICIPAL;4;22;15135070;AV ELIEZER MAGALHAES;2809;JARDIM MARILU;17 32422811;-20.812884;-49.502203;3.0;ATENDIMENTOS NOS TURNOS DA MANHA E A TARDE;5273860000112.0;;2240.0;0.0;0.0;0.0;0.0;1.0;0.0;;NAO
9170138;3505509170138;35;350550;;VIEIRA MACEDO CONSULTORIO ODONTOLOGICO LTDA ME;CONSULTORIO ODONTOLOGICO DENTAL ARTS;;;M;;;M ;MUNICIPAL;4;22;14780130;RUA 32;1141;CENTRO;;-20.3233193392;-48.3217763901;3.0;ATENDIMENTOS NOS TURNOS DA MANHA E A TARDE;24196715000120.0;;2062.0;0.0;0.0;0.0;0.0;1.0;0.0;;NAO
9378324;3509509378324;35;350950;;ANA CRISTINA LOURENCO ALVES RODRIGUES;ANA CRISTINA LOURENCO ALVES RODRIGUES;;;M;;;M ;MUNICIPAL;4;22;13010110;R GENERAL OSORIO;698;CENTRO;32015369;-22.9051117188;-47.0627115493;3.0;ATENDIMENTOS NOS TURNOS DA MANHA E A TARDE;;titinalfenas@hotmail.com;4000.0;0.0;0.0;0.0;0.0;0.0;0.0;10.0;NAO
949078;3550300949078;35;355030;;CEZAR P BERNE ODONTOLOGIA LTDA;INSTITUTO CEZAR BERNE;;;M;;;M ;MUNICIPAL;4;36;1305000;RUA AUGUSTA;101;CONSOLACAO;11949044446;-23.5504691;-46.6473144;3.0;ATENDIMENTOS NOS TURNOS DA MANHA E A TARDE;43253138000105.0;czr20@hotmail.com;2062.0;0.0;0.0;0.0;0.0;1.0;0.0;;NAO
7565380;3304557565380;33;330455;;ALEKSSANDRA LEAL DO ESPIRITO SANTO;ALEKSSANDRA LEAL DO ESPIRITO SANTO;;;M;;;M ;MUNICIPAL;4;22;20771005;AV DOM HELDER CAMARA;6644;PILARES;;-22.8814616;-43.2928404;4.0;ATENDIMENTO NOS TURNOS DA MANHA, TARDE E NOITE;;alek.fono@uol.com.br;4000.0;0.0;0.0;0.0;0.0;0.0;0.0;;NAO
6265847;3548806265847;35;354880;;CLINICA GINECOLOGICA NEMOTO S C LTDA;CLINICA GINECOLOGICA NEMOTO S C LTDA;;;M;;;M ;MUNICIPAL;4;22;9520070;RUA AMAZONAS;521;CENTRO;;-23.6153706165;-46.5691673756;3.0;ATENDIMENTOS NOS TURNOS DA MANHA E A TARDE;1372626000191.0;;2240.0;0.0;0.0;0.0;0.0;0.0;0.0;;NAO
3208575;3520503208575;35;352050;;F R BIASIN DA SILVA;ODONTOLOGIA FABIO BIASIN;;;M;;;M ;MUNICIPAL;4;22;13330120;RUA TREZE DE MAIO;851;CENTRO;(19)38752520;-23.0878621;-47.2057023;3.0;ATENDIMENTOS NOS TURNOS DA MANHA E A TARDE;31813263000143.0;;2135.0;0.0;0.0;0.0;0.0;1.0;0.0;6.0;NAO
61158;3304550061158;33;330455;;DRA BRUNA MELLO MEDICINA E SAUDE LTDA;CLINICA POPULAR BKM SAUDE;;;M;;;M ;MUNICIPAL;4;36;22793081;AVENIDA DAS AMERICAS;08585;BARRA DA TIJUCA;(21)96412-2652;-22.9681954;-43.6179489;3.0;ATENDIMENTOS NOS TURNOS DA MANHA E A TARDE;30644508000193.0;bruna.melloo@hotmail.com;2062.0;0.0;0.0;0.0;0.0;1.0;0.0;8.0;NAO
452300;4310200452300;43;431020;;CLINICA ESPACO BEMVIVER LTDA;ESPACO BEMVIVER;;;M;;;M ;MUNICIPAL;4;36;98700000;IANNE THORSTEMBERG;46;MORADA DO SOL;55 99066015;-28.3889086166;-53.9106416702;3.0;ATENDIMENTOS NOS TURNOS DA MANHA E A TARDE;37565445000129.0;PATI_WEICH@HOTMAIL.COM;2240.0;0.0;0.0;0.0;0.0;0.0;0.0;;SIM
5322111;3541005322111;35;354100;;HIPERCLINICA ZELTMAN LTDA;HIPERCLINICA ZELTMAN;;;M;;;M ;MUNICIPAL;4;36;11701380;AVENIDA SAO PAULO;1161;BOQUEIRAO;13 - 35923588;-24.008668568;-46.4183950424;3.0;ATENDIMENTOS NOS TURNOS DA MANHA E A TARDE;8366989000163.0;hiperclinica@hotmail.com;2062.0;0.0;0.0;0.0;0.0;1.0;0.0;;NAO
8206740;3201208206740;32;320120;;BACKER MEDICINA LTDA;BACKER MEDICINA;;;M;;;M ;MUNICIPAL;4;36;29304501;KONRAD ADENAUER;21;SUMARE;28 35177957;-20.852283;-41.114389;3.0;ATENDIMENTOS NOS TURNOS DA MANHA E A TARDE;63339930000194.0;CLINESPCACHOEIRO@GMAIL.COM;2062.0;0.0;0.0;0.0;0.0;0.0;0.0;;NAO
115312;1200100115312;12;120010;4034526000143.0;SECRETARIA DE ESTADO DE SAUDE;CENTRAL REGIONAL CENTRAL DE ARMAZENAGEM E DISTRIBUICAO ALT;;;E;;;E ;ESTADUAL;4;84;69932000;BR 317 KM 01;S/N;ZONA RURAL;68 35463804;-11.0156354;-68.751604;1.0;ATENDIMENTO SOMENTE PELA MANHA;;imunizacaoaltoacre@gmail.com;1023.0;0.0;0.0;0.0;0.0;0.0;0.0;;SIM
2261979;4301602261979;43;430160;88073291000199.0;PREFEITURA MUNICIPAL DE BAGE;AMBULATORIO DE EPLEPSIA E OFALMOLOGIA;;;D;;;D ;DUPLA;4;36;96400040;RUA CAETANO GONCALVES;801;CENTRO;(53) 242149;;;3.0;ATENDIMENTOS NOS TURNOS DA MANHA E A TARDE;;;1000.0;0.0;0.0;0.0;0.0;0.0;0.0;4.0;NAO
2157101;3120902157101;31;312090;;GIOVANNA MARTINS FERREIRA;CONS ODONT GIOVANNA MARTINS FERREIRA;;;M;;;M ;MUNICIPAL;4;22;35790000;RUA ZUZA ANGEL;72;CENTRO;(38)37214561;;;3.0;ATENDIMENTOS NOS TURNOS DA MANHA E A TARDE;;;4000.0;0.0;0.0;0.0;0.0;1.0;0.0;8.0;NAO
5822807;3550305822807;35;355030;;NATALIA S TULLII TERAPIA OCUPACIONAL LTDA;NATALIA S TULLII TERAPIA OCUPACIONAL;;;M;;;M ;MUNICIPAL;4;22;5429000;R COSTA CARVALHO;80;PINHEIROS;;-23.56055;-46.69936;3.0;ATENDIMENTOS NOS TURNOS DA MANHA E A TARDE;39767711000121.0;nataliatullii@gmail.com;2062.0;0.0;0.0;0.0;0.0;1.0;0.0;;NAO
6558380;2613906558380;26;261390;10282945000105.0;MUNICIPIO DE SERRA TALHADA;SMS DE SERRA TALHADA;;;M;;;M ;MUNICIPAL;4;68;56903450;R IRNERIO INACIO DE OLIVEIRA;S/N;CENTRO;8738312339;-7.984161455;-38.2943058014;3.0;ATENDIMENTOS NOS TURNOS DA MANHA E A TARDE;;;1244.0;;;;;1.0;0.0;;SIM
961515;3118600961515;31;311860;;CLINICA ODONTOLOGICA INCONFIDENTES LTDA;ODONTO EXCELLENCE;;;M;;;M ;MUNICIPAL;4;22;32260340;FREI HENRIQUE SOARES;225;INCONFIDENTES;31 32128825;-19.956008;-44.0381733;4.0;ATENDIMENTO NOS TURNOS DA MANHA, TARDE E NOITE;30790771000190.0;sercoljr@gmail.com;2062.0;0.0;0.0;0.0;0.0;0.0;0.0;;NAO
7332661;2606207332661;26;260620;;CARVALHO E CAMPOS CONSULTORIA MEDICA LTDA;CLINICA DE FRATURAS DE GOIANA;;;M;;;M ;MUNICIPAL;4;36;55900000;PRACA DUQUE DE CAIXIAS;705;CENTRO;8136260888;;;3.0;ATENDIMENTOS NOS TURNOS DA MANHA E A TARDE;13025034000182.0;amanda.borges.silva@hotmail.com;2062.0;0.0;0.0;0.0;0.0;1.0;0.0;8.0;NAO
4512626;2927404512626;29;292740;;ACOLHE SALVADOR LTDA;ACOLHE SALVADOR;;;M;;;M ;MUNICIPAL;4;36;41820770;ALCEU AMOROSO LIMA EDIF SALVADOR BUSIN LOJAS 1 2 3;000440;CAMINHO DAS ARVORES;7135611875/996417371;-12.9800113272;-38.4551525116;3.0;ATENDIMENTOS NOS TURNOS DA MANHA E A TARDE;52069195000120.0;acolhesalvador@gmail.com;2062.0;0.0;0.0;0.0;0.0;1.0;0.0;;NAO
624616;4318800624616;43;431880;;IUPPEN ANESTESIOLOGISTAS LTDA;IUPPEN ANESTESIOLOGISTAS;;;M;;;M ;MUNICIPAL;4;22;96170000;ALMIRANTE DE ABREU;522;CENTRO;53 32511609;-31.3640445415;-51.9790434837;3.0;ATENDIMENTOS NOS TURNOS DA MANHA E A TARDE;40308460000104.0;iuppenanestesiologistas@hotmail.com;2062.0;0.0;0.0;0.0;0.0;0.0;0.0;;NAO
8180016;4209308180016;42;420930;;STUANI REABILITA LTDA;STUANI REABILITA;;;M;;;M ;MUNICIPAL;4;36;88509310;BRASIL;610;S CRISTOVAO;49 32223400;-27.8172535491;-50.3303217888;3.0;ATENDIMENTOS NOS TURNOS DA MANHA E A TARDE;64113504000109.0;CONTABILIDADE@FELDHAUS.COM.BR;2062.0;0.0;0.0;0.0;0.0;0.0;0.0;;SIM
2317192;1502302317192;15;150230;5149109000109.0;PREFEITURA MUNICIPAL DE CAPITAO POCO;USF IGARAPE ACU;;;M;;;M ;MUNICIPAL;4;2;68650000;IGARAPE ACU;S/N;COMUNIDADE;;-1.5761675896;-47.0351207256;3.0;ATENDIMENTOS NOS TURNOS DA MANHA E A TARDE;;;1244.0;0.0;0.0;0.0;0.0;0.0;0.0;;SIM
9618309;3152509618309;31;315250;;CLINICA MEDICA VIDA LTDA;CLINICA MEDICA VIDA II;;;M;;;M ;MUNICIPAL;4;22;37550067;RUA CEL OTAVIO MEYER;223;CENTRO;(35)34219915;;;4.0;ATENDIMENTO NOS TURNOS DA MANHA, TARDE E NOITE;14930561000285.0;;2062.0;0.0;0.0;0.0;0.0;0.0;0.0;1.0;NAO
5919843;3302205919843;33;330220;;HUMBERTO LADEIRA DA COSTA;HUMBERTO LADEIRA DA COSTA;;;M;;;M ;MUNICIPAL;4;22;28300000;RUA DEZ DE MAIO;604;CENTRO;;-21.202863;-41.890591;3.0;ATENDIMENTOS NOS TURNOS DA MANHA E A TARDE;;;4000.0;0.0;0.0;0.0;0.0;0.0;0.0;;NAO
4355067;2401104355067;24;240110;;JOSE W LACERDA DA SILVA LTDA;CONSULTORIO DR JOSE LACERDA;;;M;;;M ;MUNICIPAL;4;22;59655000;RUA DESEMBARGADOR SILVERIO;262;CENTRO;;-4.9556876;-37.1331554;3.0;ATENDIMENTOS NOS TURNOS DA MANHA E A TARDE;50469500000145.0;;2062.0;0.0;0.0;0.0;0.0;0.0;0.0;;NAO
9719121;3300409719121;33;330040;;FERNANDA CARRARO DE CASTRO ESTEVES BRANCO;FERNANDA CARRARO DE CASTRO ESTEVES BRANCO;;;M;;;M ;MUNICIPAL;4;22;27345480;RUA SAO SEBASTIAO;67;CENTRO;;-22.545805;-44.171952;2.0;ATENDIMENTO SOMENTE A TARDE;;fernanda carrarobranco@gmail.com;4000.0;0.0;0.0;0.0;0.0;0.0;0.0;;NAO
4965809;4213204965809;42;421320;;CLINICA DO CORACAO VALE EUROPEU LTDA;CLINICA DO CORACAO VALE EUROPEU;;;M;;;M ;MUNICIPAL;4;22;89107000;RIBEIRAO SOUTO;3407;RIBEIRAO SOUTO;31 96754645;-26.8166872;-49.1836813;3.0;ATENDIMENTOS NOS TURNOS DA MANHA E A TARDE;58059746000150.0;JLISBOA62@HOTMAIL.COM;2062.0;0.0;0.0;0.0;0.0;1.0;0.0;;NAO
6931278;4106906931278;41;410690;;MYA ODONTOLOGIA LTDA;MYASAVA ODONTOLOGIA;;;M;;;M ;MUNICIPAL;4;4;80420080;EMILIANO PERNETA;466;CENTRO;41-32323921;;;3.0;ATENDIMENTOS NOS TURNOS DA MANHA E A TARDE;9532916000167.0;danielamya@hotmail.com;2240.0;0.0;0.0;0.0;0.0;1.0;0.0;10.0;NAO
5150272;3548505150272;35;354850;;MARIA TERESA FRUCTUOSO AMADO VAZ PEDRO;MARIA TERESA FRUCTUOSO AMADO VAZ PEDRO;;;M;;;M ;MUNICIPAL;4;22;11040001;AVENIDA ALMIRANTE COCHRANE;194;APARECIDA;13-32383406;-23.9699993176;-46.3078451157;3.0;ATENDIMENTOS NOS TURNOS DA MANHA E A TARDE;;mtfaup@uol.com.br;4000.0;0.0;0.0;0.0;0.0;0.0;0.0;;NAO
2181983;3154602181983;31;315460;18314609000109.0;PREFEITURA MUNICIPAL DE RIBEIRAO DAS NEVES;UNIDADE DE SAUDE DA FAMILIA ROSANEVES II;;;M;;;M ;MUNICIPAL;4;2;33840200;RUA DALIAS;50;ROSANEVES;(31)36252281;-19.7441662015;-44.0881562233;3.0;ATENDIMENTOS NOS TURNOS DA MANHA E A TARDE;;;1244.0;0.0;0.0;0.0;0.0;1.0;0.0;;SIM
2352737;2604302352737;26;260430;11361219000132.0;MUNICIPIO DE CEDRO;UNIDADE BASICA VILA COHAB I PSF I;;;M;;;M ;MUNICIPAL;4;2;56130000;RUA SANTA CRUZ;S/N;COHAB1;;-7.7132235;-39.2400172;3.0;ATENDIMENTOS NOS TURNOS DA MANHA E A TARDE;;;1244.0;0.0;0.0;0.0;0.0;1.0;0.0;;SIM
7981937;3550307981937;35;355030;;FABIANA COIMBRA NORONHA;CONS PSICO FABIANA COIMBRA NORONHA;;;M;;;M ;MUNICIPAL;4;22;2333000;AV AGUA FRIA;467;SANTANA;992351080;;;3.0;ATENDIMENTOS NOS TURNOS DA MANHA E A TARDE;;fcoimbra@hotmail.com;4000.0;0.0;0.0;0.0;0.0;1.0;0.0;8.0;NAO
3816257;5002703816257;50;500270;;LAURA CHRISTHINE DE MELO TEIXEIRA ANACHE;LAURA CHRISTHINE DE MELO TEIXEIRA ANACHE;;;M;;;M ;MUNICIPAL;4;22;79002075;AVENIDA AFONSO PENA;3504;CENTRO;67 - 33822413;-20.465506;-54.6266733;3.0;ATENDIMENTOS NOS TURNOS DA MANHA E A TARDE;;;4000.0;0.0;0.0;0.0;0.0;1.0;0.0;6.0;NAO
4052633;4107754052633;41;410775;78063732000118.0;PREFEITURA MUNICIPAL DE FIGUEIRA;PSF URBANO 1;;;M;;;M ;MUNICIPAL;4;2;84285000;RUA PLATANO;25;CENTRO;4335471303;-23.8501049129;-50.4058527946;3.0;ATENDIMENTOS NOS TURNOS DA MANHA E A TARDE;;;1244.0;0.0;0.0;0.0;0.0;1.0;0.0;;SIM
3437299;3505703437299;35;350570;;CLINICA DE FISIOTERAPIA RENASCER LTDA;CLINICA DE FISIOTERAPIA RENASCER LTDA;;;M;;;M ;MUNICIPAL;4;36;6401000;RUA CAMPO SALES;538;CENTRO;(11) 4163-2473;-23.5090024366;-46.8753790855;3.0;ATENDIMENTOS NOS TURNOS DA MANHA E A TARDE;71582183000149.0;fisioterapiarenascer@gmail.com;2062.0;0.0;0.0;0.0;0.0;0.0;0.0;;NAO
2208369;3120152208369;31;312015;1614283000124.0;PREFEITURA MUNICIPAL DE CRISOLITA;CENTRO DE SAUDE DE CRISOLITA;;;M;;;M ;MUNICIPAL;4;2;39885000;RUA TEODORO GONCALVES;41;CENTRO;(33)36118000;-17.2379157246;-40.9110045433;3.0;ATENDIMENTOS NOS TURNOS DA MANHA E A TARDE;;saudecris@yahoo.com.br;1244.0;0.0;0.0;0.0;0.0;1.0;0.0;;SIM
6533507;4305106533507;43;430510;;EDUARDO FLACH;FLACH ODONTOLOGIA;;;M;;;M ;MUNICIPAL;4;22;95020190;RUA DR MONTAURY;01471;CENTRO;54 32213272;-29.1707492937;-51.1800456047;3.0;ATENDIMENTOS NOS TURNOS DA MANHA E A TARDE;;edu.flach@hotmail.com;4000.0;0.0;0.0;0.0;0.0;0.0;0.0;;NAO
2250543;4321802250543;43;432180;87612800000141.0;PREFEITURA MUNICIPAL DE TRES DE MAIO;PSF VIVA MAIS;;;M;;;M ;MUNICIPAL;4;2;98910000;RUA ALFREDO HENN;638;SAO PEDRO;(55)35352217;-27.7820172;-54.2273484;3.0;ATENDIMENTOS NOS TURNOS DA MANHA E A TARDE;;saude@pmtresdemaio.com.br;1244.0;0.0;0.0;0.0;0.0;0.0;0.0;;SIM
7789300;5104807789300;51;510480;3347135000116.0;SAUDE DA MULHER;SAUDE DA MULHER;;;M;;;M ;MUNICIPAL;4;36;78820000;RUA JACIRA;1088;CENTRO;(66) 981091271;-15.9729634;-54.9677474;3.0;ATENDIMENTOS NOS TURNOS DA MANHA E A TARDE;;;1244.0;0.0;0.0;0.0;0.0;1.0;0.0;;SIM
8120137;4314908120137;43;431490;;GOTARDO STANGLER SOCIEDADE SIMPLES;GOTARDO STANGLER;;;M;;;M ;MUNICIPAL;4;36;91530020;DOS BURGUESES;295;PARTENON;51 96039889;-30.0607489962;-51.1661612372;3.0;ATENDIMENTOS NOS TURNOS DA MANHA E A TARDE;29967614000129.0;GUISTANGLER@GMAIL.COM;2232.0;0.0;0.0;0.0;0.0;0.0;0.0;;NAO
5592356;3304905592356;33;330490;;AILTON MACHADO LEMOS;AILTON MACHADO LEMOS;;;M;;;M ;MUNICIPAL;4;22;24461000;AVNIDA PAULA LEMOS;35;MUTUA;;-22.827;-43.054;3.0;ATENDIMENTOS NOS TURNOS DA MANHA E A TARDE;;;4000.0;0.0;0.0;0.0;0.0;0.0;0.0;8.0;NAO
5902177;3201305902177;32;320130;;CLINICA GASTRO LTDA;CLINICA GASTRO;;;E;;;E ;ESTADUAL;4;39;29146140;MINISTRO EURICO SALLES;437;CAMPO GRANDE;27 30614766;-20.3113401;-40.3295504;1.0;ATENDIMENTO SOMENTE PELA MANHA;7584644000547.0;financeiro@clinicagastroes.com.br;2062.0;0.0;0.0;0.0;0.0;1.0;0.0;;NAO
3036790;4202403036790;42;420240;;CURT ODONTOLOGIA LTDA;CURT ODONTOLOGIA;;;M;;;M ;MUNICIPAL;4;22;89010050;PAUL HERING;92;CENTRO;47 97197005;-26.921014;-49.0653654992;4.0;ATENDIMENTO NOS TURNOS DA MANHA, TARDE E NOITE;46762025000123.0;curt.odontologia@gmail.com;2062.0;0.0;0.0;0.0;0.0;1.0;0.0;;NAO
4239709;3106204239709;31;310620;;GISELE DE OLIVEIRA TURANI;GISELE TURANI;;;M;;;M ;MUNICIPAL;4;22;30180076;RUA TENENTE BRITO MELO;1355;SANTO AGOSTINHO;31 986221983;-19.9180943;-43.9534818;4.0;ATENDIMENTO NOS TURNOS DA MANHA, TARDE E NOITE;;gisele.turani@gmail.com;4000.0;0.0;0.0;0.0;0.0;0.0;0.0;8.0;NAO
2051257;3513102051257;35;351310;;BIOLAB LABORATORIO DE ANALISES CLINICAS S C LTDA ME;BIOLAB LABORATORIO DE ANALISES CLINICAS CRAVINHOS;;;M;;;M ;MUNICIPAL;4;39;14140000;AVENIDA DONA RITA CANDIDA NOGUEIRA;38;CENTRO;(16)39515460;;;3.0;ATENDIMENTOS NOS TURNOS DA MANHA E A TARDE;8244569000104.0;bio.analise@hotmail.com;2000.0;;;;;0.0;0.0;4.0;SIM
4371585;4106904371585;41;410690;;EDISON LUIZ ALMEIDA TIZZOT;EDISON LUIZ ALMEIDA TIZZOT;;;M;;;M ;MUNICIPAL;4;22;80810070;RUA SOLIMOES;1154;MERCES;41 99972-7474;-25.428;-49.273;3.0;ATENDIMENTOS NOS TURNOS DA MANHA E A TARDE;;adrianealfa@gmail.com;4000.0;0.0;0.0;0.0;0.0;1.0;0.0;4.0;NAO
2010712;2706302010712;27;270630;7135719000189.0;SECRETARIA MUNICIPAL DE SAUDE PALMEIRA DOS INDIOS;USF VILA JOAO XXIII;;;M;;;M ;MUNICIPAL;4;2;57607020;AVENIDA ALGOAS;2466;JARDIM BRASIL;;-9.41618;-36.63192458;3.0;ATENDIMENTOS NOS TURNOS DA MANHA E A TARDE;;;1031.0;0.0;0.0;0.0;0.0;1.0;0.0;;SIM
5558115;3515105558115;35;351510;;CENTRO ESPECIALIZADO NASCERE LTDA;NASCERE;;;M;;;M ;MUNICIPAL;4;4;6900135;7 DE SETEMBRO;32;CENTRO;11 71947407;-23.831047322;-46.8139564991;3.0;ATENDIMENTOS NOS TURNOS DA MANHA E A TARDE;60289510000152.0;DAIANEDECEZARE@GMAIL.COM;2062.0;0.0;0.0;0.0;0.0;0.0;0.0;;NAO
2059150;3500752059150;35;350075;67360420000150.0;PREFEITURA MUNICIPAL DE ALAMBARI;PAS DO CERRADO;;;M;;;M ;MUNICIPAL;4;1;18220000;RUA SABIA;S/N;ATERRADINHO;(15)97868197;;;1.0;ATENDIMENTO SOMENTE PELA MANHA;;saudealambari@iw.com.br;1244.0;0.0;0.0;0.0;0.0;0.0;0.0;4.0;NAO
5881978;5208705881978;52;520870;;FDR SERVICOS MEDICOS DE ANESTESIA LTDA;FDR ANESTESIA;;;M;;;M ;MUNICIPAL;4;22;74210005;AVENIDA T 2 COND;471;SETOR BUENO;;-16.6924343985;-49.2741966248;3.0;ATENDIMENTOS NOS TURNOS DA MANHA E A TARDE;58974546000123.0;auxcontabil@contabilidadeinterativa.com.br;2062.0;0.0;0.0;0.0;0.0;1.0;0.0;;NAO
1115855;3550301115855;35;355030;;VIVIAN DAVIS STIPP;VIVIAN DAVIS STIPP;;;M;;;M ;MUNICIPAL;4;22;5414025;RUA FRANCISCO LEITAO;177;PINHEIROS;;-23.5630821;-46.6800349;3.0;ATENDIMENTOS NOS TURNOS DA MANHA E A TARDE;;terapeuta.emdr@hotmail.com;4000.0;0.0;0.0;0.0;0.0;0.0;0.0;;NAO
8178798;4211508178798;42;421150;;SANTA PAULINA CLINICA INTEGRADA LTDA;SANTA PAULINA CLINICA INTEGRADA LTDA;;;M;;;M ;MUNICIPAL;4;39;88270000;HIPOLITO BOITEUX;10;CENTRO;48 99498593;-27.28478;-48.93171;3.0;ATENDIMENTOS NOS TURNOS DA MANHA E A TARDE;65639900000129.0;ODAIR@DELLCONT.CNT.BR;2062.0;0.0;0.0;0.0;0.0;0.0;0.0;;NAO
2230186;4304602230186;43;430460;88577416000118.0;MUNICIPIO DE CANOAS;UNIDADE DE SAUDE GUAJUVIRAS;;;M;;;M ;MUNICIPAL;4;2;92415000;AVENIDA DEZESSETE DE ABRIL;1991;GUAJUVIRAS;5132361640;-29.89;-51.135;3.0;ATENDIMENTOS NOS TURNOS DA MANHA E A TARDE;;saude@canoas.rs.gov.br;1244.0;0.0;0.0;0.0;0.0;1.0;0.0;;SIM
9248307;4304709248307;43;430470;87613535000116.0;MUNICIPIO DE CARAZINHO;SAMU 192 CARAZINHO UNIDADE AVANCADA USA 2;;;M;;;M ;MUNICIPAL;4;42;99500000;RUA GENERAL CAMARA;156;CENTRO;;-28.284311;-52.796368;6.0;ATENDIMENTO CONTINUO DE 24 HORAS/DIA (PLANTAO:INCLUI SABADOS, DOMINGOS E FERIADOS);;;1244.0;;;;;1.0;0.0;8.0;NAO
4469232;1721004469232;17;172100;;VIVER HOME CARE LTDA;VIVER SAUDE HOME CARE;;;M;;;M ;MUNICIPAL;4;77;77020472;ARSE 21 204 S AL 15 AL CURIO QI LOTE 07;01;PLANO DIRETOR SUL;63 84093260;-10.1867213;-48.3327038;3.0;ATENDIMENTOS NOS TURNOS DA MANHA E A TARDE;53193525000157.0;VIVERSAUDEHOMECARE@GMAIL.COM;2062.0;;;;;0.0;0.0;;NAO
3946207;5208703946207;52;520870;;CENTRO BRASILEIRO DE MEDICINA NUCLEAR E IMAGEM MOLECULAR S S;CEBRAMEM;;;M;;;M ;MUNICIPAL;4;7;74603190;RUA 242;670;UNIVERSITARIO;(62) 3261-3461;-16.6807217;-49.2412585;4.0;ATENDIMENTO NOS TURNOS DA MANHA, TARDE E NOITE;7738336000103.0;cebramen.adm@gmail.com;2062.0;0.0;0.0;0.0;0.0;1.0;1.0;;NAO
5321530;3300405321530;33;330040;;COSTA E CARVALHO CLINICA DERMATOLOGICA LTDA;CLINICA DERMATOLOGICA;;;M;;;M ;MUNICIPAL;4;22;27310420;RUA PINTO RIBEIRO;200;CENTRO;02433234248;-22.540867;-44.173485;5.0;ATENDIMENTO COM TURNOS INTERMITENTES;7726584000126.0;aparecida.c@.uol.com.br;2062.0;0.0;0.0;0.0;0.0;0.0;0.0;;NAO
5963826;3550305963826;35;355030;46392130000380.0;PREFEITURA DO MUNICIPIO DE SAO PAULO;AMA PQ PAULISTANO;;;M;;;M ;MUNICIPAL;4;2;8080160;RUA SILVEIRA PIRES;265;JARDIM HELENA;(11)3678-9469;;;3.0;ATENDIMENTOS NOS TURNOS DA MANHA E A TARDE;;amapqpaulistano@prefeitura.sp.gov.br;1031.0;0.0;0.0;0.0;0.0;1.0;0.0;4.0;SIM
2174707;3105602174707;31;310560;;EDUARDO XAVIER BARBOSA DA SILVEIRA;EDUARDO XAVIER BARBOSA DA SILVEIRA;;;M;;;M ;MUNICIPAL;4;22;36202000;AVN PEREIRA TEIXEIRA;482;CENTRO;(32)33329687;;;2.0;ATENDIMENTO SOMENTE A TARDE;;;4000.0;0.0;0.0;0.0;0.0;0.0;0.0;4.0;NAO
5469147;3304555469147;33;330455;40352957000111.0;LABS ECOLAB PATOLOGIA CLINICA S A;LABS ECOLAB PATOLOGIA CLINICA JACAREPAGUA;;;M;;;M ;MUNICIPAL;4;39;22730900;AVENIDA NELSON CARDOSO;1149;TAQUARA;21 25383500;;;4.0;ATENDIMENTO NOS TURNOS DA MANHA, TARDE E NOITE;40352957004613.0;rsiqueira@rededor.com.br;2054.0;;;;;1.0;0.0;8.0;NAO
9157506;4208209157506;42;420820;;REY SERVICOS MEDICOS S S;REY SERVICOS MEDICO;;;M;;;M ;MUNICIPAL;4;36;88301215;DOUTOR NEREU RAMOS;197;CENTRO;47 991407451;-26.9099387;-48.6604205;3.0;ATENDIMENTOS NOS TURNOS DA MANHA E A TARDE;26521908000134.0;melim.assessoria@gmail.com;2062.0;0.0;0.0;0.0;0.0;0.0;0.0;;SIM
9945725;3304559945725;33;330455;;GUSTAVO GAFFREE;GUSTAVO GAFFREE;;;M;;;M ;MUNICIPAL;4;22;22280020;RUA DONA MARIANA;143;BOTAFOGO;22262270;;;3.0;ATENDIMENTOS NOS TURNOS DA MANHA E A TARDE;;GUGABRAZ@GMAIL.COM;4000.0;0.0;0.0;0.0;0.0;0.0;0.0;8.0;NAO
3843629;4106903843629;41;410690;;MARISA DE FREITAS LEAL;MARISA DE FREITAS LEAL;;;M;;;M ;MUNICIPAL;4;22;81200000;RUA PAULO GORSKI;200;MOSSUNGUE;41 30273269;-25.4323946;-49.3231477;3.0;ATENDIMENTOS NOS TURNOS DA MANHA E A TARDE;;;4000.0;0.0;0.0;0.0;0.0;1.0;0.0;6.0;NAO
8036845;2611108036845;26;261110;;KAREN LUSTOSA COELHO CARIBE LTDA;MED CLINICA DE ESPECIALIDADES;;;M;;;M ;MUNICIPAL;4;22;56304010;PACIFICO DA LUZ;998;CENTRO;81 95949475;-9.3921968375;-40.5002642055;3.0;ATENDIMENTOS NOS TURNOS DA MANHA E A TARDE;51735166000197.0;VANESSA.CARVALHO@MENDONCAGALVAO.COM.BR;2062.0;0.0;0.0;0.0;0.0;0.0;0.0;;NAO
2050730;3556502050730;35;355650;45780087000103.0;PREFEITURA MUNICIPAL DE VARZEA PAULISTA;USF VILA POPULAR;;;M;;;M ;MUNICIPAL;4;2;13225501;RUA ITAOCA;294;PRQ GUARANI;(11)45950081;-23.2268599;-46.8462355;3.0;ATENDIMENTOS NOS TURNOS DA MANHA E A TARDE;;ubs-vila.popular@varzeapaulista.sp.gov.br;1244.0;0.0;0.0;0.0;0.0;1.0;0.0;;SIM
921319;3527100921319;35;352710;;DELOS SERVICOS DE SAUDE LTDA;DELOS SERVICOS DE SAUDE LTDA;;;M;;;M ;MUNICIPAL;4;22;16400048;PRACA DA BANDEIRA;26;CENTRO;(016) 98117-9347;-21.67658455;-49.7559413;3.0;ATENDIMENTOS NOS TURNOS DA MANHA E A TARDE;28075175000187.0;esc.arquivo1@gmail.com;2062.0;0.0;0.0;0.0;0.0;1.0;0.0;11.0;NAO
2339307;5208702339307;52;520870;;CHECK UP CARDIOLOGICO SAMARITANO LTDA;CHECK UP CARDIOLOGICO SAMARITANO;;;M;;;M ;MUNICIPAL;4;36;74535090;RUA 220;183;SETOR COIMBRA;(62) 3291 7019;-16.6771214611;-49.2829728127;3.0;ATENDIMENTOS NOS TURNOS DA MANHA E A TARDE;3806031000122.0;;2062.0;0.0;0.0;0.0;0.0;1.0;0.0;;SIM
7444419;3543407444419;35;354340;;VERUSKA AZENHA VELLUDO;VERUSKA AZENHA VELLUDO RIBEIRAO PRETO;;;M;;;M ;MUNICIPAL;4;22;14015120;RUA RUI BARBOSA;1239;CENTRO;3235-7866;-21.1826310745;-47.8107833862;3.0;ATENDIMENTOS NOS TURNOS DA MANHA E A TARDE;;dra.veruska.av@hotmail.com;4000.0;0.0;0.0;0.0;0.0;1.0;0.0;6.0;NAO
4139526;4312404139526;43;431240;;LEANDRA MARINA CANTON CASARIN;LEANDRA MARINA CANTON CASARIN;;;M;;;M ;MUNICIPAL;4;22;92510290;CAPITAO CRUZ;2184;CENTRO;5136322548;-29.677464089;-51.4638018608;3.0;ATENDIMENTOS NOS TURNOS DA MANHA E A TARDE;;LEANDRACANTON@OTLOOK.COM;4000.0;0.0;0.0;0.0;0.0;0.0;0.0;4.0;NAO
7348428;3139407348428;31;313940;;JANAINA ALBUQUERQUE MIRANDA NETO;CONSULTORIO ODONTOLOGICO JANAINA ALBUQUERQUE MIRANDA NETO;;;M;;;M ;MUNICIPAL;4;22;36900034;RUA AMARAL FRANCO;42;CENTRO;33 3331 7150;-20.2536293793;-42.0324529898;3.0;ATENDIMENTOS NOS TURNOS DA MANHA E A TARDE;;;4000.0;0.0;0.0;0.0;0.0;0.0;0.0;;NAO
4550544;2408104550544;24;240810;;ANDREA L DE SA;DROGARIA SA;;;M;;;M ;MUNICIPAL;4;43;59082352;RENATO GUILHERME KAISER;27;CAPIM MACIO;84 20203184;-5.87084;-35.188297;3.0;ATENDIMENTOS NOS TURNOS DA MANHA E A TARDE;34990012000122.0;CONTATO@CLAUDIAGOMESCONTABILIDADE.COM;2135.0;0.0;0.0;0.0;0.0;1.0;0.0;;NAO
6633935;4314906633935;43;431490;;FYSIO PHORMA CLINICA DE FISIOTERAPIA E ACUPUNTURA LTDA;FYSIO PHORMA CLINICA DE FISIOTERAPIA E ACUPUNTURA LTDA;;;M;;;M ;MUNICIPAL;4;36;90010140;URUGUAI;155;CENTRO HISTORICO;51 32260525;-30.027977121;-51.228986346;3.0;ATENDIMENTOS NOS TURNOS DA MANHA E A TARDE;7549847000179.0;Fysiophoma@gmail.com;2062.0;0.0;0.0;0.0;0.0;0.0;0.0;;NAO
3738930;3529003738930;35;352900;;OSVALDO FERIOLI PEREIRA;OSVALDO FERIOLI PEREIRA;;;M;;;M ;MUNICIPAL;4;22;17502270;RUA BOROROS;84;SALGADO FILHO;14-34543090;-22.214;-49.946;3.0;ATENDIMENTOS NOS TURNOS DA MANHA E A TARDE;;;4000.0;0.0;0.0;0.0;0.0;1.0;0.0;4.0;NAO
2118610;3127702118610;31;312770;26388330000190.0;FUNDACAO CENTRO DE HEMATOLOGIA E HEMOTERAPIA DE MINAS GERAIS;HEMOMINAS DE GOV VALADARES;;;D;;;D ;DUPLA;4;69;35020510;RUA RUI BARBOSA;149;CENTRO;(33)32716600;-18.850939478;-41.9489979744;6.0;ATENDIMENTO CONTINUO DE 24 HORAS/DIA (PLANTAO:INCLUI SABADOS, DOMINGOS E FERIADOS);26388330000351.0;;1147.0;0.0;0.0;0.0;0.0;1.0;0.0;;SIM
3149358;2910803149358;29;291080;;FUNCIONALMED ATENDIMENTOS DA SAUDE LTDA;FUNCIONALMED;;;M;;;M ;MUNICIPAL;4;36;44001240;RUA LEOLINDA BACELAR LIMA;239;KALILANDIA;75 36237459;-12.2510623134;-38.9590547064;3.0;ATENDIMENTOS NOS TURNOS DA MANHA E A TARDE;3589113000162.0;anaelps71@gmail.com;2062.0;0.0;0.0;0.0;0.0;0.0;0.0;;SIM
4548450;2800304548450;28;280030;;SAVYLLA SANTOS PSICOLOGA INFANTIL LTDA;SAVYLLA SANTOS PSICOLOGA INFANTIL;;;M;;;M ;MUNICIPAL;4;36;49020450;PEDRO PAES DE AZEVEDO;130;SALGADO FILHO;79 91567387;-10.9281688353;-37.056353318;3.0;ATENDIMENTOS NOS TURNOS DA MANHA E A TARDE;52476383000172.0;SAVYLLAPSI@GMAIL.COM;2062.0;0.0;0.0;0.0;0.0;0.0;0.0;;NAO
7581645;3170207581645;31;317020;;CARDIOMOBILE CARDIOLOGIA MOVEL LTDA;UMC MEDICINA NUCLEAR;;;M;;;M ;MUNICIPAL;4;39;38411186;RAFAEL MARINO NETO;600;JARDIM INDAIA;34 3225-2666;-18.9444957;-48.2725364;3.0;ATENDIMENTOS NOS TURNOS DA MANHA E A TARDE;15578912000112.0;mednuclear@umcenter.com.br;2062.0;0.0;0.0;0.0;0.0;1.0;0.0;;SIM
4322037;3304554322037;33;330455;;DANIEL MARQUES FIGUEIREDO LEAL;DANIEL MARQUES FIGUEIREDO LEAL BARRA;;;M;;;M ;MUNICIPAL;4;22;22775003;AVENIDA AYRTON SENNA;2500;BARRA DA TIJUCA;(21)98893-0636;-22.9948753;-43.3662716;3.0;ATENDIMENTOS NOS TURNOS DA MANHA E A TARDE;;dmfleal@gmail.com;4000.0;0.0;0.0;0.0;0.0;0.0;0.0;;NAO
5629209;4211755629209;42;421175;;MARCIA SITTONI VAZ;MARCIA SITTONI VAZ;;;M;;;M ;MUNICIPAL;4;22;88540000;JOSEPH WILLIAN SCHALLER;473;POCO RICO;4932752111;;;3.0;ATENDIMENTOS NOS TURNOS DA MANHA E A TARDE;;;4000.0;0.0;0.0;0.0;0.0;0.0;0.0;8.0;NAO
6493939;1504806493939;15;150480;;DANIEL CAMPOS DE CARVALHO ME;CLINIFISIO FISIOTERAPIA REEDUCACAO FISICA E REABILITACAO;;;M;;;M ;MUNICIPAL;4;36;68220000;TV DR CARLOS ARNOBIO FRANCO;284;CIDADE ALTA;(93) 9128-4688;-2.008;-54.069;3.0;ATENDIMENTOS NOS TURNOS DA MANHA E A TARDE;11817249000100.0;clinifisio@ymal.com;2135.0;0.0;0.0;0.0;0.0;0.0;0.0;;NAO
7709102;1504207709102;15;150420;;CLINICA PSICOLOGICA POLIANA FERREIRA;CLINICA PSICOLOGICA POLIANA FERREIRA EIRELI ME;;;M;;;M ;MUNICIPAL;4;36;68509094;FOLHA 26 QUADRA 14 LOTE 01 VP 08;S/N;NOVA MARABA;94 33227272;;;3.0;ATENDIMENTOS NOS TURNOS DA MANHA E A TARDE;21743540000135.0;;2305.0;0.0;0.0;0.0;0.0;0.0;0.0;10.0;NAO
7544146;3303307544146;33;330330;;BODY DAY CLINICA INTEGRAL LTDA;CLINICA BODY DAY;;;M;;;M ;MUNICIPAL;4;22;24230251;AV SETE DE SETEMBRO;317;ICARAI;21-27228424;;;3.0;ATENDIMENTOS NOS TURNOS DA MANHA E A TARDE;19955918000112.0;;2240.0;0.0;0.0;0.0;0.0;0.0;0.0;4.0;NAO
6698212;5300106698212;53;530010;;CENTRO CLINICO AMBIENTE VASCULAR LTDA;AMBIENTE VASCULAR;;;E;;;E ;ESTADUAL;4;22;70770560;SETOR HOSP LOCAL NORTE BLOCO F;10;ASA NORTE;99884720;;;3.0;ATENDIMENTOS NOS TURNOS DA MANHA E A TARDE;5265997000125.0;;2305.0;0.0;0.0;0.0;0.0;0.0;0.0;6.0;NAO
8457085;3147108457085;31;314710;;JESSICA SILVA TEIXEIRA VIEIRA;JESSICA TEIXEIRA PILATES E FISIOTERAPIA;;;M;;;M ;MUNICIPAL;4;22;35660045;RUA CORONEL DOMINGOS JUSTINO;201;CENTRO;;-19.8647119926;-44.6054363251;4.0;ATENDIMENTO NOS TURNOS DA MANHA, TARDE E NOITE;;;4000.0;0.0;0.0;0.0;0.0;0.0;0.0;;NAO
9152377;3550309152377;35;355030;;MARTINEZ MEDICOS ASSOACIADOS LTDA ME;CLINICA MARTINEZ;;;M;;;M ;MUNICIPAL;4;22;4029200;AV IBIRAPUERA;2907;INDIANOPOLIS;11 5093-8688;-23.6084498654;-46.6664350033;3.0;ATENDIMENTOS NOS TURNOS DA MANHA E A TARDE;10816978000180.0;contato@clinicamartinez.com.br;2240.0;0.0;0.0;0.0;0.0;1.0;0.0;;NAO
7662505;3545807662505;35;354580;;MARILIA ISIS BIGNOTTO CURY;CONSULTORIO MEDICO MARILIA ISIS BIGNOTTO CURY;;;M;;;M ;MUNICIPAL;4;22;13450028;RUA GENERAL CAMARA;1055;CENTRO;;;;3.0;ATENDIMENTOS NOS TURNOS DA MANHA E A TARDE;;;4000.0;0.0;0.0;0.0;0.0;0.0;0.0;10.0;NAO
9162011;4115209162011;41;411520;;ISHIDA ODONTOLOGIA S S LTDA ME;ISHIDA ODONTOLOGIA;;;M;;;M ;MUNICIPAL;4;22;87013000;BRASIL;3772;ZONA 01;44 32232686;-23.4207404451;-51.9390651584;3.0;ATENDIMENTOS NOS TURNOS DA MANHA E A TARDE;25031799000104.0;;2240.0;0.0;0.0;0.0;0.0;1.0;0.0;;NAO
8005931;3550308005931;35;355030;;LEANDRA CASTILHO SORRISOS E FACES LTDA;LE STUDIO SORRISOS E FACES;;;M;;;M ;MUNICIPAL;4;22;3310000;R ITAPURA;239;VILA GOMES CARDIM;(11) 3805-1128;-23.540504;-46.567098;4.0;ATENDIMENTO NOS TURNOS DA MANHA, TARDE E NOITE;61101540000156.0;LEANDRACASTILHO@HOTMAIL.COM;2062.0;0.0;0.0;0.0;0.0;0.0;0.0;;NAO
3668312;3524103668312;35;352410;;CLINICA DE REABILITACAO ESPECIALIZADA DE ITUVERAVA SC LTDA;CLINICA REABILITACAO PAULA NUNES;;;M;;;M ;MUNICIPAL;4;22;14503292;RUA MARIA LIPORACI;456;CENTRO;;-20.3359201543;-47.790851891;3.0;ATENDIMENTOS NOS TURNOS DA MANHA E A TARDE;1893864000142.0;;2240.0;0.0;0.0;0.0;0.0;1.0;0.0;;NAO
7236948;1600307236948;16;160030;;P F M GUERRA ME;CENTRO DE OLHOS DR PAULO GUERRA;;;M;;;M ;MUNICIPAL;4;22;68901270;RUA SANTOS DUMONT;904;SANTA RITA;;0.0245455;-51.0733557;3.0;ATENDIMENTOS NOS TURNOS DA MANHA E A TARDE;10547427000168.0;;2062.0;0.0;0.0;0.0;0.0;0.0;0.0;;NAO
6651240;3205306651240;32;320530;;CLINICA DO CORPO LTDA ME;CLINICA DO CORPO;;;E;;;E ;ESTADUAL;4;4;29065540;RUA MARIA DE LOURDES POYARES LABUTO;380;MATA DA PRAIA;27 30261055;;;3.0;ATENDIMENTOS NOS TURNOS DA MANHA E A TARDE;10784005000106.0;contato@cdcassessoriaesportiva.com.br;2062.0;0.0;0.0;0.0;0.0;1.0;0.0;8.0;NAO
8284628;3526408284628;35;352640;;CLINFARMA MEDICAMENTOS E MANIPULACAO LTDA;CLINFARMA;;;M;;;M ;MUNICIPAL;4;43;18500043;EXPEDICIONARIOS;90;CENTRO;15 2831994;-23.054078;-47.83378;3.0;ATENDIMENTOS NOS TURNOS DA MANHA E A TARDE;5344987000185.0;clinfarma@clinfarma.com.br;2062.0;;;;;0.0;0.0;;NAO
5772567;3158305772567;31;315830;18245183000170.0;MUNICIPIO DE SANTANA DA VARGEM;CENTRO DE ESPECIALIDADES MEDICAS DE SANTANA DA VARGEM;;;M;;;M ;MUNICIPAL;4;4;37195000;TRAVESSA JOSE BATISTA DE FIGUEIREDO;45;CENTRO;35992130184;-21.249;-45.50574;3.0;ATENDIMENTOS NOS TURNOS DA MANHA E A TARDE;;;1244.0;0.0;0.0;0.0;0.0;1.0;0.0;;SIM
6936067;3550306936067;35;355030;;TDM SERVICOS MEDICOS LTDA;TDM SERVICOS MEDICOS;;;M;;;M ;MUNICIPAL;4;22;3014020;PRACA MAJOR GUILHERME RUDGE;91;BRAS;(11) 2292-8241;-23.5373327303;-46.5889454143;3.0;ATENDIMENTOS NOS TURNOS DA MANHA E A TARDE;14570686000160.0;tadeu_martinelli@yahoo.com.br;2240.0;0.0;0.0;0.0;0.0;1.0;0.0;;NAO
7042183;2916107042183;29;291610;13882949000104.0;PREFEITURA MUNICIPAL DE ITAPARICA;CENTRAL MUNICIPAL DE REGULACAO DE ITAPARICA;;;M;;;M ;MUNICIPAL;4;81;44460000;AVENIDA LOMANTO JUNIOR;S/N;ALTO DO SANTO ANTONI;;;;3.0;ATENDIMENTOS NOS TURNOS DA MANHA E A TARDE;;;1244.0;;;;;0.0;0.0;8.0;SIM
5219906;3550405219906;35;355040;;PAULO CEZAR SUTTI MARTINS;PAULO CEZAR SUTTI MARTINS;;;M;;;M ;MUNICIPAL;4;22;13520000;RUA DOS IMIGRANTES;511;VALE DO SOL;;;;3.0;ATENDIMENTOS NOS TURNOS DA MANHA E A TARDE;;;4000.0;0.0;0.0;0.0;0.0;0.0;0.0;4.0;NAO
667684;3163800667684;31;316380;;HEMOLAB DIAGNOSTICO LABORATORIAL LTDA;HEMOLAB DIAGNOSTICO LABORATORIAL LTDA;;;M;;;M ;MUNICIPAL;4;39;36590000;RUA SEBASTIAO PEREIRA;631;CENTRO;;-20.7066656029;-42.7198648453;3.0;ATENDIMENTOS NOS TURNOS DA MANHA E A TARDE;12301847000357.0;hemolabanalisesclinicas@bol.com.br;2062.0;;;;;0.0;0.0;;NAO
2745232;2801502745232;28;280150;13108535000122.0;PREFEITURA MUNICIPAL DE CARMOPOLIS;COORDENADORIA DE VIGILANCIA SANITARIA;;;D;;;D ;DUPLA;4;2;49740000;RUA GETULIO VARGAS;S/N;CENTRO;(79)2771224;;;1.0;ATENDIMENTO SOMENTE PELA MANHA;;secsaudecar@infonet.com.br;1000.0;0.0;0.0;0.0;0.0;0.0;0.0;8.0;SIM
5742242;4322005742242;43;432200;;SERVICO SOCIAL DA INDUSTRIA SESI;SESI ARLANXEO EPDM;;;M;;;M ;MUNICIPAL;4;73;95853000;BR 386 KM419 VIA DE CONTORNO 292;S/N;POLO PETROQUIMICO;51 33478787;-29.9349282748;-51.7040634155;3.0;ATENDIMENTOS NOS TURNOS DA MANHA E A TARDE;3775159028771.0;TRIBUTOS@SESIRS.ORG.BR;3077.0;0.0;0.0;0.0;0.0;0.0;0.0;;NAO
7608993;1721007608993;17;172100;;VIVATI ODONTOLOGIA LTDA ME;VIVATI ODONTOLOGIA;;;M;;;M ;MUNICIPAL;4;36;77020020;QD 104 SUL AV LO 01 SEGUNDO PISO;S/N;CENTRO;3215-2470;-10.1867425;-48.3327038;3.0;ATENDIMENTOS NOS TURNOS DA MANHA E A TARDE;16823731000177.0;;2062.0;0.0;0.0;0.0;0.0;1.0;0.0;;NAO
6921019;3511106921019;35;351110;;ANDRE DA ROCHA NASORRI;ANDRE DA ROCHA NASORRI;;;M;;;M ;MUNICIPAL;4;22;15800020;RUA MARANHAO;1405;CENTRO;17-35244809;-21.142172;-48.9757839;3.0;ATENDIMENTOS NOS TURNOS DA MANHA E A TARDE;;;4000.0;0.0;0.0;0.0;0.0;1.0;0.0;;NAO
4440757;2611604440757;26;261160;;NUCLEO DE PSICOLOGIA E CONSULTORIA DE RECURSOS HUMANOS LTDA;NPC RH;;;M;;;M ;MUNICIPAL;4;36;51110000;AV ANTONIO DE GOES;449;PINA;;-8.0877233;-34.8848789;4.0;ATENDIMENTO NOS TURNOS DA MANHA, TARDE E NOITE;40820573000267.0;nucleo.psicologia.recife@gmail.com;2062.0;0.0;0.0;0.0;0.0;1.0;0.0;;NAO
6404324;3536256404324;35;353625;59858134000190.0;PREFEITURA MUNICIPAL DE PARISI;DEPARTAMENTO DE SAUDE DE PARISI;;;M;;;M ;MUNICIPAL;4;68;15525037;RUA AURELIO PARISI;292;CENTRO;17-38391138;-20.303397;-50.016277;3.0;ATENDIMENTOS NOS TURNOS DA MANHA E A TARDE;;saude@parisi.sp.gov.br;1244.0;;;;;0.0;0.0;;SIM
2472589;5101702472589;51;510170;3507522000172.0;PREFEITURA MUNICIPAL DE BARRA DO BUGRES;ESF ASSARI;;;M;;;M ;MUNICIPAL;4;2;78390000;RUA 7 DE SETEMBRO;S/N;DISTRITO DE ASSARI;;-14.8744508966;-57.1755981445;3.0;ATENDIMENTOS NOS TURNOS DA MANHA E A TARDE;;;1244.0;0.0;0.0;0.0;0.0;1.0;0.0;;SIM
4143981;3303304143981;33;330330;;PIQUEPED PEDIATRIA LTDA;PIQUEPED PEDIATRIA LTDA;;;M;;;M ;MUNICIPAL;4;36;24230100;R GAVIAO PEIXOTO;70;ICARAI;;-22.904299;-43.1094557;3.0;ATENDIMENTOS NOS TURNOS DA MANHA E A TARDE;43664472000151.0;;2062.0;0.0;0.0;0.0;0.0;0.0;0.0;;NAO
7431635;3548907431635;35;354890;;DNA CONSULT GENETICA E BIOTECNOLOGIA LTDA;DNA CONSULT GENETICA E BIOTECNOLOGIA LTDA;;;M;;;M ;MUNICIPAL;4;36;13560181;RUA SETE DE SETEMBRO;2633;CENTRO;16-34156869;-22.0159272333;-47.8879505396;3.0;ATENDIMENTOS NOS TURNOS DA MANHA E A TARDE;3062362000103.0;dna@dnaconsult.com.br;2062.0;0.0;0.0;0.0;0.0;1.0;0.0;;SIM
5393671;3551005393671;35;355100;;LOURDES REGINA SALGUEIRO CASTRO;LOURDES REGINA SALGUEIRO CASTRO SAO VICENTE;;;M;;;M ;MUNICIPAL;4;22;11320000;AV MAL DEODORO;737;VILA VALENCA;(13) 34694578;;;3.0;ATENDIMENTOS NOS TURNOS DA MANHA E A TARDE;;lreginascastro@bol.com.br;4000.0;0.0;0.0;0.0;0.0;1.0;0.0;6.0;NAO
5389917;4318615389917;43;431861;;FERNANDO RUDEM BRASIL;FERNANDO RUDEM BRASIL;;;D;;;D ;DUPLA;4;22;95748000;RUA WALDEMAR JOSE BOHN;2115;DOM DIOGO;51 36148989;;;3.0;ATENDIMENTOS NOS TURNOS DA MANHA E A TARDE;;dr.fb@hotmail.com;4000.0;0.0;0.0;0.0;0.0;0.0;0.0;11.0;NAO
9019693;3170109019693;31;317010;;SALK LABORATORIOS LTDA;SALK LABORATORIO CLINICO;;;M;;;M ;MUNICIPAL;4;39;38050400;SANTOS DUMONT;1863;SANTA MARIA;34 33362222;-19.7368;-47.7368;3.0;ATENDIMENTOS NOS TURNOS DA MANHA E A TARDE;22196655000110.0;maurocontador@hotmail.com;2062.0;0.0;0.0;0.0;0.0;1.0;0.0;;NAO
9713794;5212509713794;52;521250;;COMERCIAL SOUSA LTDA;DROGARIA ELISA;;;M;;;M ;MUNICIPAL;4;43;72801610;AVENIDA SANTA MARIA QD 77 LOTE 16 LOJA 03;S/N;SETOR FUMAL;61 3621 3755;-16.2622077342;-47.9575458169;4.0;ATENDIMENTO NOS TURNOS DA MANHA, TARDE E NOITE;19495808000115.0;;2062.0;0.0;0.0;0.0;0.0;0.0;0.0;;NAO
2740516;4110072740516;41;411007;1613770000172.0;MUNICIPIO DE IMBAU;CENTRO DE SAUDE RURAL OTALIA ANTUNES BUENO;;;M;;;M ;MUNICIPAL;4;2;84250000;CHARQUEADA DE BAIXO;S/N;CHARQUEADA DE BAIXO;;-24.496;-50.706;3.0;ATENDIMENTOS NOS TURNOS DA MANHA E A TARDE;;;1244.0;0.0;0.0;0.0;0.0;1.0;0.0;;SIM
6101674;3550306101674;35;355030;;VERA LUCIA POLO PIRES;CONS PSICOLOGIA VERA LUCIA POLO PIRES;;;M;;;M ;MUNICIPAL;4;22;4077020;AV MOEMA;94;MOEMA;5051-1680;;;4.0;ATENDIMENTO NOS TURNOS DA MANHA, TARDE E NOITE;;;4000.0;0.0;0.0;0.0;0.0;1.0;0.0;8.0;NAO
6976816;4314906976816;43;431490;92963560000160.0;PREFEITURA MUNICIPAL DE PORTO ALEGRE;SAMU CENTRO VIDA;;;M;;;M ;MUNICIPAL;4;42;91150000;AV BALTAZAR DE OLIVEIRA GARCIA;2132;SARANDI;51 3347.5779;-29.9995437072;-51.1262512207;6.0;ATENDIMENTO CONTINUO DE 24 HORAS/DIA (PLANTAO:INCLUI SABADOS, DOMINGOS E FERIADOS);;coord.samu@sms.prefpoa.com.br;1244.0;;;;;0.0;0.0;;NAO
7050496;3205207050496;32;320520;;VITOR AONI COSTA;VITOR AONI COSTA;;;M;;;M ;MUNICIPAL;4;22;29100020;RUA HENRIQUE MOSCOSO;1019;CENTRO;27 30322598;-20.3362169275;-40.2838182449;3.0;ATENDIMENTOS NOS TURNOS DA MANHA E A TARDE;;;4000.0;0.0;0.0;0.0;0.0;1.0;0.0;;NAO
3545121;2611003545121;26;261100;10106235000116.0;MUNICIPIO DE PETROLANDIA;PSF RENASCER;;;M;;;M ;MUNICIPAL;4;2;56460000;AV PEDRO DE SOUZA FREIRE;01;CENTRO;;-8.9710179;-38.2228185;3.0;ATENDIMENTOS NOS TURNOS DA MANHA E A TARDE;;;1244.0;0.0;0.0;0.0;0.0;1.0;0.0;;SIM
3863107;3554103863107;35;355410;;ANA LUCIA BARROS SILVA;CONSULTORIO ODONT DRA ANA LUCIA BARROS SILVA TAUBATE;;;M;;;M ;MUNICIPAL;4;22;12010080;RUA CONSELHEIRO MOREIRA DE BARROS;159;CENTRO;12-36328592;-23.0239055354;-45.558424803;3.0;ATENDIMENTOS NOS TURNOS DA MANHA E A TARDE;;;4000.0;0.0;0.0;0.0;0.0;0.0;0.0;;NAO
6635695;4321906635695;43;432190;87613188000121.0;PREFEITURA MUNICIPAL DE TRES PASSOS;CENTRO DE ATENCAO PSICOSOCIAL CAPS I TRES PASSOS;;;M;;;M ;MUNICIPAL;4;70;98600000;AV DUQUE DE CAXIAS;541;CENTRO;55 3522 0442;-27.4480043;-53.9334363;3.0;ATENDIMENTOS NOS TURNOS DA MANHA E A TARDE;;;1244.0;0.0;0.0;0.0;0.0;0.0;0.0;;NAO
7003056;1502907003056;15;150290;;FISIOCENTER;FISIOCENTER;;;M;;;M ;MUNICIPAL;3;36;68750000;AVENIDA PAES DE CARVALHO;317;EODOVIARIO;9137221912;-0.731979;-47.855203;3.0;ATENDIMENTOS NOS TURNOS DA MANHA E A TARDE;14167540000179.0;fiscenter@hotmail.com;2062.0;0.0;0.0;0.0;0.0;1.0;0.0;8.0;NAO
6765696;4314106765696;43;431410;;ALINE SCHONS DE LIMA JOAQUIM;ALINE SCHONS DE LIMA JOAQUIM;;;M;;;M ;MUNICIPAL;4;22;99010110;RUA URUGUAI;2001;CENTRO;54 84027850;-28.2622427013;-52.4165868759;3.0;ATENDIMENTOS NOS TURNOS DA MANHA E A TARDE;;;4000.0;0.0;0.0;0.0;0.0;0.0;0.0;;NAO
6930816;3508506930816;35;350850;;NUTRI CARE CONSULTORIA E ASSESSORIA LTDA;NUTRI CARE;;;M;;;M ;MUNICIPAL;4;22;12281530;RUA AMADOR BUENO;45;CENTRO;12-36532330;-23.1013995;-45.7091055;3.0;ATENDIMENTOS NOS TURNOS DA MANHA E A TARDE;14312397000161.0;DARLENE.NUTRI@GMAIL.COM.BR;2240.0;0.0;0.0;0.0;0.0;0.0;0.0;;NAO
7599587;2304407599587;23;230440;;CLINICA DA SAUDE FEMININA INTEGRADA AIRELI ME;SAFEMI;;;M;;;M ;MUNICIPAL;4;36;60813730;RUA CORONEL ALUISIO BORBA;300;ENG LUCIANO CAVALCA;32721334;-3.778165;-38.492608;3.0;ATENDIMENTOS NOS TURNOS DA MANHA E A TARDE;21025167000187.0;;2062.0;0.0;0.0;0.0;0.0;0.0;0.0;4.0;NAO
2185946;3138902185946;31;313890;18404921000185.0;PREFEITURA MUNICIPAL;UNIDADE DE SAUDE DA FAMILIA MONTE PASCOAL;;;M;;;M ;MUNICIPAL;4;2;39873000;AVENIDA MONTE PASCOAL;S/N;CENTRO;(33)988276558;-17.0774284;-40.7217495;3.0;ATENDIMENTOS NOS TURNOS DA MANHA E A TARDE;;secretariademachacalis@bol.com.br;1244.0;0.0;0.0;0.0;0.0;1.0;0.0;;SIM
6255299;3549906255299;35;354990;;DANIELA FERNANDES LOBO MOLICA OLIVEIRA;LOBO ORTODONTIA;;;M;;;M ;MUNICIPAL;4;22;12230081;RUA JOSE ALVES DOS SANTOS;281;FLORADAS DE SAO JOSE;12 34314300;-23.2190166;-45.8897859;3.0;ATENDIMENTOS NOS TURNOS DA MANHA E A TARDE;;lobodanilobo@hotmail.com;4000.0;0.0;0.0;0.0;0.0;1.0;0.0;;NAO
4211030;5300104211030;53;530010;;INSTITUTO NINAR PROJETO DE APOIO E MELHORIA DO DESENVOLVIM;NINAR PAMDA;;;E;;;E ;ESTADUAL;4;36;72410100;QUADRA 1 CONJUNTO A;04;SETOR SUL GAMA;(61)993990638;-16.0270829123;-48.0677551031;3.0;ATENDIMENTOS NOS TURNOS DA MANHA E A TARDE;47236467000107.0;ninar.pamda.gama@gmail.com;2062.0;0.0;0.0;0.0;0.0;1.0;0.0;;NAO
7782381;3162507782381;31;316250;17749896000109.0;PREFEITURA MUNICIPAL DE SAO JOAO DEL REI;UBS ESF COHAB;;;M;;;M ;MUNICIPAL;4;2;36302176;RUA URANIO;5;COHAB;3372-6212;-21.1156692;-44.2229646;3.0;ATENDIMENTOS NOS TURNOS DA MANHA E A TARDE;;;1244.0;0.0;0.0;0.0;0.0;0.0;0.0;;SIM
9214089;3548709214089;35;354870;;RIDERE CENTRO ODONTOLOGICO AVANCADO LTDA;RIDERE;;;M;;;M ;MUNICIPAL;4;36;9725650;RUA CORAL;80;JARDIM DO MAR;1126655055;-23.6943;-46.5551413;5.0;ATENDIMENTO COM TURNOS INTERMITENTES;20044676000194.0;marcia@qualiferr.com;2062.0;0.0;0.0;0.0;0.0;0.0;0.0;10.0;NAO
116076;3528900116076;35;352890;51405231000116.0;PREFEITURA MUNICIPAL DE MARIAPOLIS;UBS PREF JOSE ERONIS BARBOSA DA SILVA;;;M;;;M ;MUNICIPAL;4;2;17810230;AVENIDA DAS ORQUIDEAS;32;CENTRO;18-3586-1100;-21.7936013;-51.1754765;3.0;ATENDIMENTOS NOS TURNOS DA MANHA E A TARDE;;saude@mariapolis.sp.gov.br;1244.0;0.0;0.0;0.0;0.0;1.0;0.0;;SIM
9598901;3106209598901;31;310620;;MST MEDICINA E SEGURANCA DO TRABALHO LTDA;INOVA MEDICINA E SEGURANCA DO TRABALHO;;;M;;;M ;MUNICIPAL;4;36;30170002;AVENIDA ALVARES CABRAL;580;LOURDES;(31) 3115-0207;-19.92699;-43.94037;3.0;ATENDIMENTOS NOS TURNOS DA MANHA E A TARDE;903496000103.0;diretoria@inovamst.com.br;2062.0;0.0;0.0;0.0;0.0;1.0;0.0;;NAO
5076447;2306305076447;23;230630;;LUCIANA FREITAS DE SA CAVALCANTE;ODONTOLOGIA INTEGRADA 2;;;M;;;M ;MUNICIPAL;4;22;62600000;RUA TICO GOMES;60;CENTRO;88 3460038;-3.68367313;-39.5864009857;3.0;ATENDIMENTOS NOS TURNOS DA MANHA E A TARDE;;;4000.0;0.0;0.0;0.0;0.0;0.0;0.0;10.0;NAO
3291448;3106203291448;31;310620;;SUIGENESIS SERVICO DE ULTRASSONOGRAFIA E IMAGEM LTDA;SUIGENESIS;;;M;;;M ;MUNICIPAL;4;39;31510000;RUA PADRE PEDRO PINTO;1543;VENDA NOVA;;;;3.0;ATENDIMENTOS NOS TURNOS DA MANHA E A TARDE;1067020000142.0;mclinica@ig.com.br;2240.0;;;;;0.0;0.0;4.0;NAO
2247240;4322402247240;43;432240;88131164000107.0;PREFEITURA MUNICIPAL DE URUGUAIANA;ESF 14TABAJARA BRITES;;;M;;;M ;MUNICIPAL;4;2;97504480;UMBELINO FRANCISCO RAMOS;S/N;QDA 04;5534116277;-29.78235;-57.10369;3.0;ATENDIMENTOS NOS TURNOS DA MANHA E A TARDE;;;1244.0;0.0;0.0;0.0;0.0;0.0;0.0;;SIM
7115504;4120907115504;41;412090;;GAWLIK CIA LTDA ME;CLINICA DE PSICOLOGIA CAPSI;;;M;;;M ;MUNICIPAL;4;22;85460000;RUA MARFIM;580;CENTRO;46 3532 1795;;;3.0;ATENDIMENTOS NOS TURNOS DA MANHA E A TARDE;6308220000244.0;;2062.0;0.0;0.0;0.0;0.0;1.0;0.0;10.0;NAO
3818594;3512803818594;35;351280;;CLINICA INFANTIL PEDACO DE GENTE S S LTDA;CLINICA INFANTIL PEDACO DE GENTE;;;M;;;M ;MUNICIPAL;4;4;13150266;AV CENTENARIO DR PAULO ALMEIDA NOGUEIRA;153;SERICICULTURA;19 38721573;-22.6465514438;-47.2042822838;3.0;ATENDIMENTOS NOS TURNOS DA MANHA E A TARDE;52353281000160.0;;2240.0;0.0;0.0;0.0;0.0;0.0;0.0;11.0;NAO
7966784;4128107966784;41;412810;;GUILHERME VALIAS SCHIMITT;ANGIOCOR;;;M;;;M ;MUNICIPAL;4;22;87501000;PRACA OSCAR THOMPSON FILHO;3415;ZONA 1 A;36221967;-23.7632779691;-53.319080472;3.0;ATENDIMENTOS NOS TURNOS DA MANHA E A TARDE;;gvascular@icloud.com;4000.0;0.0;0.0;0.0;0.0;0.0;0.0;;NAO
1101307;3304551101307;33;330455;;SIMONE ROUSSO;SIMONE ROUSSO;;;M;;;M ;MUNICIPAL;4;22;22081042;AV RAINHA ELIZABETH DA BELGICA;416;IPANEMA;;-22.9031189805;-43.208026886;3.0;ATENDIMENTOS NOS TURNOS DA MANHA E A TARDE;;;4000.0;0.0;0.0;0.0;0.0;0.0;0.0;;NAO
6780202;3170206780202;31;317020;;CAMPOS E GUMIEIRO SERVICOS MEDICOS E HOSPITALARES LTDA;CAMPOS GUMIEIRO;;;M;;;M ;MUNICIPAL;4;62;38411206;ALAMEDA PAULINA MARGONARI;49;JARDIM KARAIBA;34 3224-3888;-18.9473585536;-48.2711899281;3.0;ATENDIMENTOS NOS TURNOS DA MANHA E A TARDE;12228121000174.0;jucristina.0212@gmail.comoftalmologia@hotmail.com;2062.0;0.0;0.0;0.0;0.0;1.0;1.0;;SIM
3941256;3552803941256;35;355280;;CLINICA MEDICA UCHIDA S C LTDA;CLINICA MEDICA UCHIDA;;;M;;;M ;MUNICIPAL;4;36;6754210;AVENIDA ARMANDO ANDRADE;380;PQ SANTOS DUMONT;011 4771-8494;-23.6069687788;-46.756451333;4.0;ATENDIMENTO NOS TURNOS DA MANHA, TARDE E NOITE;4531329000130.0;;2240.0;0.0;0.0;0.0;0.0;1.0;0.0;;NAO
6160743;2304406160743;23;230440;;RENE LOPES ROCHA;RENE LOPES ROCHA;;;M;;;M ;MUNICIPAL;4;22;60020180;AV DA UNIVERSIDADE;1895;CENTRO;34521718;-3.735015;-38.533391;3.0;ATENDIMENTOS NOS TURNOS DA MANHA E A TARDE;;;4000.0;0.0;0.0;0.0;0.0;0.0;0.0;;NAO
3682161;3303503682161;33;330350;;LUCIANO NOGUEIRA RAMALHO JUNIOR;LUCIANO NOGUEIRA RAMALHO JUNIOR;;;M;;;M ;MUNICIPAL;4;22;26255100;RUA OTAVIO TARQUINO;59;CENTRO;27677521;-22.7589780357;-43.4513408338;2.0;ATENDIMENTO SOMENTE A TARDE;;;4000.0;0.0;0.0;0.0;0.0;1.0;0.0;;NAO
2024500;3513402024500;35;351340;46668596000101.0;PREFEITURA MUNICIPAL DE CRUZEIRO;LABORATORIO MUNICIPAL;;;M;;;M ;MUNICIPAL;4;39;12701370;R JOAQUIM DO PRADO;91;CENTRO;(12)31441417;-22.5729924542;-44.9647021294;3.0;ATENDIMENTOS NOS TURNOS DA MANHA E A TARDE;;;1244.0;0.0;0.0;0.0;0.0;1.0;0.0;;SIM
392995;3550300392995;35;355030;;DI DERMATOLOGIA INTEGRADA LTDA;DI DERMATOLOGIA INTEGRADA BELA VISTA;;;M;;;M ;MUNICIPAL;4;36;1311940;PAULISTA;2073;BELA VISTA;11 73142834;-23.5587635;-46.6599833;4.0;ATENDIMENTO NOS TURNOS DA MANHA, TARDE E NOITE;33643429000156.0;mbussade@hotmail.com;2062.0;0.0;0.0;0.0;0.0;0.0;0.0;;NAO
206873;4301600206873;43;430160;;FRANCISCO COSTA PAIXAO;FRANCISCO COSTA PAIXAO;;;M;;;M ;MUNICIPAL;4;22;96402100;CARLOS MANGABEIRA;519;CENTRO;5332420322;-31.3274129568;-54.1161725964;1.0;ATENDIMENTO SOMENTE PELA MANHA;;;4000.0;0.0;0.0;0.0;0.0;0.0;0.0;;NAO
9829261;3129509829261;31;312950;;LAERCIO BYRRO GUIMARAES;CONSULTORIO MEDICO DR LAERCIO BYRRO GUIMARAES;;;M;;;M ;MUNICIPAL;4;22;38950000;RUA PREFEITO IVO MENDES;185;CENTRO;34 36312525;-19.4785078914;-46.5399956703;3.0;ATENDIMENTOS NOS TURNOS DA MANHA E A TARDE;;;4000.0;0.0;0.0;0.0;0.0;0.0;0.0;;NAO
6218768;3550306218768;35;355030;;COIBIM CENTRO ODONTOLOGICO INTEGRADO LTDA;CLINICA COIBIM CENTRO ODONTOLOGICO INTEGRADO;;;M;;;M ;MUNICIPAL;4;36;4004070;PRACA OSWALDO CRUZ;124;PARAISO;1132511027;-23.5706;-46.6440249;3.0;ATENDIMENTOS NOS TURNOS DA MANHA E A TARDE;67187294000183.0;coibim.adm@gmail.com;2240.0;0.0;0.0;0.0;0.0;1.0;0.0;;NAO
3466566;3304553466566;33;330455;;DOCTOR DOCUMENTACAO ODONTO RADIOGRAFICA S C LTDA;DOCTOR IMAGEM;;;M;;;M ;MUNICIPAL;4;39;22631003;AVENIDA DAS AMERICAS;3939;BARRA DA TIJUCA;;-22.9986343213;-43.3640241623;3.0;ATENDIMENTOS NOS TURNOS DA MANHA E A TARDE;424295000123.0;;2240.0;0.0;0.0;0.0;0.0;0.0;0.0;;NAO
2118319;3104502118319;31;310450;;FUNDACAO MUNICIPAL DE SAUDE DE ARINOS;HOSPITAL NOSSA SENHORA APARECIDA;;;M;;;M ;MUNICIPAL;4;5;38680000;RUA JOSE GOMES VIANA;1200;CENTRO;(38)36351090;-15.9144351;-46.1088478;6.0;ATENDIMENTO CONTINUO DE 24 HORAS/DIA (PLANTAO:INCLUI SABADOS, DOMINGOS E FERIADOS);18650424000167.0;fundacaoarinos@yahoo.com.br;1155.0;1.0;1.0;0.0;1.0;1.0;1.0;;SIM
5210216;4219305210216;42;421930;;DR MANUEL INACIO MANSUR FORTES;DR MANUEL INACIO MANSUR FORTES;;;M;;;M ;MUNICIPAL;4;22;89560438;RUA ANTONIO MARAFON;20;MARAFON;(49)35661358;-27.0011438;-51.1537188;3.0;ATENDIMENTOS NOS TURNOS DA MANHA E A TARDE;;;4000.0;0.0;0.0;0.0;0.0;0.0;0.0;;NAO
6026362;3136706026362;31;313670;;LUDMILA COELHO LOMBELLO;DRA LUDMILA COELHO LOMBELLO;;;M;;;M ;MUNICIPAL;4;22;36016300;RUA REI ALBERTO;108;CENTRO;(32) 3215 - 0584;-21.7661757142;-43.3509993553;3.0;ATENDIMENTOS NOS TURNOS DA MANHA E A TARDE;;;4000.0;0.0;0.0;0.0;0.0;0.0;0.0;;NAO
5467691;1504305467691;15;150430;4880258000180.0;PREFEITURA MUNICIPAL DE MARACANA;UNIDADE DE SAUDE DA FAMILIA DA VILA DA PENHA;;;M;;;M ;MUNICIPAL;4;2;68710000;VILA DA PENHA;14;VILA DA PENHA;091 3448 1567;-0.6529857419;-47.4726104736;3.0;ATENDIMENTOS NOS TURNOS DA MANHA E A TARDE;;;1244.0;0.0;0.0;0.0;0.0;1.0;0.0;;SIM
8362343;3303508362343;33;330350;;VITAFORMULA RIO FARMACIA DE MANIPULACAO LTDA;VITAFORMULA;;;M;;;M ;MUNICIPAL;4;43;26210180;TV ALMERINDA LUCAS DE AZEVEDO;17;CENTRO;21980976921;-22.7580989213;-43.4487916195;4.0;ATENDIMENTO NOS TURNOS DA MANHA, TARDE E NOITE;4918128000190.0;fiscal@rsacontabilidade.com.br;2062.0;0.0;0.0;0.0;0.0;0.0;0.0;;NAO
7703740;2107107703740;21;210710;5489935000105.0;MUNICIPIO DE MORROS;NASF DE MORROS;;;M;;;M ;MUNICIPAL;4;71;65160000;RUA DR PAULO RAMOS;38;CENTRO;;-2.864;-44.039;3.0;ATENDIMENTOS NOS TURNOS DA MANHA E A TARDE;;semus_morros@hotmail.com;1244.0;0.0;0.0;0.0;0.0;1.0;0.0;7.0;NAO
925365;5103430925365;51;510343;4217647000120.0;MUNICIPIO DE CURVELANDIA;POSTO DE SAUDE DE SANTA RITA;;;M;;;M ;MUNICIPAL;4;1;78237000;COMUNIDADE SANTA RITA;S/N;ZONA RURAL;;-15.6845640173;-57.8522239111;1.0;ATENDIMENTO SOMENTE PELA MANHA;;;1244.0;0.0;0.0;0.0;0.0;0.0;0.0;;NAO
4068750;1101004068750;11;110100;;LETICIA DOS S ROCHA LTDA;LABORATORIO ROCHA;;;M;;;M ;MUNICIPAL;4;39;76898000;GOVERNADOR JORGE TEIXEIRA;S/N;DISTRITO DE COLINA V;69 92202671;-10.7833172;-62.9439591;3.0;ATENDIMENTOS NOS TURNOS DA MANHA E A TARDE;35974547000172.0;LETICIAROCHA_CARDOSO@HOTMAIL.COM;2062.0;0.0;0.0;0.0;0.0;0.0;0.0;;SIM
6846505;3548506846505;35;354850;;ELISABETE FERNANDES SIMOES DE FREITAS;CONSULTORIO PSICOLOGIA ELISABETE FERNANDES SIMOES DE FREITAS;;;M;;;M ;MUNICIPAL;4;22;11035210;AV ALMIRANTE COCHRANE;194;APARECIDA;1332725031;-23.9715;-46.30915;3.0;ATENDIMENTOS NOS TURNOS DA MANHA E A TARDE;;ceulalio@terra.com.br;4000.0;0.0;0.0;0.0;0.0;0.0;0.0;;NAO
9636404;3509509636404;35;350950;;MIGUEL HENRIQUE COLLACO;MIGUEL HENRIQUE COLLACO;;;M;;;M ;MUNICIPAL;4;22;13092100;R DOUTOR JOSE FERREIRA DE CAMARGO;1463;NOVA CAMPINAS;32545392;-22.8941837681;-47.0454750984;4.0;ATENDIMENTO NOS TURNOS DA MANHA, TARDE E NOITE;;miguelcollaco@yahoo.com.br;4000.0;0.0;0.0;0.0;0.0;1.0;0.0;;NAO
5893852;3550305893852;35;355030;;CINTIA LIE UEZONO FISIOTERAPIA;CINTIA LIE;;;M;;;M ;MUNICIPAL;4;77;4126060;RUA BITENCOURT SAMPAIO;195;VILA MARIANA;;-23.5986959102;-46.630488054;3.0;ATENDIMENTOS NOS TURNOS DA MANHA E A TARDE;37338889000121.0;;2135.0;0.0;0.0;0.0;0.0;0.0;0.0;;NAO
6666205;5107606666205;51;510760;;ISABELA SILVEIRA HOEPPNER CIA LTDA ME;CAO CENTRO AVANCADO DE ODONTOLOGIA;;;M;;;M ;MUNICIPAL;4;22;78700300;AV PRES KENNEDY;2170;CENTRO A;(66) 34235911;-16.4650916806;-54.635194838;3.0;ATENDIMENTOS NOS TURNOS DA MANHA E A TARDE;9345377000157.0;;2062.0;0.0;0.0;0.0;0.0;1.0;0.0;;NAO
2487659;2933302487659;29;293330;14239578000100.0;PREFEITURA MUNICIPAL DE VITORIA DA CONQUISTA;USF DE SAO SEBASTIAO;;;M;;;M ;MUNICIPAL;4;2;45065000;POVOADO DE SAO SEBASTIAO;S/N;SAO SEBASTIAO;7734248931;-14.78228;-40.657091;3.0;ATENDIMENTOS NOS TURNOS DA MANHA E A TARDE;;saude@pmvc.com.br;1244.0;0.0;0.0;0.0;0.0;1.0;0.0;;SIM
2186500;3141102186500;31;314110;;ODONTOCLIN CLINICA ODONTOLOGICA LTDA;ODONTOCLIN CLINICA ODONTOLOLIGA LTDA;;;M;;;M ;MUNICIPAL;4;22;35720000;RUA EDUARDO GONCALVES COTA;78;CENTRO;(31)37121611;-19.5569;-44.0826;3.0;ATENDIMENTOS NOS TURNOS DA MANHA E A TARDE;;;4000.0;0.0;0.0;0.0;0.0;0.0;0.0;;NAO
6728227;3516206728227;35;351620;;DANIELA LEAL RAMOS CIA;DANIELA LEAL RAMOS CIA;;;M;;;M ;MUNICIPAL;4;22;14400020;COUTO MAGALAHES;1972;CENTRO;;;;3.0;ATENDIMENTOS NOS TURNOS DA MANHA E A TARDE;11314636000124.0;;2062.0;0.0;0.0;0.0;0.0;0.0;0.0;8.0;NAO
9516840;5300109516840;53;530010;;OPC OFTALMOLOGIA SAMAMBAIA LTDA;OPC OFTAMOLOGIA;;;E;;;E ;ESTADUAL;4;36;72304510;QS 120 CONJ;10;SAMAMBAIA SUL;32574302;-15.8774695145;-48.0679321289;3.0;ATENDIMENTOS NOS TURNOS DA MANHA E A TARDE;30246633000145.0;jcarlosbracel@gmail.com;2062.0;0.0;0.0;0.0;0.0;0.0;0.0;6.0;NAO
3876020;3170203876020;31;317020;;JOSE FRANCISCO DE AZEVEDO;JOSE FRANCISCO DE AZEVEDO;;;M;;;M ;MUNICIPAL;4;22;38400434;AVENIDA GETULIO VARGAS;230;CENTRO;34 3088-9500;-18.9213281392;-48.2871007919;3.0;ATENDIMENTOS NOS TURNOS DA MANHA E A TARDE;;clinicasantacatarina230@hotmail.com;4000.0;0.0;0.0;0.0;0.0;1.0;0.0;;NAO
9672613;5107249672613;51;510724;37465283000157.0;UNIDADE DE VIGILANCIA EM SAUDE;VIGILANCIA EM SAUDE;;;M;;;M ;MUNICIPAL;4;50;78545000;RUA RAPOSO TAVARES;496;CENTRO;(66)3562-1259;-11.981257344;-55.2795284986;3.0;ATENDIMENTOS NOS TURNOS DA MANHA E A TARDE;;diretoriasaude@santacarmem.mt.gov.br;1244.0;;;;;1.0;0.0;;SIM
3989984;4311403989984;43;431140;;GUNTER GAUBY FLEISCHHUT;GUNTER GAUBY FLEISCHHUT;;;M;;;M ;MUNICIPAL;4;22;95900022;RUAS JULIO DE CASTILHO;966;CENTRO;(51)3714-2268;-29.467;-51.961;3.0;ATENDIMENTOS NOS TURNOS DA MANHA E A TARDE;;;4000.0;0.0;0.0;0.0;0.0;0.0;0.0;10.0;NAO
3069869;3303503069869;33;330350;;CAROLINO AUGUSTO SILVA;CAROLINO AUGUSTO SILVA;;;M;;;M ;MUNICIPAL;4;22;26210060;AVENIDA GOVERNADOR AMARAL PEIXOTO;154;CENTRO;;-22.7556948;-43.4581648;3.0;ATENDIMENTOS NOS TURNOS DA MANHA E A TARDE;;;4000.0;0.0;0.0;0.0;0.0;0.0;0.0;;NAO
6688187;4128106688187;41;412810;;CLINICA DE PSICOLOGIA LINDNER LTDA;CLINICA DE PSICOLOGIA FELICITA;;;M;;;M ;MUNICIPAL;4;22;87502180;RUA ARAPONGAS;3827;ZONA II;44 84353300;-23.7750887;-53.0930438;3.0;ATENDIMENTOS NOS TURNOS DA MANHA E A TARDE;12218370000189.0;;2062.0;0.0;0.0;0.0;0.0;0.0;0.0;;NAO
9715347;1502109715347;15;150210;;R FERREIRA GONCALVES;CLINICA SANTA MARIA;;;M;;;M ;MUNICIPAL;4;36;68400000;CONEGO SIQUEIRA;2030;BRASILIA;91 82120747;-2.2499236483;-49.5030856133;3.0;ATENDIMENTOS NOS TURNOS DA MANHA E A TARDE;11144347000124.0;;2135.0;0.0;0.0;0.0;0.0;1.0;0.0;;NAO
9229477;4317509229477;43;431750;;KIECKOW SERVICOS MEDICOS E CONSULTORIAS TECNICAS LTDA ME;K K CLINICA MEDICA;;;M;;;M ;MUNICIPAL;4;22;98801613;RUA QUINZE DE NOVEMBRO;1203;CENTRO;;-28.304475144;-54.2641353607;3.0;ATENDIMENTOS NOS TURNOS DA MANHA E A TARDE;10641111000130.0;;2062.0;0.0;0.0;0.0;0.0;0.0;0.0;;NAO
5077818;5107605077818;51;510760;;CLINICA MEDICA E ODONT MY CARD LTDA;CLINICA MEDICA E ODONT MY CARD;;;M;;;M ;MUNICIPAL;4;22;78700170;RUA OTAVIO PITALUGA;944;CENTRO;;-16.4621597;-54.6370995;3.0;ATENDIMENTOS NOS TURNOS DA MANHA E A TARDE;3199785000161.0;;2062.0;0.0;0.0;0.0;0.0;1.0;0.0;6.0;NAO
2442280;5219302442280;52;521930;;SANTA LUCIA ANALISES CLINICAS EIRELI;LABORATORIO SANTA LUCIA;;;M;;;M ;MUNICIPAL;4;39;75920000;EDUVALDO V DO CARMO;596;CENTRO;;-17.8169756;-50.5910691;3.0;ATENDIMENTOS NOS TURNOS DA MANHA E A TARDE;1581498000196.0;;2062.0;0.0;0.0;0.0;0.0;1.0;0.0;;NAO
7637845;3508807637845;35;350880;46186375000199.0;PREFEITURA MUNICIPAL DE CAFELANDIA;CAPS I DR RAMALHO FRANCO;;;M;;;M ;MUNICIPAL;4;70;16503452;RUA JOAO PAZETO;76;CENTRO;1435544493;-21.805938;-49.6199265;3.0;ATENDIMENTOS NOS TURNOS DA MANHA E A TARDE;;capscafelandia@hotmail.com;1244.0;0.0;0.0;0.0;0.0;0.0;0.0;;NAO
2519976;2928802519976;29;292880;14042667000161.0;PREFEITURA MUNICIPAL DE SANTO ESTEVAO;POSTO DE SAUDE PRIMAVERA;;;M;;;M ;MUNICIPAL;4;1;44190000;POVOADO DA PRIMAVERA;S/N;ZONA RURAL;(75) 2451061;;;1.0;ATENDIMENTO SOMENTE PELA MANHA;;;1000.0;0.0;0.0;0.0;0.0;1.0;0.0;4.0;NAO
6419283;3505706419283;35;350570;;FERNANDO PERUSSI NUNES;FERNANDO PERUSSI NUNES;;;M;;;M ;MUNICIPAL;4;22;6415000;AVENIDA CAPITAO FRANCISCO CESAR;1280;ENGENHO NOVO;(11) 4168-3505;-23.5038273814;-46.8738341331;3.0;ATENDIMENTOS NOS TURNOS DA MANHA E A TARDE;;feperussi@gmail.com;4000.0;0.0;0.0;0.0;0.0;0.0;0.0;;NAO
2768534;3167202768534;31;316720;18715516002474.0;SECRETARIA DE ESTADO DA SAUDE DE MINAS GERAIS;SRS SETE LAGOAS;;;E;;;E ;ESTADUAL;4;68;35700312;AVENIDA DOUTOR RENATO AZEREDO;834;CENTRO;(31)21073400;-19.4636617;-44.241474;3.0;ATENDIMENTOS NOS TURNOS DA MANHA E A TARDE;18715516001583.0;grs.set@saude.mg.gov.br;1023.0;;;;;1.0;0.0;;SIM
6118917;4302106118917;43;430210;;CLINICA MEDICA RENALLIS LTDA;CLINICA RENALLIS;;;M;;;M ;MUNICIPAL;4;22;95700000;RUA GENERAL OSORIO;309;CENTRO;34526441;;;3.0;ATENDIMENTOS NOS TURNOS DA MANHA E A TARDE;9541678000156.0;renallisblanco@rterra.com.br;2062.0;0.0;0.0;0.0;0.0;0.0;0.0;4.0;NAO
6655130;3304556655130;33;330455;;LIFE IMAGEM DIAG POR IMAGEM CLIN MED E PARTICIPACOES S A;LIFE IMAGEM UNIDADE BARRA DA TIJUCA;;;M;;;M ;MUNICIPAL;4;39;22631003;AVENIDA DAS AMERICAS;3665;BARRA DA TIJUCA;2122126200;-23.0003974;-43.3497264;3.0;ATENDIMENTOS NOS TURNOS DA MANHA E A TARDE;40297269001178.0;lifeimagem@lifeimagem.com.br;2054.0;0.0;0.0;0.0;0.0;0.0;0.0;8.0;NAO
79065;5205100079065;52;520510;;FERNANDA ZORZETTE PAES;FERNANDA ZORZETTE PAES;;;M;;;M ;MUNICIPAL;4;22;75701030;RUA PEDRO LUDOVICO;66;CENTRO;;-18.1696535263;-47.9483780265;3.0;ATENDIMENTOS NOS TURNOS DA MANHA E A TARDE;;;4000.0;0.0;0.0;0.0;0.0;1.0;0.0;;NAO
6121101;2611606121101;26;261160;;PLAUTO JUSTINIANO DE CARVALHO;PLAUTO JUSTINIANO DE CARVALHO;;;M;;;M ;MUNICIPAL;4;22;52020130;RUA VICENTE MEIRA;28;ESPINHEIRO;8134261302;;;5.0;ATENDIMENTO COM TURNOS INTERMITENTES;;;4000.0;0.0;0.0;0.0;0.0;1.0;0.0;8.0;NAO
2994666;1302602994666;13;130260;;PETROLEO BRASILEIRO S A PETROBRAS;CENTRO DE SAUDE PETROBRAS;;;E;;;E ;ESTADUAL;4;36;69055035;AV DARCY VARGAS;645;PARQUE 10 DE NOVEMBR;9236276044;-3.0918363607;-60.0199627876;3.0;ATENDIMENTOS NOS TURNOS DA MANHA E A TARDE;33000167113143.0;chryslane@petrobras.com.br;2038.0;0.0;0.0;0.0;0.0;0.0;0.0;;NAO
2317702;1501802317702;15;150180;4876389000194.0;PREFEITURA MUNICIPAL DE BREVES;POSTO DE SAUDE RODRIGO CAMARA;;;M;;;M ;MUNICIPAL;4;1;68800000;RIO FURO DO GIL;S/N;RURAL;;-0.9343910212;-50.8387703547;5.0;ATENDIMENTO COM TURNOS INTERMITENTES;;;1244.0;0.0;0.0;0.0;0.0;0.0;0.0;;NAO
7236522;2105307236522;21;210530;;CENTRO OFTALMOLOGICO DE IMPERATRIZ DR JULIANO BORGES LTDA;CLINICA DE OLHOS DR JULIANO BORGES;;;M;;;M ;MUNICIPAL;4;36;65903120;R JOAO LISBOA;1034;ENTRONCAMENTO;;-5.5237207445;-47.4774931305;3.0;ATENDIMENTOS NOS TURNOS DA MANHA E A TARDE;10589357000100.0;;2062.0;0.0;0.0;0.0;0.0;0.0;0.0;;NAO
8284733;5300108284733;53;530010;;IBRAFISIO INSTITUTO BR ASILIENSE DE FISIOTERAPIA LTDA;IBRAFISIO;;;E;;;E ;ESTADUAL;4;36;72410107;QUADRA 01 CONJUNTO G LOTE 02 LOJAS 01 03;04;SETOR SUL GAMA;61996938090;-16.0272839927;-48.0672991276;3.0;ATENDIMENTOS NOS TURNOS DA MANHA E A TARDE;29342202000446.0;KARINAPADUA@GMAIL.COM;2062.0;0.0;0.0;0.0;0.0;1.0;0.0;;NAO
4535464;2800304535464;28;280030;;JULIANA DA SILVA SANTOS MACEDO LTDA;JANELA SAUDE E DESENVOLVIMENTO;;;M;;;M ;MUNICIPAL;4;36;49020330;RUA JOVENTINA ALVES;305;SALGADO FILHO;79 91414889;-10.9311633401;-37.0533224757;3.0;ATENDIMENTOS NOS TURNOS DA MANHA E A TARDE;38325210000122.0;JULIANASS_1983@HOTMAIL.COM;2062.0;0.0;0.0;0.0;0.0;0.0;0.0;;NAO
4952197;4308104952197;43;430810;;HAMAMELIS FARMACIA DE MANIPULACAO LTDA;HAMAMELIS FARMACIA DE MANIPULACAO LTDA;;;M;;;M ;MUNICIPAL;4;43;95770000;JULIO DE CASTILHOS;540;MATIEL;51 36373455;-29.469482007;-51.3037329812;3.0;ATENDIMENTOS NOS TURNOS DA MANHA E A TARDE;5059454000747.0;MIRELE@FARMACIAHAMAMELIS.COM.BR;2062.0;;;;;0.0;0.0;;NAO
4189949;4113704189949;41;411370;;REALIZA ODONTOLOGIA LTDA;REALIZA ODONTOLOGIA;;;M;;;M ;MUNICIPAL;4;36;86046002;INGLATERRA;690;IGAPO;43 91629077;-23.3467279904;-51.1475157738;3.0;ATENDIMENTOS NOS TURNOS DA MANHA E A TARDE;36786398000180.0;;2062.0;0.0;0.0;0.0;0.0;0.0;0.0;;NAO
8085862;3556208085862;35;355620;;INSTITUTO LUANA CAMELO FISIOTERAPIA E PILATES LTDA;INSTITUTO LUANA CAMELO;;;M;;;M ;MUNICIPAL;4;22;13271430;AVENIDA JOAQUIM ALVES CORREA;4440;PQ NOVA SUICA;19 32443527;-22.9996366;-46.990021;3.0;ATENDIMENTOS NOS TURNOS DA MANHA E A TARDE;60025550000197.0;luapilates@gmail.com;2062.0;0.0;0.0;0.0;0.0;0.0;0.0;;NAO
1127756;3304551127756;33;330455;;FABIO ANCIAES DA SILVA;CONSULTORIO DE NEUROLGIA E ENDOCRINOLOGIA;;;M;;;M ;MUNICIPAL;4;22;23052102;AVENIDA CESARIO DE MELO;2623;CAMPO GRANDE;(21) 37981828;-22.9052734618;-43.5577869415;3.0;ATENDIMENTOS NOS TURNOS DA MANHA E A TARDE;;fabio.neurologia@gmail.com;4000.0;0.0;0.0;0.0;0.0;0.0;0.0;8.0;NAO
4100611;1721004100611;17;172100;;LABPRIME CENTRO DE DIAGNOSTICOS E EXAMES LABORATORIAIS LTDA;LABPRIME;;;M;;;M ;MUNICIPAL;4;39;77006070;ARNE 12 ALAMEDA 17;S/N;PLANO DIRETOR NORTE;63 92388997;-10.2225597;-48.344909615;3.0;ATENDIMENTOS NOS TURNOS DA MANHA E A TARDE;47396937000191.0;dralexbarros@gmail.com.br;2062.0;0.0;0.0;0.0;0.0;0.0;0.0;;NAO
5733588;3554005733588;35;355400;;CAMILA DE CAMARGO BARROS;CAMILA DE CAMARGO BARROS;;;M;;;M ;MUNICIPAL;4;22;18271060;CAPITAO LISBOA;715;CENTRO;991121514;-23.3470432027;-47.8476047516;3.0;ATENDIMENTOS NOS TURNOS DA MANHA E A TARDE;;sd_camilabarros@hotmail.com;4000.0;0.0;0.0;0.0;0.0;0.0;0.0;;NAO
7879636;3503807879636;35;350380;;MARCELO DE SOUZA PIERRE;MARCELO DE SOUZA PIERRE;;;M;;;M ;MUNICIPAL;4;22;13163008;ERNESTO TAGLIARI;1808;VILA QUEIROZ;;-22.575622;-47.165278;3.0;ATENDIMENTOS NOS TURNOS DA MANHA E A TARDE;;marcelopierre@uol.com.br;4000.0;0.0;0.0;0.0;0.0;0.0;0.0;;NAO
77054;4115800077054;41;411580;;UNIMED DO OESTE DO PARANA COOPERATIVA DE TRABALHO MEDICO;LABORATORIO UNIMED POSTO DE COLETA;;;M;;;M ;MUNICIPAL;4;22;85720126;SANTA CATARINA;899;CENTRO;45 32408260;-25.2931295301;-54.0968728065;3.0;ATENDIMENTOS NOS TURNOS DA MANHA E A TARDE;78420783000745.0;alexandre@unimedmedianeira.com.br;2143.0;0.0;0.0;0.0;0.0;0.0;0.0;;NAO
5859484;3510505859484;35;351050;;NAKANO MEDICINA SOCIEDADE EMPRESARIA LTDA;NAKANO MEDICINA CARAGUATATUBA;;;M;;;M ;MUNICIPAL;4;36;11660005;ARTHUR COSTA FILHO;937;CENTRO;12 38833849;-23.62364;-45.410569;3.0;ATENDIMENTOS NOS TURNOS DA MANHA E A TARDE;4518000000139.0;seteccontb@uol.com.br;2062.0;0.0;0.0;0.0;0.0;1.0;0.0;;NAO
2683210;4104902683210;41;410490;;INSTITUTO MORIAH;HOSPITAL ANNA FIORILLO MENARIM;;;E;;;E ;ESTADUAL;3;5;84165970;DOUTOR OTAVIO NOVAES JUNIOR;190;CENTRO;15 33465232;-24.8057034814;-49.9884412292;6.0;ATENDIMENTO CONTINUO DE 24 HORAS/DIA (PLANTAO:INCLUI SABADOS, DOMINGOS E FERIADOS);9627870000593.0;CONTATO@AGERE.COM.BR;3999.0;1.0;1.0;0.0;1.0;1.0;1.0;;SIM
2848082;3135202848082;31;313520;;MAX HUMBERTO E GOMES LTDA;VB POSTO DE MEDICAMENTOS;;;M;;;M ;MUNICIPAL;4;22;39480000;VARZEA BONITA;S/N;ZONA RURAL;38 98668884;-15.1095;-45.2531267258;3.0;ATENDIMENTOS NOS TURNOS DA MANHA E A TARDE;24797925000173.0;ngcontabil.fiscal@gmail.com;2062.0;0.0;0.0;0.0;0.0;0.0;0.0;;NAO
6159788;3503206159788;35;350320;;ROSANGELA TSUHA;ROSANGELA TSUHA;;;M;;;M ;MUNICIPAL;4;22;14810088;R 13 DE MAIO;673;VILA XAVIER;3333-8866;-21.7895736886;-48.1675059179;3.0;ATENDIMENTOS NOS TURNOS DA MANHA E A TARDE;;drarosangela@yahoo.com.br;4000.0;0.0;0.0;0.0;0.0;0.0;0.0;;NAO
2262975;4308452262975;43;430845;89708051000186.0;PREFEITURA MUNICIPAL DE FORTALEZA DOS VALOS;UNIDADE SANITARIA RINCAO DOS VALOS II;;;M;;;M ;MUNICIPAL;4;1;98125000;AREA RURAL;S/N;RURAL;(55)33281133;-28.8918770972;-53.2297897339;1.0;ATENDIMENTO SOMENTE PELA MANHA;;gi.goularte@gmail.com;1244.0;0.0;0.0;0.0;0.0;1.0;0.0;;NAO
412031;4209300412031;42;420930;;SMMA SERVICOS MEDICOS LTDA;SMMA SERVICOS MEDICOS;;;M;;;M ;MUNICIPAL;4;36;88502030;RUA FREI GABRIEL;187;CENTRO;49 99155-9799;-27.8183762;-50.3293474;3.0;ATENDIMENTOS NOS TURNOS DA MANHA E A TARDE;38201930000186.0;;2062.0;0.0;0.0;0.0;0.0;0.0;0.0;;SIM
2121158;3140002121158;31;314000;;LUIZ GERALDO RABELLO SILVA;MARIANA CONS ODONTOLOGICO LUIZ GERALDO RABELLO SILVA;;;M;;;M ;MUNICIPAL;4;22;35420066;RUA PADRE GONCALVES LOPES;61;CENTRO;(31)35572694;-20.3779607092;-43.4162092209;3.0;ATENDIMENTOS NOS TURNOS DA MANHA E A TARDE;;rabello.silva@uol.com.br;4000.0;0.0;0.0;0.0;0.0;0.0;0.0;;NAO
4560280;4322404560280;43;432240;;CRISTINA PERES ROCCO SERVICOS MEDICOS LTDA;CRISTINA ROCO;;;M;;;M ;MUNICIPAL;4;22;97502814;ANTONIO MONTEIRO;2584;SAO MIGUEL;;-29.77094;-57.08802;3.0;ATENDIMENTOS NOS TURNOS DA MANHA E A TARDE;45738989000173.0;;2062.0;0.0;0.0;0.0;0.0;0.0;0.0;;NAO
9184457;3548809184457;35;354880;;MEDLYN SERVICOS MEDICOS ESPECIALIZADOS LTDA;MEDLYN SERVICOS MEDICOS ESPECIALIZADOS LTDA;;;M;;;M ;MUNICIPAL;4;22;9530401;SENADOR ROBERTO SIMONSEN;420;SANTO ANTONIO;11 42213162;-23.6230085781;-46.5509712696;3.0;ATENDIMENTOS NOS TURNOS DA MANHA E A TARDE;26814123000150.0;evelynneuro@gmail.com;2240.0;0.0;0.0;0.0;0.0;0.0;0.0;;NAO
8107645;3527108107645;35;352710;;MARIO ROBERTO PERUSSI;MARIO ROBERTO PERUSSI;;;M;;;M ;MUNICIPAL;4;22;16400377;RUA COROADOS;342;XINGU;;-21.6859636;-49.7564416;3.0;ATENDIMENTOS NOS TURNOS DA MANHA E A TARDE;;leda362003@hotmail.com;4000.0;0.0;0.0;0.0;0.0;1.0;0.0;;NAO
7348150;4122307348150;41;412230;;VB SERVICOS MEDICOS S S LTDA;VB SERVICOS MEDICOS;;;M;;;M ;MUNICIPAL;4;4;83880000;RUA CEL NICOLAU BLEY NETO;439;CENTRO;47-36420286;-26.1060276;-49.8038214;3.0;ATENDIMENTOS NOS TURNOS DA MANHA E A TARDE;16678455000109.0;;2240.0;0.0;0.0;0.0;0.0;0.0;0.0;10.0;NAO
6966497;3547806966497;35;354780;46522942000130.0;PREFEITURA MUNICIPAL DE SANTO ANDRE;BRAVO 11;;;M;;;M ;MUNICIPAL;4;42;9133000;ESTRADA DO PEDROSO;S/N;PQ MIAMI;(11)49746891;-23.7024968;-46.5037112;6.0;ATENDIMENTO CONTINUO DE 24 HORAS/DIA (PLANTAO:INCLUI SABADOS, DOMINGOS E FERIADOS);;;1244.0;;;;;0.0;0.0;;NAO
3140466;4106903140466;41;410690;;MAC SENA LTDA;MAC SENA;;;M;;;M ;MUNICIPAL;4;22;80420010;AV VICENTE MACHADO;320;CENTRO;41 30294114;-25.4342373;-49.2821643;3.0;ATENDIMENTOS NOS TURNOS DA MANHA E A TARDE;3687918000149.0;macsenaltda@gmail.com;2232.0;0.0;0.0;0.0;0.0;1.0;0.0;;NAO
8389063;4211008389063;42;421100;83028415000109.0;MUNICIPIO DE MONDAI;UNIDADE MOVEL ODONTOLOGICA;;;M;;;M ;MUNICIPAL;4;40;89893000;RUA CRISTIANO WANDSCHEER;27;CENTRO;;-27.1009;-53.4019;3.0;ATENDIMENTOS NOS TURNOS DA MANHA E A TARDE;;saude@mondai.sc.gov.br;1244.0;0.0;0.0;0.0;0.0;0.0;0.0;;NAO
892238;2304400892238;23;230440;;COOPERMAIS SAUDE COOPERATIVA DE TRABALHO MULTIPROFISSIONAL;COOPERMAIS SAUDE;;;M;;;M ;MUNICIPAL;4;60;60150162;AVENIDA SANTOS DUMONT;2626;ALDEOTA;85 36360236;-3.7354986;-38.5042601;;;40459145000170.0;coopermaissaude2021@gmail.com;2143.0;;;;;0.0;0.0;;NAO
9020306;1100209020306;11;110020;;DROGARIA BOM PRECO COMERCIO DE MEDICAMENTOS LTDA ME;DROGARIA BOM PRECO;;;M;;;M ;MUNICIPAL;4;43;76820203;AV RIO D JANEIRO;4765;AGENOR DE CARVALHO;693223 0852 32257513;-8.7707486;-63.8823043;4.0;ATENDIMENTO NOS TURNOS DA MANHA, TARDE E NOITE;21566129000131.0;drogariabompreco2@gmail.com;2062.0;0.0;0.0;0.0;0.0;0.0;0.0;4.0;NAO
7233701;3540707233701;35;354070;;RUBIANE CRISTINA DA SILVA BRUZAO;RUBIANE CRISTINA DA SILVA BRUZAO;;;M;;;M ;MUNICIPAL;4;22;13660000;RUA JOAO PROCOPIO SOBRINHO;157;CENTRO;;;;3.0;ATENDIMENTOS NOS TURNOS DA MANHA E A TARDE;;;4000.0;0.0;0.0;0.0;0.0;1.0;0.0;4.0;NAO
8335605;3550308335605;35;355030;;ENFMASTER ENFERMAGEM LTDA;ENFMASTER ENFERMAGEM;;;M;;;M ;MUNICIPAL;4;36;1308000;RUA BARATA RIBEIRO;190;BELA VISTA;;-23.55541;-46.65182;3.0;ATENDIMENTOS NOS TURNOS DA MANHA E A TARDE;60083897000196.0;;2062.0;0.0;0.0;0.0;0.0;1.0;0.0;;NAO
2565919;2311302565919;23;231130;23444748000189.0;PREFEITURA MUNICIPAL DE QUIXADA;FUNDACAO DE APOIO AO ESTUDANTE FAE;1.0;ADMINISTRACAO DIRETA DA SAUDE (MS,SES e SMS);M;2.0;Media - M1;M ;MUNICIPAL;4;22;63900000;RUA BASILIO PINTO;S/N;COMBATE;;;;4.0;ATENDIMENTO NOS TURNOS DA MANHA, TARDE E NOITE;;;1000.0;0.0;0.0;0.0;0.0;1.0;0.0;8.0;NAO
3590143;4209303590143;42;420930;;KENNY SECCHI;KENNY SECCHI;;;M;;;M ;MUNICIPAL;4;22;88503001;RUA CRUZ E SOUZA;16;CENTRO;(49)99831716;-27.8225032;-50.3263736;2.0;ATENDIMENTO SOMENTE A TARDE;;kenny.psico@ibest.com.br;4000.0;0.0;0.0;0.0;0.0;0.0;0.0;;NAO
9612165;5107609612165;51;510760;;RENNOVE CLINICA ODONTOLOGICA EIRELI;RENNOVE;;;M;;;M ;MUNICIPAL;4;22;78710861;RUA FERNADNO CORREA DA COSTA;1904;VL MARINOPOLIS;;-16.4636203659;-54.6402025223;3.0;ATENDIMENTOS NOS TURNOS DA MANHA E A TARDE;29171708000197.0;;2062.0;0.0;0.0;0.0;0.0;0.0;0.0;;NAO
4329678;5300104329678;53;530010;;EMBELLA ESTETICA LTDA;EMBELLA ESTETICA LTDA;;;E;;;E ;ESTADUAL;4;36;71919540;RUA COPAIBA LOTE 01 SALA 905 907 909;01;NORTE AGUAS CLARAS;(61) 3084-9070;-15.8355016;-48.0412934;3.0;ATENDIMENTOS NOS TURNOS DA MANHA E A TARDE;27530055000160.0;embellaestetica@gmail.com;2062.0;0.0;0.0;0.0;0.0;1.0;0.0;8.0;NAO
552720;4310100552720;43;431010;;DANIS FARMACIA E DROGRARIA LTDA;QUALITA FARMACIA DE MANIPULACAO;;;M;;;M ;MUNICIPAL;4;43;95650000;INDEPENDENCIA;275;CENTRO;51 35451873;-29.5697805438;-50.7922196388;3.0;ATENDIMENTOS NOS TURNOS DA MANHA E A TARDE;7698441000158.0;inessironi@terra.com.br;2062.0;0.0;0.0;0.0;0.0;1.0;0.0;;NAO
5869463;3556705869463;35;355670;;CLINICA SOUL LTDA;SUNSET STUDIO FITNESS;;;M;;;M ;MUNICIPAL;4;36;13284022;DA BOIADA;2845;NOVA VINHEDO;19 93688868;-23.0269627794;-46.9917358123;4.0;ATENDIMENTO NOS TURNOS DA MANHA, TARDE E NOITE;25146213000157.0;GCDEALMEIDA@GMAIL.COM;2062.0;0.0;0.0;0.0;0.0;0.0;0.0;;NAO
9785930;4102909785930;41;410290;;LUANA PARIZOTTO PSICOLOGIA;LUPA PSICOLOGIA;;;M;;;M ;MUNICIPAL;4;36;84640000;PREFEITO FARID ABRAHAO;314;SAO FRANCISCO;;-26.1580958789;-51.5564131737;4.0;ATENDIMENTO NOS TURNOS DA MANHA, TARDE E NOITE;33071761000193.0;;2062.0;0.0;0.0;0.0;0.0;0.0;0.0;;NAO
7108664;3549807108664;35;354980;;INCLUSIVA TERAPIA OCUPACIONAL E QUALIDADE DE VIDA LTDA;CLINICA INCLUSIVA;;;M;;;M ;MUNICIPAL;4;39;15015500;RUA CORONEL SPINOLA DE CASTRO;3845;CENTRO;17-32222648;-20.8146070481;-49.3877086296;4.0;ATENDIMENTO NOS TURNOS DA MANHA, TARDE E NOITE;10685480000125.0;contato@clinicainclusiva.com.br;2062.0;0.0;0.0;0.0;0.0;1.0;0.0;;NAO
3899314;3550603899314;35;355060;;LEILA MARSON GUIDETTI;LEILA MARSON GUIDETTI;;;M;;;M ;MUNICIPAL;4;22;18130555;RUA SANTANA;142;VILA SANTA ISABEL;1147125863;;;3.0;ATENDIMENTOS NOS TURNOS DA MANHA E A TARDE;;leguidetti@ig.com.br;4000.0;0.0;0.0;0.0;0.0;0.0;0.0;6.0;NAO
7809158;3148007809158;31;314800;;MARCELA JUSTINO GONTIJO ME;INAP INSTITUTO DE ODONTOLOGIA APOLONIA;;;M;;;M ;MUNICIPAL;4;22;38703174;RUA MATA DOS FERNANDES;666;VILA GARCIA;34 3061-0683;-18.5852408;-46.5088394;3.0;ATENDIMENTOS NOS TURNOS DA MANHA E A TARDE;22597641000108.0;;2062.0;0.0;0.0;0.0;0.0;1.0;0.0;;NAO
181552;5300100181552;53;530010;;DEPARTAMENTO DE ATENCAO A SAUDE CAMARA DOS DEPUTADOS;DEPARTAMENTO DE ATENCAO A SAUDE CAMARA DOS DEPUTADOS;;;E;;;E ;ESTADUAL;4;4;70160900;PRACA DOS TRES PODERES;S/N;ZONA CIVICO ADMINIST;(61) 3216-7801;-15.8011732011;-47.8661227226;4.0;ATENDIMENTO NOS TURNOS DA MANHA, TARDE E NOITE;530352000159.0;demed@camara.leg.br;1040.0;0.0;0.0;0.0;0.0;1.0;0.0;;NAO
7359098;3522307359098;35;352230;;K J LABORATORIO CLINICO LTDA ME;QUALITY DIAGNOSTICOS LABORATORIAIS;;;M;;;M ;MUNICIPAL;4;39;18205560;RUA GATAZ ALGUZ;244;VILA BARTH;(15)32753374;-23.5951749108;-48.0498505314;3.0;ATENDIMENTOS NOS TURNOS DA MANHA E A TARDE;18988159000121.0;;2062.0;0.0;0.0;0.0;0.0;0.0;0.0;;SIM
3397505;4219003397505;42;421900;;CONSULTORIO ODONTOLOGICO DR RAIAT DIAS CANDIDO EIRELI;CRO DR RAIAT DIAS CANDIDO EIRELI;;;M;;;M ;MUNICIPAL;4;39;88840000;RUA JOAO LAVINA;65;BEL RECANTO;;-28.5456018;-49.3153377;3.0;ATENDIMENTOS NOS TURNOS DA MANHA E A TARDE;34644808000123.0;;2062.0;0.0;0.0;0.0;0.0;0.0;0.0;;SIM
7241321;2211007241321;22;221100;;ESPACO NUTRICAO E SAUDE LTDA;ESPACO NUTRICAO E SAUDE;;;M;;;M ;MUNICIPAL;4;22;64000200;RUA LISANDRO NOGUEIRA;2042;CENTRO;;;;3.0;ATENDIMENTOS NOS TURNOS DA MANHA E A TARDE;15615527000106.0;;2062.0;0.0;0.0;0.0;0.0;0.0;0.0;8.0;NAO
4598334;2927404598334;29;292740;;OBRAS SOCIAIS MISSIONARIOS DA COMPAIXAO DE NOSSA SENHORA DO;UNIDADE MOVEL OBRAS SOCIAIS MISSIONARIOS DA COMPAIXAO V;;;M;;;M ;MUNICIPAL;4;40;41510225;TRAVESSA SANTO AGOSTINHO;70;SAO CRISTOVAO;71 33656662;-12.9118443;-38.3594503;3.0;ATENDIMENTOS NOS TURNOS DA MANHA E A TARDE;4793344000156.0;SAUDE@COMPAIXAO.ORG;3999.0;0.0;0.0;0.0;0.0;1.0;0.0;;NAO
5880173;2913205880173;29;291320;13798152000123.0;MUNICIPIO DE IBOTIRAMA;POLO PRAGRAMA ACADEMIA DE SAUDE IBOTIRAMINHA;;;M;;;M ;MUNICIPAL;4;74;47520000;PRACA DE IBOTIRAMINHA;S/N;IBOTIRAMINHA;(77)36981126;-12.1852256565;-43.2214654986;3.0;ATENDIMENTOS NOS TURNOS DA MANHA E A TARDE;;smsibotirama@gmail.com;1244.0;;;;;1.0;0.0;;NAO
3168662;1302603168662;13;130260;;AL SANTOS MARQUES;ICENTER CENTRO DE DIAGNOSTICO POR IMAGEM;;;E;;;E ;ESTADUAL;4;39;69010010;AV DJALMA BATISTA;2100;PARQ10 DE NOVEMBRO;(92)6320026;;;3.0;ATENDIMENTOS NOS TURNOS DA MANHA E A TARDE;5608907000151.0;alsantos @horizon.com.br;2062.0;0.0;0.0;0.0;0.0;0.0;0.0;6.0;NAO
7057601;2927407057601;29;292740;;CENTRO MEDICO SAO SALVADOR LTDA;CENTRO MEDICO SAO SALVADOR;;;M;;;M ;MUNICIPAL;4;4;40010020;ESTADOS UNIDOS;50;COMERCIO;71 21377781;-12.9710201243;-38.5109639168;3.0;ATENDIMENTOS NOS TURNOS DA MANHA E A TARDE;9625630000126.0;consultoria@excellenceauditoria.com.br;2062.0;0.0;0.0;0.0;0.0;1.0;0.0;;NAO
2857413;4318502857413;43;431850;88568902000170.0;MUNICIPIO DE SAO JOSE DO NORTE;FARMACIA BASICA MUNICIPAL;;;M;;;M ;MUNICIPAL;4;43;96225000;ALMIRANTE TAMANDARE;337;CENTRO;5332384500;-32.014497621;-52.0426212251;3.0;ATENDIMENTOS NOS TURNOS DA MANHA E A TARDE;;SMS@SAOJOSEFONORTE.RS.GOV.BR;1244.0;0.0;0.0;0.0;0.0;0.0;0.0;;NAO
7168438;3304557168438;33;330455;;NEURODERM ASSISTENCIA MEDICA E CIRURGICA ESPECIALIZADA LTDA;CLINICA DERMATOLOGICA DRA ADRIANA MIEKO;;;M;;;M ;MUNICIPAL;4;22;22640905;DAS AMERICAS;04790;BARRA DA TIJUCA;21 22195402;-22.998718;-43.359495;3.0;ATENDIMENTOS NOS TURNOS DA MANHA E A TARDE;10484873000170.0;;2240.0;0.0;0.0;0.0;0.0;0.0;0.0;;NAO
3676838;3543403676838;35;354340;;RICARDO CASSIANO DEMARCO;RICARDO CASSIANO DEMARCO;;;M;;;M ;MUNICIPAL;4;22;14020240;AV ANTONIO DIEDERICHSEN;603;VILA AMERICA;1636236952;;;3.0;ATENDIMENTOS NOS TURNOS DA MANHA E A TARDE;;;4000.0;0.0;0.0;0.0;0.0;1.0;0.0;6.0;NAO
3099482;4106903099482;41;410690;;AJNA CLINICA DE SAUDE EIRELI;AJNA CLINICA DE SAUDE;;;M;;;M ;MUNICIPAL;4;22;80240060;BRASILIO ITIBERE;3759;AGUA VERDE;41 32472065;-25.4513422386;-49.2801001668;3.0;ATENDIMENTOS NOS TURNOS DA MANHA E A TARDE;85481554000100.0;;2240.0;0.0;0.0;0.0;0.0;1.0;0.0;;NAO
8337098;4314908337098;43;431490;;LUIZ FELIPE ROBALLO RIBEIRO;LUIZ FELIPE ROBALLO RIBEIRO;;;M;;;M ;MUNICIPAL;4;22;90020013;RUA DOS ANDRADAS;1781;CENTRO;51 32218854;-30.0297506452;-51.2236864472;3.0;ATENDIMENTOS NOS TURNOS DA MANHA E A TARDE;;lfroballo@gmail.com;4000.0;0.0;0.0;0.0;0.0;0.0;0.0;;NAO
6797997;2927406797997;29;292740;;CENTRO DE MEDICINA HIPERBARICA DO NORDESTE LTDA EPP;CENTRO DE MEDICINA HIPERBARICA DO NORDESTE CANELA;;;M;;;M ;MUNICIPAL;4;36;40110160;RUA JOAO DAS BOTAS;258;CANELA;(71) 3245-1118;-12.9906748904;-38.5202550888;3.0;ATENDIMENTOS NOS TURNOS DA MANHA E A TARDE;3419905000270.0;;2062.0;0.0;0.0;0.0;0.0;1.0;0.0;;NAO
6267777;3504106267777;35;350410;;ROSANGELA SILVA CHIAVONE BUENO;CENA ODONTO ATIBAIA;;;M;;;M ;MUNICIPAL;4;22;12940070;R PRES DUTRA;111;CENTRO;11 4412-8983;;;3.0;ATENDIMENTOS NOS TURNOS DA MANHA E A TARDE;;;4000.0;0.0;0.0;0.0;0.0;1.0;0.0;4.0;NAO
5929504;3509705929504;35;350970;;JUMP SOLUCOES EM SAUDE OCUPACIONAL LTDA;JUMP SOLUCOES EM SAUDE OCUPACIONAL LTDA;;;M;;;M ;MUNICIPAL;4;36;12467054;INACIO CAETANO;477;VILA ABERNESSIA;12 34328186;-22.7414948846;-45.5923819542;3.0;ATENDIMENTOS NOS TURNOS DA MANHA E A TARDE;53775356000163.0;JUMP.UNIDADECAMPOS@GMAIL.COM;2062.0;0.0;0.0;0.0;0.0;1.0;0.0;;NAO
623458;4128100623458;41;412810;;CANALI CHAMORRO LTDA;CANALI CLINICA MEDICA;;;M;;;M ;MUNICIPAL;4;36;87501070;AMAMBAI;3411;ZONA I A;44 36393590;-23.7615912;-53.3182501;3.0;ATENDIMENTOS NOS TURNOS DA MANHA E A TARDE;32137805000178.0;escritorioorgatec@gmail.com;2062.0;0.0;0.0;0.0;0.0;0.0;0.0;;NAO
2334631;2506302334631;25;250630;8785479000120.0;MUNICIPIO DE GUARABIRA;UBS SANTA TEREZINHA DR JOAO SOARES;;;M;;;M ;MUNICIPAL;4;2;58200172;PRACA DA JUVENTUDE;S/N;SANTA TEREZINHA;( );-6.8539753194;-35.4906846333;3.0;ATENDIMENTOS NOS TURNOS DA MANHA E A TARDE;;;1244.0;0.0;0.0;0.0;0.0;1.0;0.0;;SIM
4164695;3546804164695;35;354680;;T C FERNANDES SERVICOS DE PSICOLOGIA ME;T C FERNANDES PSICOLOGIA;;;M;;;M ;MUNICIPAL;4;22;7500000;AVENIDA GUILHERME ALFIERI;200;PQ SAO BENEDITO;969119758;-23.3200504376;-46.223731041;3.0;ATENDIMENTOS NOS TURNOS DA MANHA E A TARDE;47060448000164.0;TAIRINEFERNANDESPSI@GMAIL.COM;2135.0;0.0;0.0;0.0;0.0;0.0;0.0;;NAO
6593518;3304906593518;33;330490;;LABORATORIO DE PATOLOGIA CLINICA GOLONI S S LTDA;LABORATORIO DE PATOLOGIA CLINICA GOLONI S S LTDA;;;M;;;M ;MUNICIPAL;4;39;24710460;RUA YOLANDA SAAD ABUZAID;150;ALCANTARA;2702-2120;-22.827;-43.054;3.0;ATENDIMENTOS NOS TURNOS DA MANHA E A TARDE;7299248000144.0;;2240.0;0.0;0.0;0.0;0.0;0.0;0.0;8.0;NAO
9156496;2203359156496;22;220335;;BEATRIZ MAIANNE SANTANA PAES ME;LAB SORRISO;;;E;;;E ;ESTADUAL;4;39;64785000;AV JOAQUIM AMANCIO RIBEIRO;S/N;CENTRO;(89) 8125-5344;-9.3410109524;-42.4367952347;3.0;ATENDIMENTOS NOS TURNOS DA MANHA E A TARDE;25124709000120.0;beatriz.maianne@hotmail.com;2062.0;0.0;0.0;0.0;0.0;0.0;0.0;;NAO
3645193;3550303645193;35;355030;;SILVIA REGINA MONTEIRO VIDAL;CONS MEDICO SILVIA REGINA MONTEIRO VIDAL;;;M;;;M ;MUNICIPAL;4;22;2016001;R SALETE;360;SANTANA;(11)69732292;-23.5025266;-46.6272969;5.0;ATENDIMENTO COM TURNOS INTERMITENTES;;abreuvidal@terra.com.br;4000.0;0.0;0.0;0.0;0.0;1.0;0.0;;NAO
2615983;1505552615983;15;150555;34671016000148.0;UNIDADE DE SAUDE DA FAMILIA IV MARIA NAZARE CAVALCANTE;UNIDADE DE SAUDE DA FAMILIA IV MARIA NAZARE CAVALCANTE;;;M;;;M ;MUNICIPAL;4;2;68545000;VILA MARAJOARA;S/N;VILA MAROJOARA;( );-7.7346027;-50.0390985;3.0;ATENDIMENTOS NOS TURNOS DA MANHA E A TARDE;;;1244.0;0.0;0.0;0.0;0.0;1.0;0.0;;SIM
9672303;2704309672303;27;270430;;LABORATORIO DE ANALISES CLINICAS SOCIEDADE SIMPLES LTDA;LABORATORIO MARCO PEIXOTO;;;M;;;M ;MUNICIPAL;4;39;57051500;AV MOREIRA E SILVA;951;FAROL;(82) 3223 6571;-9.6562347;-35.7373449;3.0;ATENDIMENTOS NOS TURNOS DA MANHA E A TARDE;12301263000209.0;;2240.0;0.0;0.0;0.0;0.0;1.0;0.0;;NAO
5766427;4302105766427;43;430210;;CLINICA MEDICA URODERM LTDA;CLINICA URODERM;;;M;;;M ;MUNICIPAL;4;4;95700076;RUA RAMIRO BARCELOS;550;CENTRO;34516588;-29.1656903903;-51.5154504776;5.0;ATENDIMENTO COM TURNOS INTERMITENTES;9382692000154.0;;2232.0;0.0;0.0;0.0;0.0;0.0;0.0;;NAO
9193049;3552209193049;35;355220;;DB LABORATORIOS DE ANATOMIA PATOLOGICA E CITOLOGICA LTDA;DB PATOLOGIA;;;M;;;M ;MUNICIPAL;4;39;18086390;VICTOR ANDREW;1470;ZONA INDUSTRIAL;41 32993400;-23.4274449042;-47.4279127327;4.0;ATENDIMENTO NOS TURNOS DA MANHA, TARDE E NOITE;44156756000108.0;TIAGO.SOLIVEIRA@DBDIAGNOSTICOS.COM.BR;2062.0;0.0;0.0;0.0;0.0;0.0;0.0;;SIM
383171;3127700383171;31;312770;;M N W ODONTOLOGIA LTDA;ODONTO EXCELLENCE;;;M;;;M ;MUNICIPAL;4;36;35043250;EDER DA SILVEIRA;117;VILA ISA;33 30223312;-18.8718541096;-41.9533538818;3.0;ATENDIMENTOS NOS TURNOS DA MANHA E A TARDE;37719253000120.0;CONTABILIDADEBETELGV@HOTMAIL.COM;2062.0;0.0;0.0;0.0;0.0;1.0;0.0;;NAO
3639266;2408003639266;24;240800;;EDNARDO JALES DE ALMEIDA;CONSULTORIO ODONTOLOGICO DR EDNARDO JALES;;;M;;;M ;MUNICIPAL;4;22;59611140;FELEGRAFIS MOACIR MELO;01;NOVA BETANIA;;-5.1878207487;-37.3438596725;3.0;ATENDIMENTOS NOS TURNOS DA MANHA E A TARDE;;;4000.0;0.0;0.0;0.0;0.0;0.0;0.0;;NAO
863289;3548800863289;35;354880;;CRISTINA YOSUE KAWAKAMI;CRISTINA YOSUE KAWAKAMI;;;M;;;M ;MUNICIPAL;4;22;9550050;AVENIDA GOIAS;1800;SANTA PAULA;;-23.6166485562;-46.5584814548;3.0;ATENDIMENTOS NOS TURNOS DA MANHA E A TARDE;;;4000.0;0.0;0.0;0.0;0.0;0.0;0.0;;NAO
4518217;3121104518217;31;312110;;LAB CLIN LABORATORIO CLINICO DE ITAJUBA LTDA;LAB CLIN LABORATORIO CLINICO DE ITAJUBA LTDA UNID DELFIM;;;M;;;M ;MUNICIPAL;4;4;37514000;AVENIDA JK DE OLIVEIRA;493;CENTRO;;-22.509444;-45.285656;1.0;ATENDIMENTO SOMENTE PELA MANHA;21755343001027.0;;2062.0;;;;;0.0;0.0;;NAO
203416;3518800203416;35;351880;;BIOMED COMERCIO E SERVICOS LTDA;BIOMED UNIDADE DE TERAPIA E COMERCIO DE ARTIGOS HOSPITALARES;;;M;;;M ;MUNICIPAL;4;36;7095005;ESPERANCA;700;CENTRO;11 24681675;-23.459654;-46.534017;3.0;ATENDIMENTOS NOS TURNOS DA MANHA E A TARDE;30185843000170.0;RODRIGO@INTERAKIDS.NET;2062.0;0.0;0.0;0.0;0.0;0.0;0.0;;NAO
7079923;3524807079923;35;352480;45131885000104.0;PREFEITURA MUNICIPAL DE JALES;ESF RURAL DR JOSE CICERO FONTES XAVIER;;;M;;;M ;MUNICIPAL;4;2;15703120;AV DA INTEGRACAO;2662;VILA UNIAO;17 3085-0755;-20.2765609657;-50.5405770331;3.0;ATENDIMENTOS NOS TURNOS DA MANHA E A TARDE;;ubs.drjosecicerofontesxavier@jales.sp.gov.br;1244.0;0.0;0.0;0.0;0.0;1.0;0.0;;SIM
6260950;4314106260950;43;431410;;DENISE FRONZA;DENISE FRONZA;;;M;;;M ;MUNICIPAL;4;22;99010080;RUA TEIXEIRA SOARES;777;CENTRO;05433116234;-28.2550038727;-52.4172735214;2.0;ATENDIMENTO SOMENTE A TARDE;;denisef@tpo.com.br;4000.0;0.0;0.0;0.0;0.0;0.0;0.0;;NAO
562009;4314900562009;43;431490;;DIMED S A DISTRIBUIDORA DE MEDICAMENTOS;PANVEL FARMACIAS;;;M;;;M ;MUNICIPAL;4;43;90020150;OTAVIO ROCHA;48;CENTRO;32244562;-30.0282040948;-51.2261588891;4.0;ATENDIMENTO NOS TURNOS DA MANHA, TARDE E NOITE;92665611000843.0;pv022@panvel.com.br;2046.0;0.0;0.0;0.0;0.0;0.0;0.0;11.0;NAO
618446;4107550618446;41;410755;;ROBERTO GARCIA FARMACIA;FARMACIA PANACEIA;;;M;;;M ;MUNICIPAL;4;43;87325000;RUA MINAS GERAIS;465;CENTRO;;-24.0960113876;-52.6240181923;4.0;ATENDIMENTO NOS TURNOS DA MANHA, TARDE E NOITE;6133922000153.0;;2135.0;;;;;0.0;0.0;;NAO
9872655;4106909872655;41;410690;;GUILHERME BERTOLOTTI BENATTO;GUILHERME BERTOLOTTI BENATTO;;;M;;;M ;MUNICIPAL;4;22;81050150;AVENIDA WISTON CHURCHILL;2537;CAPAO RASO;41 3078-6786;-25.5188396;-49.2955037;3.0;ATENDIMENTOS NOS TURNOS DA MANHA E A TARDE;;guilhermebbenatto@gmail.com;4000.0;0.0;0.0;0.0;0.0;1.0;0.0;6.0;NAO
2120348;3157102120348;31;315710;18347401000188.0;SECRETARIA MUNICIPAL DE SAUDE DE SALTO DA DIVISA;UNIDADE BASICA DE SAUDE E ESF I INHA PIMENTA;;;M;;;M ;MUNICIPAL;4;2;39925000;RUA PORTO VELHO;96;BARRO PRETO;33988366800;-15.9969959095;-39.945538044;3.0;ATENDIMENTOS NOS TURNOS DA MANHA E A TARDE;;esfinhapimenta01@gmail.com;1244.0;0.0;0.0;0.0;0.0;1.0;0.0;;SIM
5514797;2800305514797;28;280030;;SERVFISIO INFANTIL LTDA;DESENVOLVER INFANCIA;;;M;;;M ;MUNICIPAL;4;36;49030130;CACULA BARRETO;450;FAROLANDIA;79 92078447;-10.9694545;-37.069924;3.0;ATENDIMENTOS NOS TURNOS DA MANHA E A TARDE;59320506000120.0;FISIOLUANA.AQUINO@GMAIL.COM.BR;2062.0;0.0;0.0;0.0;0.0;0.0;0.0;;NAO
659940;3550300659940;35;355030;;ADRIANA HELENA DE MATOS CORBERA CLINICA ODONTOLOGICA;ALLDONTO CARE ODONTOLOGIA E HARMONIZACAO FACIAL;;;M;;;M ;MUNICIPAL;4;22;4038032;RUA BORGES LAGOA;971;VILA CLEMENTINO;(11) 2307-6919;-23.5968788807;-46.646156261;3.0;ATENDIMENTOS NOS TURNOS DA MANHA E A TARDE;40670652000158.0;dri_corbera@hotmail.com;2135.0;0.0;0.0;0.0;0.0;1.0;0.0;;NAO
4412214;3139904412214;31;313990;;LABORATORIO UNIMAGEM LTDA;UNIMAGEM;;;M;;;M ;MUNICIPAL;4;39;37517000;RUA TEODOMIRO SANTIAGO;291;CENTRO;;-22.3065597;-45.3738204;3.0;ATENDIMENTOS NOS TURNOS DA MANHA E A TARDE;49679043000134.0;;2062.0;0.0;0.0;0.0;0.0;1.0;0.0;;SIM
9262229;3516209262229;35;351620;;CLINICA DE ODONTOLOGIA TATIANE RODRIGUES S S LTDA;PRIME CENTRO ODONTOLOGICO;;;M;;;M ;MUNICIPAL;4;22;14403424;VOLUNTARIOS DA FRANCA;2290;SAO JOSE;16 30170557;-20.539;-47.401;3.0;ATENDIMENTOS NOS TURNOS DA MANHA E A TARDE;27689391000150.0;apolocontabilidade@hotmail.com;2232.0;0.0;0.0;0.0;0.0;0.0;0.0;8.0;NAO
3770265;3205003770265;32;320500;;VITOR ROSA DE OLIVEIRA;VITOR ROSA DE OLIVEIRA;;;M;;;M ;MUNICIPAL;4;22;29166225;AVENIDA RIBEIRAO PRETO;164;BARCELONA;27 99503-2785;-20.1750195;-40.2437259;4.0;ATENDIMENTO NOS TURNOS DA MANHA, TARDE E NOITE;;vitorrosaoliveira@gmail.com;4000.0;0.0;0.0;0.0;0.0;1.0;0.0;;NAO
9160434;5201109160434;52;520110;;LEDA DE CASSIA CUNHA TEIXEIRA;PULMONALE;;;M;;;M ;MUNICIPAL;4;22;75020060;10 DE MARCO;335;SETOR CENTRAL;62 30983020;-16.3301860387;-48.9538469911;3.0;ATENDIMENTOS NOS TURNOS DA MANHA E A TARDE;26747867000107.0;;2135.0;0.0;0.0;0.0;0.0;0.0;0.0;4.0;NAO
30007;2611600030007;26;261160;;MICHELE ARRUDA NASCIMENTO;MICHELE ARRUDA NASCIMENTO;;;M;;;M ;MUNICIPAL;4;22;52010050;RUA EPAMINONDAS DE MELO;205;PAISSANDU;3222-4133;-8.059963852;-34.8369753;3.0;ATENDIMENTOS NOS TURNOS DA MANHA E A TARDE;;michelearrudanutri@gmail.com;4000.0;0.0;0.0;0.0;0.0;0.0;0.0;;NAO
4564359;2109904564359;21;210990;;EDEM CLINIC LTDA;EDEM CLINIC;;;M;;;M ;MUNICIPAL;4;36;65300085;RUA DO MILHO;46;CENTRO;98985346263;-3.6582229;-45.3775358;3.0;ATENDIMENTOS NOS TURNOS DA MANHA E A TARDE;38714642000125.0;edemclinic2023@gmail.com;2062.0;0.0;0.0;0.0;0.0;1.0;0.0;;NAO
7553153;3538007553153;35;353800;;DANIELA SOUZA GALVAO FLORES;DANIELA SOUZA GALVAO FLORES PINDAMONHANGABA;;;M;;;M ;MUNICIPAL;4;22;12410260;RUA JOAO GAMA;70;VILA BURGUESE;;-22.9314613;-45.4569245;3.0;ATENDIMENTOS NOS TURNOS DA MANHA E A TARDE;;;4000.0;0.0;0.0;0.0;0.0;0.0;0.0;;NAO
3617203;3551003617203;35;355100;;JUREMA DA SILVA;JUREMA DA SILVA SAO VICENTE;;;M;;;M ;MUNICIPAL;4;22;11310000;RUA FREI GASPAR;931;CENTRO;(13)34684943;-23.964547;-46.388612;2.0;ATENDIMENTO SOMENTE A TARDE;;consultoriojuremadasilvay@gmail.com;4000.0;0.0;0.0;0.0;0.0;1.0;0.0;;NAO
5713625;4304705713625;43;430470;;DANIELA DE LINHARES GARBIN CARAZINHO;DANIELA DE LINHARES GARBIN CARAZINHO;;;M;;;M ;MUNICIPAL;4;22;99500000;AV PATRIA;801;CENTRO;33311135;-28.2832249643;-52.795239805;1.0;ATENDIMENTO SOMENTE PELA MANHA;;;4000.0;0.0;0.0;0.0;0.0;0.0;0.0;;NAO
8087431;2506308087431;25;250630;;STELA FERREIRA OSORIO SERVICOS MEDICOS;NUFIG ICOS;;;M;;;M ;MUNICIPAL;4;36;58200404;NAPOLEAO LAUREANO;687;NOVO;83 30346364;-6.8477481472;-35.4933085269;3.0;ATENDIMENTOS NOS TURNOS DA MANHA E A TARDE;63735034000144.0;NUFIGPB@GMAIL.COM;2135.0;0.0;0.0;0.0;0.0;0.0;0.0;;NAO
502898;2606000502898;26;260600;;IRANETE QUITERIA DA SILVA;IRANETE QUITERIA DA SILVA;;;M;;;M ;MUNICIPAL;4;22;55299610;RUA TEOTONIO;402;HELIOPOLIS;;-8.8854108662;-36.4747810364;3.0;ATENDIMENTOS NOS TURNOS DA MANHA E A TARDE;;;4000.0;0.0;0.0;0.0;0.0;0.0;0.0;;NAO
973289;5003200973289;50;500320;;RESSIGNIFICAR PSICOLOGIA LTDA;RESSIGNIFICAR PSICOLOGIA CLINICA E RECURSOS HUMANOS;;;M;;;M ;MUNICIPAL;4;36;79304070;BARAO DE MELGACO;35;UNIVERSITARIO;67 81451291;-18.9998383342;-57.6393145323;3.0;ATENDIMENTOS NOS TURNOS DA MANHA E A TARDE;43905253000117.0;ressignificarpsicologiacorumba@gmail.com;2062.0;0.0;0.0;0.0;0.0;0.0;0.0;;NAO
2447444;3203102447444;32;320310;27165653000187.0;PREFEITURA MUNICIPAL DE JERONIMO MONTEIRO;UNIDADE DE SAUDE DA FAMILIA MOD III;;;M;;;M ;MUNICIPAL;4;2;29550000;AVENIDA SEBASTIAO CARANGOLA;S/N;SANTA CLARA;28999077415;-20.790848;-41.379599;3.0;ATENDIMENTOS NOS TURNOS DA MANHA E A TARDE;;psfmodulo03@hotmail.com;1244.0;0.0;0.0;0.0;0.0;1.0;0.0;;SIM
8052247;1304008052247;13;130400;4477634000190.0;MUNICIPIO DE SILVES;UOM UNIDADE ODONTOLOGICA MOVEL DE SILVES;;;M;;;M ;MUNICIPAL;4;40;69114000;AV SENADOR EDUARDO BRAGA;S/N;PANORAMA;;-2.83655334;-58.2156515121;1.0;ATENDIMENTO SOMENTE PELA MANHA;;semsa@silves.am.gov.br;1244.0;0.0;0.0;0.0;0.0;0.0;0.0;;NAO
8358486;3518808358486;35;351880;;R A CLINICA DE PSICOLOGIA E NEUROPSICOLOGIA LTDA;EQUILIBRIUM CLINICA DE PSICOLOGIA E NEUROPSICOLOGIA;;;M;;;M ;MUNICIPAL;4;22;7020001;RUA SILVESTRE VASCONCELOS CALMON;190;VILA PEDRO MOREIRA;(11) 4023-9285;-23.4724760453;-46.5349433171;3.0;ATENDIMENTOS NOS TURNOS DA MANHA E A TARDE;50366134000107.0;PSICOROSEALBUQ@GMAIL.COM;2062.0;0.0;0.0;0.0;0.0;0.0;0.0;;NAO
5483786;2311005483786;23;231100;7438187000159.0;MUNICIPIO DE PORANGA;CENTRO DE SAUDE 2;;;M;;;M ;MUNICIPAL;4;2;62220000;AVENIDA DR EPITACIO DE PINHO;S/N;VILA NOVA;;-4.7450003388;-40.9180748463;4.0;ATENDIMENTO NOS TURNOS DA MANHA, TARDE E NOITE;;;1244.0;0.0;0.0;0.0;0.0;0.0;0.0;;NAO
9233431;2509109233431;25;250910;;LUIZ JOSE DA SILVA JUNIOR ME;PROTESE DENTARIA LJSJ;;;M;;;M ;MUNICIPAL;4;39;58345000;SEVERINO CLAUDIO;11;CENTRO;83 99621195;-7.057704;-35.317878;3.0;ATENDIMENTOS NOS TURNOS DA MANHA E A TARDE;27752771000191.0;luizjuniortpd@hotmail.com;2135.0;0.0;0.0;0.0;0.0;0.0;0.0;10.0;SIM
7166613;3304557166613;33;330455;;ABRAMED ASSISTENCIA MEDICA LTDA;ABRAMED;;;M;;;M ;MUNICIPAL;4;22;22775003;AV AYRTON SENNA;3000;BARRA DA TIJUCA;21-33422443;-22.9835280646;-43.3610495925;3.0;ATENDIMENTOS NOS TURNOS DA MANHA E A TARDE;838099000103.0;heleniceabrahao.vp@gmail.com;2240.0;0.0;0.0;0.0;0.0;1.0;0.0;;NAO
8146357;3509508146357;35;350950;;DROGAL FARMACEUTICA LTDA;DROGAL CAMPINAS XXI;;;M;;;M ;MUNICIPAL;4;43;13054105;AV SUACUNA;364;VILA AEROPORTO;19 33686343;-22.971531;-47.128061;4.0;ATENDIMENTO NOS TURNOS DA MANHA, TARDE E NOITE;54375647042121.0;filial387@drogal.com.br;2062.0;;;;;1.0;0.0;;NAO
6477305;3525906477305;35;352590;;MARCIO LUIZ GOTARDO;CONSULTORIO ODONTOLOGICO MARCIO LUIZ GOTARDO;;;M;;;M ;MUNICIPAL;4;22;13214101;RUA ITIRAPINA;1329;CIDADE LUIZA;(11)45828506;-23.1712556307;-46.9076943398;4.0;ATENDIMENTO NOS TURNOS DA MANHA, TARDE E NOITE;;mgotcha@terra.com.br;4000.0;0.0;0.0;0.0;0.0;0.0;0.0;;NAO
5497663;3550305497663;35;355030;;CENTRO MULTIDISCIPLINAR ANDREA TEDESCO LTDA;CENTRO MULTIDISCIPLINAR ANDREA TEDESCO;;;M;;;M ;MUNICIPAL;4;36;4571921;R SANSAO ALVES DOS SANTOS;102;CIDADE MONCOES;(21) 9103-1047;-23.6045;-46.6945;3.0;ATENDIMENTOS NOS TURNOS DA MANHA E A TARDE;59861409000145.0;IRACEMA@SAMPRO.COM.BR;2062.0;0.0;0.0;0.0;0.0;1.0;0.0;;NAO
650056;2924600650056;29;292460;13908710000166.0;MUNICIPIO DE PINDOBACU;CAF DE PINDOBACU;;;M;;;M ;MUNICIPAL;4;43;44770045;PRACA PEDRO LUIS;100;CENTRO;;-10.7432604011;-40.3615202916;3.0;ATENDIMENTOS NOS TURNOS DA MANHA E A TARDE;;;1244.0;;;;;0.0;0.0;;SIM
6061257;2304406061257;23;230440;;JANARA PINHEIRO LOPES;JANARA PINHEIRO LOPES;;;M;;;M ;MUNICIPAL;4;22;60040531;AV TREZE DE MAIO;1189;FATIMA;33047474;-3.749199;-38.529873;3.0;ATENDIMENTOS NOS TURNOS DA MANHA E A TARDE;;;4000.0;0.0;0.0;0.0;0.0;0.0;0.0;;NAO
2470993;5103402470993;51;510340;15084338000146.0;PREFEITURA MUNICIPAL DE CUIABA;CENTRO DE ESPECIALIDADES MEDICAS DO PLANALTO;;;M;;;M ;MUNICIPAL;4;36;78035070;AV DOS TRABALHADORES;S/N;CARUMBE;63171415/361714;-15.6026783931;-56.1300688591;3.0;ATENDIMENTOS NOS TURNOS DA MANHA E A TARDE;;;1031.0;0.0;0.0;0.0;0.0;1.0;0.0;;NAO
7187297;3534107187297;35;353410;;CRISTINA MIDORI OTSUZI;CONSULTORIO ORIENTE;;;M;;;M ;MUNICIPAL;4;22;17570000;AVENIDA MAX WIRTH;588;NOVO ORIENTE;14 91350707;;;5.0;ATENDIMENTO COM TURNOS INTERMITENTES;;;4000.0;0.0;0.0;0.0;0.0;0.0;0.0;10.0;NAO
7682107;3303307682107;33;330330;;CARDIOCOR MEDICINA DIAGNOSTICA LTDA;CARDIOCOR;;;M;;;M ;MUNICIPAL;4;36;24020091;RUA DR CELESTINO;122;CENTRO;;-22.8956163;-43.1130543;3.0;ATENDIMENTOS NOS TURNOS DA MANHA E A TARDE;22278270000100.0;;2062.0;0.0;0.0;0.0;0.0;0.0;0.0;;NAO
2508788;2925102508788;29;292510;;EDUARDO AURELIO MAGALHAES DIAS;EDUARDO AURELIO MAGALHAES DIAS;;;M;;;M ;MUNICIPAL;4;22;45260123;RUA OLIMPIO ROLIM;177;CENTRO;(77) 4311688;-14.5270281;-40.3686921;5.0;ATENDIMENTO COM TURNOS INTERMITENTES;;aureliomagalhaesdias@hotmail.com;4000.0;0.0;0.0;0.0;0.0;1.0;0.0;;NAO
8122652;4309208122652;43;430920;;PLAY PERFORMANCE FISIOTERAPIA E TREINAMENTO FUNCIONAL LTDA;PLAY PERFORMANCE;;;M;;;M ;MUNICIPAL;4;36;94155450;FLAVIO ROBERTO SABBADINI;180;SAO VICENTE;51 89971082;-29.919698494;-51.0210454029;4.0;ATENDIMENTO NOS TURNOS DA MANHA, TARDE E NOITE;40541277000146.0;DESCOMPLICACONTAB@GMAIL.COM;2062.0;0.0;0.0;0.0;0.0;0.0;0.0;;NAO
8507260;3540608507260;35;354060;;MACER DROGUISTAS LTDA;FARMA PONTE D 33;;;M;;;M ;MUNICIPAL;4;43;18540051;JOSE BONIFACIO;137;CENTRO;15 32245546;-23.2103680442;-47.5247311592;4.0;ATENDIMENTO NOS TURNOS DA MANHA, TARDE E NOITE;71448047003429.0;regulatorios@farmaponte.com.br;2062.0;0.0;0.0;0.0;0.0;1.0;0.0;;NAO
9859748;2408109859748;24;240810;;ORTOFACIAL SERVICOS ODONTOLOGICOS EIRELI;ORTOFACIAL;;;M;;;M ;MUNICIPAL;4;36;59025320;RUA DOUTOR HEITOR CARRILHO;69;CIDADE ALTA;;-5.7870163;-35.2081913;3.0;ATENDIMENTOS NOS TURNOS DA MANHA E A TARDE;34048924000180.0;;2305.0;0.0;0.0;0.0;0.0;1.0;0.0;;NAO
753149;2611600753149;26;261160;;RADE DIAGNOSTICOS E SERVICOS RADIOLOGICOS LTDA;RADE DIAGNOSTICOS;;;M;;;M ;MUNICIPAL;4;39;50070110;AV CARLOS DE LIMA CAVALCANTI;95;BOA VISTA;34231225;-8.0523569;-34.889569;3.0;ATENDIMENTOS NOS TURNOS DA MANHA E A TARDE;26774266000185.0;dgrapes2bol.com.br;2062.0;0.0;0.0;0.0;0.0;0.0;0.0;;NAO
3211681;3539103211681;35;353910;46523007000199.0;PREFEITURA MUNICIPAL DE PIRAPORA DO BOM JESUS;USF 1 DR FLAVIO DE MORAES DIAS;;;M;;;M ;MUNICIPAL;4;2;6550000;ESTRADA DOS ROMEIROS;S/N;PARQUE PAIOL 1;(11)41311731;-23.4091176861;-46.9799106471;3.0;ATENDIMENTOS NOS TURNOS DA MANHA E A TARDE;;;1244.0;0.0;0.0;0.0;0.0;1.0;0.0;;SIM
1057103;3304551057103;33;330455;;LUCIA HELENA BRANDAO STELLET;LUCIA HELENA BRANDAO STELLET;;;M;;;M ;MUNICIPAL;4;22;21321010;PRC SECA;50;PRACA SECA;2135976444;-22.903;-43.208;3.0;ATENDIMENTOS NOS TURNOS DA MANHA E A TARDE;;LUCIAHSTELLET@HOTMAIL.COM;4000.0;0.0;0.0;0.0;0.0;0.0;0.0;8.0;NAO
5762774;3306305762774;33;330630;;REGINA CELESTE RESENDE;REGINA CELESTE RESENDE;;;M;;;M ;MUNICIPAL;4;22;27253220;AV AMARAL PEIXOTO;91;CENTRO;2433434842;-22.512799;-44.094519;3.0;ATENDIMENTOS NOS TURNOS DA MANHA E A TARDE;;;4000.0;0.0;0.0;0.0;0.0;0.0;0.0;;NAO
3094111;4115203094111;41;411520;;INSTITUTO SAO MARCOS BIOTECNOLOGIA E DIAGNOSTICO;LABORATORIO SAO MARCOS;;;M;;;M ;MUNICIPAL;4;39;87014130;AVENIDA CURITIBA;321;ZONA 04;(44)30317130;-23.425;-51.939;4.0;ATENDIMENTO NOS TURNOS DA MANHA, TARDE E NOITE;5730158000130.0;;3999.0;0.0;0.0;0.0;0.0;0.0;0.0;6.0;NAO
2120984;3110002120984;31;311000;;JULIANA DA SILVA NETTO DELGADO;CAETE CONSULTORIO ODONT JULIANA DA SILVA NETTO DELGADO;;;M;;;M ;MUNICIPAL;4;22;34800000;AV JOAO PINHEIRO;3189;SANTO ANTONIO;(31)36514124;-19.88;-43.67;2.0;ATENDIMENTO SOMENTE A TARDE;;;4000.0;0.0;0.0;0.0;0.0;1.0;0.0;8.0;NAO
3591247;3205303591247;32;320530;;FB SERVICOS ODONTOLOGICOS LTDA;MANZOLI CLINICA ODONTOLOGICA;;;D;;;D ;DUPLA;4;36;29055280;RUA EURICO DE AGUIAR;130;PRAIA DO CANTO;(27)33450251;;;3.0;ATENDIMENTOS NOS TURNOS DA MANHA E A TARDE;3412743000167.0;;2062.0;0.0;0.0;0.0;0.0;1.0;0.0;10.0;NAO
4521226;3548804521226;35;354880;;HK SERVICOS MEDICOS S S LTDA;HK SERVICOS MEDICOS;;;M;;;M ;MUNICIPAL;4;22;9541300;RUA MARECHAL DEODORO;52;SANTA PAULA;1142277076;-23.61723;-46.56752;3.0;ATENDIMENTOS NOS TURNOS DA MANHA E A TARDE;17111273000106.0;CONTATO@SCCAC.COM.BR;2240.0;0.0;0.0;0.0;0.0;0.0;0.0;;NAO
2166887;3149302166887;31;314930;;RICARDO ALVES;RICARDO ALVES;;;M;;;M ;MUNICIPAL;4;22;33250036;RUA DR ROCHA;837;CENTRO;(31)36621007;-19.6217304874;-44.044983387;5.0;ATENDIMENTO COM TURNOS INTERMITENTES;;;4000.0;0.0;0.0;0.0;0.0;1.0;0.0;;NAO
7217935;2925307217935;29;292530;;LABORATORIO GONTIJO GUIMARAES LTDA;LABORATORIO GONTIJO GUIMARAES;;;M;;;M ;MUNICIPAL;4;39;45810000;DOS NAVEGANTES;640;PACATA SEDE;73 32816565;-16.4432831853;-39.0672433376;3.0;ATENDIMENTOS NOS TURNOS DA MANHA E A TARDE;3591693000556.0;serviteccontabil@uol.com.br;2062.0;0.0;0.0;0.0;0.0;0.0;0.0;;NAO
8090025;4208008090025;42;420800;;HARLLEY ALVES MAIA;HARLLEY ALVES MAIA;;;M;;;M ;MUNICIPAL;4;22;89760000;RUA 39;165;NATUREZA;;-27.2745046;-52.3508675;3.0;ATENDIMENTOS NOS TURNOS DA MANHA E A TARDE;;;4000.0;0.0;0.0;0.0;0.0;1.0;0.0;;NAO
5893143;1507705893143;15;150770;5105143000181.0;PREFEITURA MUNICIPAL DE SAO SEBASTIAO DA BOA VISTA;UNIDADE BASICA DE SAUDE DA VILA COQUEIRO;;;M;;;M ;MUNICIPAL;4;2;68820000;RIO PRACUUBA GRANDE;10;ZONA RURAL;;-1.5001490068;-49.5339202881;3.0;ATENDIMENTOS NOS TURNOS DA MANHA E A TARDE;;;1244.0;0.0;0.0;0.0;0.0;1.0;0.0;;SIM
5609216;2506305609216;25;250630;8785479000120.0;MUNICIPIO DE GUARABIRA;STUDIO DE PILATES MARIA JOSE DE SOUZA SILVA;;;M;;;M ;MUNICIPAL;4;36;58200054;RUA ALMEIDA BARRETO;43;CENTRO;;-6.8531276123;-35.4887092392;3.0;ATENDIMENTOS NOS TURNOS DA MANHA E A TARDE;;;1244.0;0.0;0.0;0.0;0.0;1.0;0.0;;SIM
6413722;2201906413722;22;220190;749590000150.0;SECRETARIMA MUNICIPAL DE SAUDE DE BOM JESUS;UBS JAQUELINE ROSAL NEGREIROS;;;M;;;M ;MUNICIPAL;3;2;64900000;AVENIDA JOAQUIM PIAUILINO;S/N;COHAB;;-9.0625;-44.365559;3.0;ATENDIMENTOS NOS TURNOS DA MANHA E A TARDE;;smsbj@ig.com.br;1031.0;0.0;0.0;0.0;0.0;1.0;0.0;;SIM
1125117;2927401125117;29;292740;;ALYSSON JESUS DAS NEVES;ALYSSON JESUS DAS NEVES;;;M;;;M ;MUNICIPAL;4;22;40800630;RUA 13 MAIO PARIPE N 90 E;90;PARIPE;71 3037-9164;-13.0155756632;-38.4883260727;3.0;ATENDIMENTOS NOS TURNOS DA MANHA E A TARDE;;ALYSSONFISIO@OUTLOOK.COM 84083727500;4000.0;0.0;0.0;0.0;0.0;0.0;0.0;8.0;NAO
3535517;4315603535517;43;431560;;CENTRO INTEGRADO DE PATOLOGIA LTDA;CENTRO INTEGRADO DE PATOLOGIA;;;M;;;M ;MUNICIPAL;4;39;96200480;AQUIDABAN;723;CENTRO;5332311088;-32.0322997453;-52.1050217423;3.0;ATENDIMENTOS NOS TURNOS DA MANHA E A TARDE;393773000185.0;cip@vetorial.net;2062.0;0.0;0.0;0.0;0.0;0.0;0.0;;NAO
3568725;4209303568725;42;420930;;MONICA APARECIDA DE MORAES;MONICA APARECIDA DE MORAES;;;M;;;M ;MUNICIPAL;4;22;88502045;WALTER DACHS;187;CENTRO;(49)32224976;-27.8181461;-50.3247206;2.0;ATENDIMENTO SOMENTE A TARDE;;monica@newsite.com.br;4000.0;0.0;0.0;0.0;0.0;0.0;0.0;;NAO
643149;3304550643149;33;330455;;MARIANA AZEVEDO SILVA;CONSULTORIO DRA MARIANA AZEVEDO;;;M;;;M ;MUNICIPAL;4;22;22631470;AVENIDA EVANDRO LINS E SILVA;840;BARRA DA TIJUCA;21969275191;-23.0037274;-43.3285009;1.0;ATENDIMENTO SOMENTE PELA MANHA;;marianaazevedo23@gmail.com;4000.0;0.0;0.0;0.0;0.0;0.0;0.0;;NAO
3607224;4113703607224;41;411370;;EDISON NORIO IWAMA;EDISON NORIO IWAMA;;;M;;;M ;MUNICIPAL;4;22;86010160;RUA SENADOR SOUZA NAVES;2013;CENTRO;(43)33241140;-23.3130944789;-51.1603689194;3.0;ATENDIMENTOS NOS TURNOS DA MANHA E A TARDE;;;4000.0;0.0;0.0;0.0;0.0;1.0;0.0;;NAO
7133537;3201207133537;32;320120;;MARCELO CYPRIANO ASSAD;MARCELO CYPRIANO ASSAD;;;M;;;M ;MUNICIPAL;4;22;29307201;RUA PINHEIRO JUNIOR;156;IBITIQUARA;28-3518-7505;;;2.0;ATENDIMENTO SOMENTE A TARDE;;neoderm.saude@hotmail.com;4000.0;0.0;0.0;0.0;0.0;1.0;0.0;4.0;NAO
1132008;3106201132008;31;310620;;STANLEYS BELO HORIZONTE LTDA CNPJ 41058342000140;STANLEYS BELO HORIZONTE;;;M;;;M ;MUNICIPAL;4;22;30710560;RUA TRES PONTAS 1004;1004;CARLOS PRATES;(11) 1408-1695;-19.908874;-43.9581104;3.0;ATENDIMENTOS NOS TURNOS DA MANHA E A TARDE;;LICENCIAMENTO@STANLEYSHOLDING.COM.BR;2062.0;0.0;0.0;0.0;0.0;0.0;0.0;14.0;NAO
4919475;3304554919475;33;330455;;ERICA SILVA DE ASSIS;ERICA SILVA DE ASSIS;;;M;;;M ;MUNICIPAL;4;22;21721011;RUA MAL MARCIANO;816;REALENGO;;-22.8693159787;-43.4509712015;3.0;ATENDIMENTOS NOS TURNOS DA MANHA E A TARDE;;horebeservi@gmail.com;4000.0;0.0;0.0;0.0;0.0;0.0;0.0;;NAO
8368201;3107108368201;31;310710;;DROGARIA MARINGA LTDA;DROGARIA ECONOMIZE NOVA ERA;;;M;;;M ;MUNICIPAL;4;43;37170000;RUA JARBAS PIMENTA;647;NOVA ERA;;-21.0964021508;-45.5535542965;3.0;ATENDIMENTOS NOS TURNOS DA MANHA E A TARDE;21653944000308.0;;2062.0;;;;;0.0;0.0;;NAO
2653567;2927402653567;29;292740;;CENTRO MEDICO ELSIMAR COUTINHO;CEPARH CENTRO DE PESQUISA E ASSISTENCIA EM REPRODUCAO HUMANA;;;D;;;D ;DUPLA;4;62;40210341;CAETANO MOURA;35;FEDERACAO;71 2106-1010;-12.9967205;-38.5079955;4.0;ATENDIMENTO NOS TURNOS DA MANHA, TARDE E NOITE;14797815000158.0;AGNALDO@SOTEROCONSULTORIA.COM.BR;3069.0;1.0;0.0;0.0;1.0;1.0;1.0;;SIM
6071465;3300206071465;33;330020;;CONSULTORIO MEDICO MAURO FERREIRA MADUREIRA;CONSULTORIO MEDICO MAURO FERREIRA MADUREIRA;;;M;;;M ;MUNICIPAL;4;22;28979108;RUA COMENDADOR BENTO JOSE MARTINS;297;CENTRO;26654583;-22.8745342761;-42.3367381096;3.0;ATENDIMENTOS NOS TURNOS DA MANHA E A TARDE;;;4000.0;0.0;0.0;0.0;0.0;0.0;0.0;;NAO
6949800;2207706949800;22;220770;6554430001537.0;SMS PARNAIBA;CENTRAL DE REGULACAO DAS URGENCIAS MEDICAS;;;M;;;M ;MUNICIPAL;4;76;64202175;RUA TERESINA;997;NOVA PARNAIBA;;-2.913167968;-41.7769932747;6.0;ATENDIMENTO CONTINUO DE 24 HORAS/DIA (PLANTAO:INCLUI SABADOS, DOMINGOS E FERIADOS);;saude@parnaiba.pi.gov.br;1244.0;0.0;0.0;0.0;0.0;0.0;0.0;;NAO
5734185;3503205734185;35;350320;;CARLOS EDUARDO FERNANDES DE ANDRADE;CARLOS EDUARDO FERNANDES DE ANDRADE;;;M;;;M ;MUNICIPAL;4;22;14810100;RUA BARAO DO RIO BRANCO;1049;VILA XAVIER;3332-0021;-21.7866301889;-48.1651300192;4.0;ATENDIMENTO NOS TURNOS DA MANHA, TARDE E NOITE;;DUU_BR@YAHOO.COM.BR;4000.0;0.0;0.0;0.0;0.0;1.0;0.0;;NAO
5388252;4314105388252;43;431410;;RICARDO LUIZ ZANIN;RICARDO LUIZ ZANIN;;;M;;;M ;MUNICIPAL;4;22;99010111;RUA URUGUAI;1555;CENTRO;33116922;-28.2624505978;-52.4161362648;3.0;ATENDIMENTOS NOS TURNOS DA MANHA E A TARDE;;;4000.0;0.0;0.0;0.0;0.0;0.0;0.0;;NAO
3167828;4106903167828;41;410690;;MIGUEL FERREIRA FILHO;MIGUEL FERREIRA FILHO;;;M;;;M ;MUNICIPAL;4;22;80520250;RUA DES HUGO SIMAS;385;BOM RETIRO;(41)3388038;-25.4150907;-49.2793382;2.0;ATENDIMENTO SOMENTE A TARDE;;;4000.0;0.0;0.0;0.0;0.0;1.0;0.0;6.0;NAO
248088;2304100248088;23;230410;;V A DE SOUZA FISIOTERAPIA;FISIOCLINICA;;;M;;;M ;MUNICIPAL;4;36;63700055;CORONEL ZEZE;1308;CENTRO;88 94890027;-5.1759757;-40.6678922;3.0;ATENDIMENTOS NOS TURNOS DA MANHA E A TARDE;35409115000119.0;valeska.ale1@gmail.com;2135.0;0.0;0.0;0.0;0.0;0.0;0.0;8.0;NAO
3550834;3554103550834;35;355410;;SELMA JANE BRAGA DE OLIVEIRA;CLINICA DE OLHOS DRA SELMA DE OLIVEIRA TAUBATE;;;M;;;M ;MUNICIPAL;4;22;12010110;RUA ENGENHEIRO FERNANDO DE MATTOS;357;CENTRO;(12)36331571;-23.0308468464;-45.560490075;3.0;ATENDIMENTOS NOS TURNOS DA MANHA E A TARDE;;;4000.0;0.0;0.0;0.0;0.0;0.0;0.0;;NAO
9686703;4314909686703;43;431490;;ASSORT SERVICOS MEDICOS DE ORTOPEDIA LTDA;ASSORT CLINICA DE ORTOPEDIA;;;M;;;M ;MUNICIPAL;4;36;91210290;RUA MANOEL LOPES MEIRELLES;104;JARDIM SABARA;36324500;-30.03384;-51.14694;3.0;ATENDIMENTOS NOS TURNOS DA MANHA E A TARDE;3635733000190.0;FILIALCGC@CGCCONTABIL.COM.BR;2062.0;0.0;0.0;0.0;0.0;0.0;0.0;;NAO
6573142;3165506573142;31;316550;18307496000106.0;PREFEITURA MUNICIPAL DE SARDOA;ESF JUAREZ GERALDO DE SOUZA;;;M;;;M ;MUNICIPAL;4;2;39728000;RUA ALFREDO FIRMINO;09;CENTRO;33-32961263;-18.78;-42.36;3.0;ATENDIMENTOS NOS TURNOS DA MANHA E A TARDE;;;1244.0;0.0;0.0;0.0;0.0;1.0;0.0;;SIM
9902015;4114309902015;41;411430;;COSTA SERVICOS MEDICOS SS LTDA;COSTA SERVICOS MEDICOS;;;M;;;M ;MUNICIPAL;4;22;83800052;JOAO BARBOSA MENDES;150;CENTRO;41 99973197;-25.7761460451;-49.3260383606;3.0;ATENDIMENTOS NOS TURNOS DA MANHA E A TARDE;26833393000108.0;;2240.0;0.0;0.0;0.0;0.0;1.0;0.0;;NAO
8277273;2906878277273;29;290687;;HOSPMED DISTRIBUIDORA DE MEDICAMENTOS E INSUMOS PARA A SAUDE;HOSPMED DISTRIBUIDORA DE MEDICAMENTOS E INSUMOS PARA A SAUDE;;;M;;;M ;MUNICIPAL;4;43;44820025;AVENIDA PINHEIRO;S/N;OLIVEIRA;;-11.383363;-40.008212;3.0;ATENDIMENTOS NOS TURNOS DA MANHA E A TARDE;37621404000102.0;;2062.0;;;;;0.0;0.0;;NAO
6003796;3544906003796;35;354490;;ASSOCIACAO DE PAIS E AMIGOS DOS EXCEPCIONAIS;APAE SALES OLIVEIRA;;;M;;;M ;MUNICIPAL;3;39;14660000;AVENIDA MOGIANA;2600;CENTRO;1638524113;-20.75751;-47.84726;3.0;ATENDIMENTOS NOS TURNOS DA MANHA E A TARDE;50730985000189.0;;3999.0;0.0;0.0;0.0;0.0;1.0;0.0;;NAO
9472282;3529409472282;35;352940;;ULTRA CONSULTA CLINICA INTEGRADA LTDA;ULTRA CONSULTAS;;;M;;;M ;MUNICIPAL;4;4;9340440;AVENIDA BARAO DE MAUA;3496;JARDIM MARINGA;;-23.66629;-46.45312;3.0;ATENDIMENTOS NOS TURNOS DA MANHA E A TARDE;26690002000143.0;ultraconsulta2017@gmail.com;2062.0;0.0;0.0;0.0;0.0;1.0;0.0;;NAO
4838602;3504104838602;35;350410;;VENTURINI E GRANCONATO LTDA;VENTURINI E GRANCONATO;;;M;;;M ;MUNICIPAL;4;22;12940620;LOURENCO FRANCO;180;CENTRO;11 44126644;-23.1118891;-46.5519955;3.0;ATENDIMENTOS NOS TURNOS DA MANHA E A TARDE;25039112000187.0;GLAUCIAVENTURINI@HOTMAIL.COM;2062.0;0.0;0.0;0.0;0.0;1.0;0.0;;NAO
378267;3550300378267;35;355030;;ESPACO MAE CLINICA DE PARTO HUMANIZADO E OBSTETRICIA LTDA;ESPACO MAE CLINICA DE PARTO HUMANIZADO E OBSTETRICIA;;;M;;;M ;MUNICIPAL;4;22;4104001;RUA CORREIA DIAS;454;PARAISO;(11) 5093-0415;-23.5767431;-46.6380799;4.0;ATENDIMENTO NOS TURNOS DA MANHA, TARDE E NOITE;33603521000192.0;contato@espacomae.com.br;2062.0;0.0;0.0;0.0;0.0;0.0;0.0;;NAO
2967804;3543402967804;35;354340;;CLINICA DE PSICOLOGIA LUCIANA RIMOLDI LTDA;CLINICA DE PSICOLOGIA LUCIANA RIMOLDI;;;M;;;M ;MUNICIPAL;4;22;14091240;AV MARIA DE JESUS CONDEIXA;600;JARDIM PALMA TRAVASS;16 88223990;-21.1899137524;-47.7927803993;4.0;ATENDIMENTO NOS TURNOS DA MANHA, TARDE E NOITE;42906307000104.0;lurimoldi.psico@gmail.com;2062.0;0.0;0.0;0.0;0.0;0.0;0.0;;NAO
9394273;5211509394273;52;521150;;EDUARDO GUILHERME VAZ ANDREO;EDUARDO GUILHERME VAZ ANDREO;;;M;;;M ;MUNICIPAL;4;22;75513015;AVENIDA PERIMETRAL NORTE;1411;JARDIM LIBERDADE;;-18.3968023;-49.235796;3.0;ATENDIMENTOS NOS TURNOS DA MANHA E A TARDE;;;4000.0;0.0;0.0;0.0;0.0;0.0;0.0;;NAO
4724127;1600304724127;16;160030;;CLINICA CUIDAR PELVE LTDA;CLINICA CUIDAR PELVE;;;M;;;M ;MUNICIPAL;4;36;68900060;MENDONCA FURTADO;635;CENTRAL;96 99669983;0.0368566;-51.0523701;4.0;ATENDIMENTO NOS TURNOS DA MANHA, TARDE E NOITE;51608454000180.0;CONTATO@CUIDARPELVE.COM.BR;2062.0;0.0;0.0;0.0;0.0;1.0;0.0;;NAO
2991632;3550302991632;35;355030;;MED TOTAL ASSISTENCIA MEDICA LTDA;CENTRO MEDICO DR DOUGLAS A ALVES;;;M;;;M ;MUNICIPAL;4;36;5078000;BRIG GAVIAO PEIXOTO;820;LAPA;11 32021049;-23.5257;-46.7133;3.0;ATENDIMENTOS NOS TURNOS DA MANHA E A TARDE;44649074000129.0;MEDTOTAL.AM@GMAIL.COM;2062.0;0.0;0.0;0.0;0.0;1.0;0.0;;NAO
5236339;3303405236339;33;330340;;TERESA CRISTINA GODOY DA VEIGA;CONSULTORIO TERESA CRISTINA GODOY DA VEIGA;;;M;;;M ;MUNICIPAL;4;22;28625630;RUA GENERAL OSORIO;04;CENTRO;;-22.27253;-42.53426;3.0;ATENDIMENTOS NOS TURNOS DA MANHA E A TARDE;;;4000.0;0.0;0.0;0.0;0.0;0.0;0.0;;NAO
5314852;4106905314852;41;410690;;LUIZ GUSTAVO SIQUEIRA GIUBLIN;LUIZ GUSTAVO SIQUEIRA GIUBLIN;;;M;;;M ;MUNICIPAL;4;22;80050250;RUA ATILIO BORIO;608;ALTO DA XV;41-30197272;-25.4299651;-49.2529257;3.0;ATENDIMENTOS NOS TURNOS DA MANHA E A TARDE;;;4000.0;0.0;0.0;0.0;0.0;1.0;0.0;6.0;NAO
2767325;5100402767325;51;510040;3133097000107.0;PREFEITURA MUNICIPAL DE ALTO GARCAS;UNIDADE DE SAUDE DA FAMILIA EQ 01 DR MIGUEL JOSE DA SILVA;;;M;;;M ;MUNICIPAL;4;2;78770000;RUA DOM JOSE SELVA;S/N;CENTRO;066 3471 1886;-16.95189;-53.52855;3.0;ATENDIMENTOS NOS TURNOS DA MANHA E A TARDE;;saudeag@bol.com.br;1244.0;0.0;0.0;0.0;0.0;1.0;0.0;;SIM
5968488;3170205968488;31;317020;;LEONARDO MENEZES CALDEIRA;LEONARDO MENEZES CALDEIRA;;;M;;;M ;MUNICIPAL;4;22;38400170;AVENIDA NICOMEDES ALVES DOS SANTOS;255;LIDICE;34-32195477;-18.9250020732;-48.2806661725;3.0;ATENDIMENTOS NOS TURNOS DA MANHA E A TARDE;;drleonardoudi@hotmail.com;4000.0;0.0;0.0;0.0;0.0;0.0;0.0;;NAO
4936353;3520504936353;35;352050;;VMV ODONTOLOGIA LTDA;INSTITUTO ODONTOLOGICO DE INDAIATUBA;;;M;;;M ;MUNICIPAL;4;22;13339140;HUMAITA;1299;VIA VITORIA II;(19) 9 95859705;-23.086245;-47.208941;3.0;ATENDIMENTOS NOS TURNOS DA MANHA E A TARDE;52336723000160.0;ALEXMARVULO@GMAIL.COM;2062.0;0.0;0.0;0.0;0.0;1.0;0.0;;NAO
6758401;3550306758401;35;355030;;FABIANE GONCALVES MOLINA;CONS ODONTO FABIANE GONCALVES MOLINA;;;M;;;M ;MUNICIPAL;4;22;3323000;PRACA SILVIO ROMERO;66;TATUAPE;23727401;;;3.0;ATENDIMENTOS NOS TURNOS DA MANHA E A TARDE;;;4000.0;0.0;0.0;0.0;0.0;0.0;0.0;4.0;NAO
4375319;4314054375319;43;431405;;CASA TERAPEUTICA SAGRADO CORACAO DE JESUS LTDA;CASA TERAPEUTICA SAGRADO CORACAO DE JESUS LTDA;;;M;;;M ;MUNICIPAL;4;36;95630000;VENEZUELA;350;PLANASA;51 93773019;-29.6252;-50.8385;4.0;ATENDIMENTO NOS TURNOS DA MANHA, TARDE E NOITE;51904342000177.0;FISCAL@DBSOLUCOESEMPRESARIAIS.COM.BR;2062.0;0.0;0.0;0.0;0.0;1.0;0.0;;NAO
2960400;3122302960400;31;312230;;DIVILASER LTDA;DR LASER;;;M;;;M ;MUNICIPAL;4;43;35500155;JK;1250;BOM PASTOR;37 32219200;-20.127919;-44.883697;3.0;ATENDIMENTOS NOS TURNOS DA MANHA E A TARDE;12869310000126.0;financeiro.drlaser@gmail.com;2062.0;0.0;0.0;0.0;0.0;0.0;0.0;;NAO
6667236;2932206667236;29;293220;;CLINICA DE FISIOTERAPIA E SERVICOS MEDICOS UBAITABA LTDA;CLINICA DE FISIOTERAPIA;;;M;;;M ;MUNICIPAL;4;36;45545000;RUA ASCLEPIADES ALMEIDA;105;CENTRO;73 3230 1085;-14.3133537;-39.3230331;3.0;ATENDIMENTOS NOS TURNOS DA MANHA E A TARDE;10950485000138.0;FISIO_UBAITABA@HOTMAIL.COM;2062.0;0.0;0.0;0.0;0.0;1.0;0.0;8.0;NAO
2290979;3303702290979;33;330370;29138385000806.0;MUNICIPIO DE PARAIBA DO SUL;UBS WERNECK UNIDADE PEDRO ALVES DE SOUZA;;;M;;;M ;MUNICIPAL;4;2;25860000;ESTRADA DE MATOZINHOS;S/N;WERNECK;;-22.2404549;-43.2877563;3.0;ATENDIMENTOS NOS TURNOS DA MANHA E A TARDE;;;1244.0;0.0;0.0;0.0;0.0;1.0;0.0;;SIM
56537;4106900056537;41;410690;;POLICLINICA ODONTOLOGICA SITIO CERCADO LTDA;LABSORRISO;;;M;;;M ;MUNICIPAL;4;36;81910000;IZAAC FERREIRA DA CRUZ;3984;SITIO CERCADO;41 35030530;-25.5333550577;-49.2645664015;4.0;ATENDIMENTO NOS TURNOS DA MANHA, TARDE E NOITE;32283614000114.0;ECONAGCONTABILIDADE@UOL.COM.BR;2062.0;0.0;0.0;0.0;0.0;1.0;0.0;4.0;NAO
4430875;5002704430875;50;500270;;AIRTON BORDULIS MARTINS;AIRTON BORDULIS MARTINS;;;M;;;M ;MUNICIPAL;4;22;79002261;RUA PERNAMBUCO;246;CENTRO;67 - 3023-7487;-20.4512216181;-54.6156383332;3.0;ATENDIMENTOS NOS TURNOS DA MANHA E A TARDE;;martins1airton@gmail.com;4000.0;0.0;0.0;0.0;0.0;0.0;0.0;6.0;NAO
2881586;2304402881586;23;230440;;MARIANA ARAUJO MACIEL;MARIANA ARAUJO MACIEL;;;M;;;M ;MUNICIPAL;4;22;60040530;AVENIDA TREZE DE MAIO;1096;FATIMA;34944208;-3.74939;-38.52886;4.0;ATENDIMENTO NOS TURNOS DA MANHA, TARDE E NOITE;;mariana.araujo.macielgmail.com;4000.0;0.0;0.0;0.0;0.0;0.0;0.0;;NAO
7120877;3118307120877;31;311830;;CONSULTORIO ODONTOLOGICO DRA TATIANA CARVALHO;CONSULTORIO ODONTOLOGICO DRA TATIANA CARVALHO;;;M;;;M ;MUNICIPAL;4;22;36400062;RUA AFONSO PENA;240;CENTRO;03137213065;-20.6611126;-43.7889998;3.0;ATENDIMENTOS NOS TURNOS DA MANHA E A TARDE;;tatianaodonto@yahoo.com.br;4000.0;0.0;0.0;0.0;0.0;1.0;0.0;6.0;NAO
9837426;3304559837426;33;330455;;HOSPITAIS INTEGRADOS DA GAVEA S A;HOSPITAL GLORIA DOR;;;E;;;E ;ESTADUAL;4;5;22211230;RUA SANTO AMARO;80;GLORIA;(21) 3262-2000;-22.9220574;-43.1797701;6.0;ATENDIMENTO CONTINUO DE 24 HORAS/DIA (PLANTAO:INCLUI SABADOS, DOMINGOS E FERIADOS);31635857000454.0;LEGALIZACAO.OBRAS@REDEDOR.COM.BR;2054.0;1.0;1.0;1.0;1.0;1.0;1.0;;NAO
666149;2800300666149;28;280030;;RICARDO FERREIRA LEITE;RICARDO FERREIRA LEITE;;;M;;;M ;MUNICIPAL;4;22;49015150;MINISTRO BARRETO SOBRAL;S/N;JARDINS;;-10.9034362066;-37.1173095703;3.0;ATENDIMENTOS NOS TURNOS DA MANHA E A TARDE;;;4000.0;0.0;0.0;0.0;0.0;0.0;0.0;;NAO
3306755;4314903306755;43;431490;;MARIA EULALIA PITREZ DURO;MARIA EULALIA PITREZ DURO;;;M;;;M ;MUNICIPAL;4;22;90550141;AV DOM PEDRO II;1240;SAO JOAO;(51)30193595;-30.0048954595;-51.1880493164;3.0;ATENDIMENTOS NOS TURNOS DA MANHA E A TARDE;;e.pitrez@uol.com.br;4000.0;0.0;0.0;0.0;0.0;0.0;0.0;;NAO
9694803;2903909694803;29;290390;;JEAN ALVES GOMES;GOMES SERVICOS MEDICOS;;;M;;;M ;MUNICIPAL;4;22;47600000;ADAO FE DE SOUZA;85;SHANGRI LA;77 99619470;;;3.0;ATENDIMENTOS NOS TURNOS DA MANHA E A TARDE;29878614000152.0;drjean26@hotmail.com;2135.0;0.0;0.0;0.0;0.0;0.0;0.0;10.0;NAO
6690963;4316906690963;43;431690;;GABRIEL LUDTKE;CONSULTORIO ODONTOLOGICO LUDTKE;;;M;;;M ;MUNICIPAL;4;22;97010003;RUA VENANCIO AIRES;1795;CENTRO;(55) 91152489;-29.688973;-53.819763;3.0;ATENDIMENTOS NOS TURNOS DA MANHA E A TARDE;;LUDTKEGABRIEL@HOTMAIL.COM;4000.0;0.0;0.0;0.0;0.0;0.0;0.0;;NAO
7581521;3143307581521;31;314330;;ULTRA SOM MONTES CLAROS EIRELI;ULTRA SOM MONTES CLAROS;;;M;;;M ;MUNICIPAL;4;22;39401708;FRANCISCO VERSIANI ATHAYDE;208;CANDIDA CAMARA;;-16.735354;-43.874012;3.0;ATENDIMENTOS NOS TURNOS DA MANHA E A TARDE;4323928000168.0;contabilidadefama@oi.com.br;2062.0;0.0;0.0;0.0;0.0;0.0;0.0;;NAO
4066685;4315604066685;43;431560;;JOSE LUCAS ROCHEL DAS NEVES;JOSE LUCAS ROCHEL DAS NEVES;;;M;;;M ;MUNICIPAL;4;22;96200020;DUQUE DE CAIXIAS;491;CENTRO;53 981146565;-32.035583479;-52.0973396301;3.0;ATENDIMENTOS NOS TURNOS DA MANHA E A TARDE;;joselucasrdn@hotmail.com;4000.0;0.0;0.0;0.0;0.0;0.0;0.0;4.0;NAO
6609341;3550706609341;35;355070;;SANTA THEREZA CLINICA ODONTOLOGICA LTDA EPP;SORRIDENTS SAO SEBASTIAO;;;M;;;M ;MUNICIPAL;4;22;11608530;AVENIDA GUARDA MOR LOBO VIANA;67;CENTRO;1238922511;-23.7929237408;-45.3998851776;4.0;ATENDIMENTO NOS TURNOS DA MANHA, TARDE E NOITE;10877308000173.0;;2062.0;0.0;0.0;0.0;0.0;1.0;0.0;;NAO
264482;3204200264482;32;320420;;NATALIA LAYBER MULLER ODONTOLOGIA INTEGRADA EIRELI;DRA NATALIA LAYBER MULLER;;;M;;;M ;MUNICIPAL;4;36;29285000;BEIRA RIO;154;ACAIACA;28 99492409;-20.8397216935;-40.7319402695;3.0;ATENDIMENTOS NOS TURNOS DA MANHA E A TARDE;11723497000192.0;limacont@yahoo.com.br;2062.0;0.0;0.0;0.0;0.0;0.0;0.0;;NAO
3230198;2616403230198;26;261640;11049855000123.0;FUNDO MUNICIPAL DE SAUDE DE VITORIA DE SANTO ANTAO;U S F SERRA GRANDE;;;M;;;M ;MUNICIPAL;4;2;55602000;ENGENHO SERRA GRANDE;100;ZONA RURAL;(81)3523-1111;-8.0691353364;-35.3022748232;3.0;ATENDIMENTOS NOS TURNOS DA MANHA E A TARDE;;saudevitoria_pe@hotmail.com;1244.0;0.0;0.0;0.0;0.0;1.0;0.0;;SIM
8086737;4316408086737;43;431640;;GRETHER GONZALEZ FONT LTDA;GRETHER GONZALEZ FONT LTDA;;;M;;;M ;MUNICIPAL;4;22;97590000;MARIA QUITERIA;60;ARTIDOR ORTIZ;55 91745189;-30.263623046;-54.93422845;2.0;ATENDIMENTO SOMENTE A TARDE;47511469000159.0;GRETHERGONZALEZFONT@GMAIL.COM;2062.0;0.0;0.0;0.0;0.0;0.0;0.0;;NAO
3338517;4106903338517;41;410690;;LUCIANA DORIGO KUCHARSKI ESMANHOTO;LUCIANA DORIGO KUCHARSKI ESMANHOTO;;;M;;;M ;MUNICIPAL;4;22;80430080;RUA PROF FERNANDO MOREIRA;1023;MERCES;(41)30214131;;;3.0;ATENDIMENTOS NOS TURNOS DA MANHA E A TARDE;;;4000.0;0.0;0.0;0.0;0.0;1.0;0.0;4.0;NAO
4085981;4107854085981;41;410785;;MONTOVANI E SANTOS LTDA;POSTO DE COLETA MANTOVANI E SANTOS LTDA;;;M;;;M ;MUNICIPAL;4;39;85618000;RUA ADENIS BARBIERI;89;CENTRO;499911392771;-26.2587818;-53.3128162;3.0;ATENDIMENTOS NOS TURNOS DA MANHA E A TARDE;42946263000308.0;;2062.0;;;;;0.0;0.0;;NAO
7811020;3515407811020;35;351540;;NELSON SUTKUS ME;LABORATORIO DE ANALISES CLINICAS SAO LUCAS;;;M;;;M ;MUNICIPAL;4;39;18870000;RUA JOSE CASSEMIRO;184;CENTRO;1433822367;;;3.0;ATENDIMENTOS NOS TURNOS DA MANHA E A TARDE;15492730000205.0;;2135.0;;;;;0.0;0.0;10.0;SIM
2738627;4109302738627;41;410930;;SCALDELAI PEREIRA LTDA;LABORATORIO GUARANI;;;M;;;M ;MUNICIPAL;4;39;85400200;AV SOUZA NAVES;623;CENTRO;(45)3232-2674;-25.09873;-52.87032;3.0;ATENDIMENTOS NOS TURNOS DA MANHA E A TARDE;3984920000180.0;;2062.0;0.0;0.0;0.0;0.0;1.0;0.0;;SIM
1140345;3304551140345;33;330455;;BYANCA CHRISTIANNY FERREIRA DRUMOND;BYANCA CHRISTIANNY FERREIRA DRUMOND;;;M;;;M ;MUNICIPAL;4;22;22793335;RUA WOLMER DA SILVEIRA NETO;100;BARRA DA TIJUCA;21973888417;-22.9685090227;-43.3987426758;3.0;ATENDIMENTOS NOS TURNOS DA MANHA E A TARDE;;;4000.0;0.0;0.0;0.0;0.0;0.0;0.0;8.0;NAO
7096097;4127407096097;41;412740;;RODOLFO REIS ARAUJO 05931589970;SAUDE A DOMICILIO;;;M;;;M ;MUNICIPAL;4;77;85990000;AV DA SAUDADE;621;CENTRO;;;;3.0;ATENDIMENTOS NOS TURNOS DA MANHA E A TARDE;14282880000140.0;;2135.0;;;;;0.0;0.0;8.0;NAO
6884636;3304556884636;33;330455;;CLIN MEIER ASSISTENCIA MEDICA LTDA;CLIN MEIER ASSISTENCIA MEDICA;;;M;;;M ;MUNICIPAL;4;36;20720012;RUA DIAS DA CRUZ;215;MEIER;;-22.9050955701;-43.2896947861;3.0;ATENDIMENTOS NOS TURNOS DA MANHA E A TARDE;3766229000120.0;;2240.0;0.0;0.0;0.0;0.0;0.0;0.0;;NAO
4343212;2304404343212;23;230440;;SUPERAKIDS SERVICOS DE FISIOTERAPIA LTDA;SUPERAKIDS SERVICOS DE FISIOTERAPIA;;;M;;;M ;MUNICIPAL;4;36;60813795;RUA GENERAL CAIADO DE CASTRO;372;PARQUE MANIBURA;(85) 9134-1112;-3.79515;-38.49061;4.0;ATENDIMENTO NOS TURNOS DA MANHA, TARDE E NOITE;30914773000225.0;karentais.a@gmail.com;2062.0;0.0;0.0;0.0;0.0;0.0;0.0;;NAO
8331588;4106908331588;41;410690;;RENATA WASSOLER CASAGRANDE;RENATA WASSOLER CASAGRANDE;;;M;;;M ;MUNICIPAL;4;22;80520251;AVENIDA DESEMBARGADOR HUGO SIMAS;1120;BOM RETIRO;41 9914-7666;-25.40797;-49.28417;4.0;ATENDIMENTO NOS TURNOS DA MANHA, TARDE E NOITE;;rewcasagrande@gmail.com;4000.0;0.0;0.0;0.0;0.0;1.0;0.0;;NAO
9677550;4113709677550;41;411370;;ASSOCIACAO MISSIONARIA VOZ DO QUE CLAMA;PROCUID;;;M;;;M ;MUNICIPAL;4;83;86031070;DAS MARITACAS;4608;INDUSVILLE;43 33017815;-23.2836704937;-51.1025190353;3.0;ATENDIMENTOS NOS TURNOS DA MANHA E A TARDE;15182536000142.0;procuid@hotmail.com;3999.0;0.0;0.0;0.0;0.0;0.0;0.0;;NAO
4165489;3535504165489;35;353550;;DR MATHEUS AZEVEDO CARDIOLOGIA LTDA;DR MATHEUS AZEVEDO CARDIOLOGIA;;;M;;;M ;MUNICIPAL;4;22;19700045;PEDRO DE TOLEDO;126;CENTRO;18 33614423;-22.4113493;-50.5791803;3.0;ATENDIMENTOS NOS TURNOS DA MANHA E A TARDE;50206851000163.0;CONTATO@CONSULTECAUDITORIA.COM.BR;2062.0;0.0;0.0;0.0;0.0;1.0;0.0;;NAO
4807545;4119154807545;41;411915;;RAIA DROGASIL S A;RAIA DROGASIL S A;;;M;;;M ;MUNICIPAL;4;43;83324500;RUA FOZ DO IGUACU;38;EMILIANO PERNETA;11 37695731;-25.4219391797;-49.1822504997;4.0;ATENDIMENTO NOS TURNOS DA MANHA, TARDE E NOITE;61585865328556.0;FISCALLEGALIZACAO@RD.COM.BR;2046.0;0.0;0.0;0.0;0.0;1.0;0.0;;NAO
6144934;3509506144934;35;350950;;CLERCIO TAVARES ROSA;CLERCIO TAVARES ROSA;;;M;;;M ;MUNICIPAL;4;22;13020431;AV BARAO DE ITAPURA;1100;GUANABARA;32352077;-22.8945779922;-47.0658132078;3.0;ATENDIMENTOS NOS TURNOS DA MANHA E A TARDE;;valdeci@valor-asscontabil.com.br;4000.0;0.0;0.0;0.0;0.0;0.0;0.0;;NAO
7564074;2512707564074;25;251270;9048976000109.0;PREFEITURA MUNICIPAL DE REMIGIO;CENTRO DE FISIOTERAPIA DE REMIGIO;;;M;;;M ;MUNICIPAL;4;36;58398000;CAMILO CIRINO;37;SAO JUDAS;;-6.9627703954;-35.796482563;3.0;ATENDIMENTOS NOS TURNOS DA MANHA E A TARDE;;;1244.0;0.0;0.0;0.0;0.0;0.0;0.0;;SIM
7215762;5300107215762;53;530010;;LM CLINICA CIRURGICA LTDA;INFINITTA CIRURGIA PLASTICA;;;E;;;E ;ESTADUAL;4;36;70200740;SGAS 614 CONJ C LOTE 99 SUBCONDOMINIO A SALA;205;ASA SUL;61-99989-8509;-15.8360051;-47.9128231;3.0;ATENDIMENTOS NOS TURNOS DA MANHA E A TARDE;17184229000126.0;clinicainfinitta.adm@gmail.com;2062.0;0.0;0.0;0.0;0.0;0.0;0.0;;NAO
664731;2914400664731;29;291440;13922596000129.0;FUNDO MUNICIPAL DE SAUDE DO MUNICIPIO DE IRAQUARA;UNIDADE DE SAUDE DA FAMILIA JANIO VIANA PIMENTA CANARANA;;;M;;;M ;MUNICIPAL;4;2;46980000;TRAVESSA RB COM RC;S/N;NOVA IRAQUARA;7533642128;-12.25882;-41.61258;3.0;ATENDIMENTOS NOS TURNOS DA MANHA E A TARDE;;secsaudeiraquarra@gmail.com;1244.0;0.0;0.0;0.0;0.0;0.0;0.0;;SIM
2674904;1500902674904;15;150090;4873600000115.0;MUNICIPIO DE AUGUSTO CORREA;UNIDADE SAUDE DA FAMILIA VILA NOVA;;;M;;;M ;MUNICIPAL;4;2;68610000;COMUNIDADE DE VILA NOVA;S/N;VILA NOVA;;-1.06565;-46.60082;3.0;ATENDIMENTOS NOS TURNOS DA MANHA E A TARDE;;;1244.0;0.0;0.0;0.0;0.0;1.0;0.0;;SIM
4729331;4317504729331;43;431750;;LOS ANGELES PLASTIC CENTER LTDA;LOS ANGELES PLASTIC CENTER;;;M;;;M ;MUNICIPAL;4;36;98803433;MARECHAL FLORIANO;1215;CENTRO;54 99811221;-28.3030676658;-54.2595541477;3.0;ATENDIMENTOS NOS TURNOS DA MANHA E A TARDE;40976378000140.0;MESQUITA1@TERRA.COM.BR;2062.0;0.0;0.0;0.0;0.0;0.0;0.0;;NAO
5592011;1302605592011;13;130260;4461836000144.0;MANAUS SECRETARIA MUNICIPAL DE SAUDE;LABORATORIO DISTRITAL NORTE PROFESSOR MANOEL BASTOS LIRA;;;M;;;M ;MUNICIPAL;4;39;69094170;RUA MAJOR SILVERIO J NERY;170;CIDADE NOVA;(92)36134131;-3.041608699;-59.97956987;3.0;ATENDIMENTOS NOS TURNOS DA MANHA E A TARDE;;rosilene.juca@manaus.am.gov.br;1031.0;0.0;0.0;0.0;0.0;1.0;0.0;;SIM
3860361;4106903860361;41;410690;;SIGESMUNDO OLIVA;SIGESMUNDO OLIVA;;;M;;;M ;MUNICIPAL;4;22;80250020;RUA LAMENHA LINS;598;CENTRO;;-25.4418371;-49.2748316;3.0;ATENDIMENTOS NOS TURNOS DA MANHA E A TARDE;;;4000.0;0.0;0.0;0.0;0.0;1.0;0.0;;NAO
4121155;4314404121155;43;431440;;ALER LIMA SERVICOS MEDICOS LTDA;DR ALER LIMA;;;M;;;M ;MUNICIPAL;4;22;96090040;ARTHUR AUGUSTO ASSUMPCAO;770;LARANJAL;53 33026397;-31.7672144;-52.236499;3.0;ATENDIMENTOS NOS TURNOS DA MANHA E A TARDE;49618732000139.0;REGISTROS@MARCOSAMIR.COM;2062.0;0.0;0.0;0.0;0.0;0.0;0.0;;NAO
3368785;2507503368785;25;250750;;CRISTIANE FECHINE DA CRUZ;CONSULTORIO MEDICO DR CRISTIANE FECHINE DA CRUZ;;;M;;;M ;MUNICIPAL;4;22;58042000;AV RUI CARNEIRO;300;TAMBAUZINHO;83 3225-3586;-7.1187208;-34.8454518;3.0;ATENDIMENTOS NOS TURNOS DA MANHA E A TARDE;;;4000.0;0.0;0.0;0.0;0.0;0.0;0.0;;NAO
6789331;3168606789331;31;316860;;CLAUDIA NOLA BORGES ME;CONSULTORIO ODONTOLOGICO DOUTORA CLAUDIA NOLA;;;M;;;M ;MUNICIPAL;4;22;39802010;EPAMINODAS OTONI;35;MARAJOARA;3335235949;-17.8590403689;-41.509442333;3.0;ATENDIMENTOS NOS TURNOS DA MANHA E A TARDE;12539641000106.0;;2135.0;0.0;0.0;0.0;0.0;1.0;0.0;;NAO
248274;2904750248274;29;290475;;LACITO LABORATORIO E CLINICA LTDA;LACITO;;;M;;;M ;MUNICIPAL;4;39;47120000;DUQUE DE CAXIAS;1139;CENTRO;74 36623401;-10.715699;-43.6481958;3.0;ATENDIMENTOS NOS TURNOS DA MANHA E A TARDE;10204569000122.0;realcontabilidade_barra@hotmail.com;2240.0;;;;;1.0;0.0;;NAO
7095392;2904607095392;29;290460;;CLINICA MEDICA ABEL MATIAS LTDA;CLINICA MEDICA ABEL MATIAS;;;M;;;M ;MUNICIPAL;4;22;46100105;AV CASSIMIRO PINHEIRO DE AZEVEDO;254;CENTRO;;-14.205438;-41.667069;3.0;ATENDIMENTOS NOS TURNOS DA MANHA E A TARDE;14337300000175.0;;2062.0;0.0;0.0;0.0;0.0;1.0;0.0;;NAO
189723;3304550189723;33;330455;;JANAINA CARDOTE SERVICOS DE NUTRICAO;NUTRICLINIC;;;M;;;M ;MUNICIPAL;4;36;21321010;PRACA SECA;50;PRACA SECA;;-22.8992621;-43.3527794;3.0;ATENDIMENTOS NOS TURNOS DA MANHA E A TARDE;19478575000142.0;;2135.0;0.0;0.0;0.0;0.0;0.0;0.0;8.0;NAO
4431510;4108404431510;41;410840;;DIONISIO SERVICOS MEDICOS LTDA;DIONISIO SERVICOS MEDICOS LTDA;;;M;;;M ;MUNICIPAL;4;36;85601020;VER ROMEU LAURO WERLANG;1641;INDUSTRIAL;46 88112727;-26.0843453183;-53.0492448807;3.0;ATENDIMENTOS NOS TURNOS DA MANHA E A TARDE;44335828000176.0;DIONISIOSERVICOSMEDICOS@HOTMAIL.COM;2062.0;0.0;0.0;0.0;0.0;0.0;0.0;;NAO
9953698;3304559953698;33;330455;;RENATA DE FREITAS GONCALVES;RENATA DE FREITAS GONCALVES;;;M;;;M ;MUNICIPAL;4;22;20050002;RUA SETE DE SETEMBRO;88;CENTRO;;-22.9064115;-43.1823319;3.0;ATENDIMENTOS NOS TURNOS DA MANHA E A TARDE;;;4000.0;0.0;0.0;0.0;0.0;0.0;0.0;;NAO
912360;3304550912360;33;330455;;ELIEL FIGUEIREDO DIAGNOSTICOS MEDICOS DE APOIO LTDA;ELIEL FIGUEIREDO LABORATORIO E IMAGEM CENTRO;;;M;;;M ;MUNICIPAL;4;39;20031901;AV TREZE DE MAIO;13;CENTRO;21 2450-8200;-22.9086439133;-43.1772193736;1.0;ATENDIMENTO SOMENTE PELA MANHA;11019085002209.0;JURIDICO@ELIELFIGUEIREDO.COM.BR;2062.0;;;;;0.0;0.0;;NAO
4220498;3146204220498;31;314620;;ASSOCIACAO DE APOIO E PROMOCAO SOCIAL;SALA DE ENFERMAGEM AAPS;;;M;;;M ;MUNICIPAL;4;22;39855000;BOA ESPERANCA;S/N;CENTRO;33 35271410;-18.06885;-41.26534;3.0;ATENDIMENTOS NOS TURNOS DA MANHA E A TARDE;8651834000179.0;gizaovcontabil@bol.com.br;3999.0;0.0;0.0;0.0;0.0;1.0;0.0;;NAO
6043321;5208706043321;52;520870;;VIVIANE DIONISIO LIRA E SILVA;VIVIANE DIONISIO LIRA E SILVA;;;M;;;M ;MUNICIPAL;4;22;74120060;RUA 13;544;OESTE;(62) 3093-5171;-16.6785192029;-49.2597556114;3.0;ATENDIMENTOS NOS TURNOS DA MANHA E A TARDE;;;4000.0;0.0;0.0;0.0;0.0;1.0;0.0;;NAO
2922398;5218502922398;52;521850;;REGINA C F LACERDA;ESPACO MULTIDISCIPLINAR SINAPSE;;;M;;;M ;MUNICIPAL;4;22;75860056;JOAQUIM TIMOTEO DE PAULA ESQUINA COM A AVENIDA WIL;179;CENTRO;64 84499302;-18.4442145988;-50.4490846395;3.0;ATENDIMENTOS NOS TURNOS DA MANHA E A TARDE;33621539000117.0;CONTABILIZZESOLUCOES@GMAIL.COM;2135.0;0.0;0.0;0.0;0.0;1.0;0.0;;NAO
6661580;5300106661580;53;530010;;GUILHERME DIAS MACHADO ME;DERMATOCLINICA;;;E;;;E ;ESTADUAL;4;22;70390108;SEUP SUL EQ 710 910 CONJUNTO D LOJA;33;ASA SUL;33467765;;;3.0;ATENDIMENTOS NOS TURNOS DA MANHA E A TARDE;9509854000253.0;mmartins1605@gmail.com;2135.0;0.0;0.0;0.0;0.0;0.0;0.0;6.0;NAO
3099911;5103403099911;51;510340;;IMED INSTITUTO DE MEDICINA ESTETICA E DERMATOLOGIA LTDA;IMED;;;M;;;M ;MUNICIPAL;4;22;78025200;RUA COMANDANTE COSTA;1897;CENTRO SUL;(65) 3324-0000;;;3.0;ATENDIMENTOS NOS TURNOS DA MANHA E A TARDE;5792243000123.0;;2062.0;0.0;0.0;0.0;0.0;0.0;0.0;4.0;NAO
6848656;3107106848656;31;310710;;DANIELA FERNANDA COSTA;DANIELA FERNANDA COSTA;;;M;;;M ;MUNICIPAL;4;22;37170000;RUA TRAJANO LEAL;95;CENTRO;;-21.0895128;-45.5664;3.0;ATENDIMENTOS NOS TURNOS DA MANHA E A TARDE;;;4000.0;0.0;0.0;0.0;0.0;1.0;0.0;;NAO
3065987;5300103065987;53;530010;;JOSE FLORIPE GINANI NETO;JOSE FLORIPE GINANI NETO;;;E;;;E ;ESTADUAL;4;22;70077900;SDN CONJUNTO A SALA;6014;ASA NORTE;;;;3.0;ATENDIMENTOS NOS TURNOS DA MANHA E A TARDE;;;4000.0;0.0;0.0;0.0;0.0;0.0;0.0;6.0;NAO
2755831;2507502755831;25;250750;;LABORATORIO SERVCIT LTDA;LABORATORIO SERVCIT DRA SALETE;;;M;;;M ;MUNICIPAL;4;39;58040020;RUA JOAO BERNARDO DE ALBUQUERQUE;99;TORRE;(83) 3222-4307;-7.1192353;-34.8688366;3.0;ATENDIMENTOS NOS TURNOS DA MANHA E A TARDE;8812188000184.0;;2062.0;;;;;0.0;0.0;;NAO
6649416;3152506649416;31;315250;;LEONARDO DA SILVA LUZ;LEONARDO DA SILVA LUZ;;;M;;;M ;MUNICIPAL;4;22;37554082;AVENIDA JACY LARAIA;106;DESMEMBRAMENTO NICOL;35 3422 1954;-22.2294203803;-45.9282125204;3.0;ATENDIMENTOS NOS TURNOS DA MANHA E A TARDE;11321393000151.0;;2135.0;0.0;0.0;0.0;0.0;1.0;0.0;;NAO
828289;3304550828289;33;330455;;ODONTO IMAGEM DE CAMPO GRANDE LTDA;ODONTO IMAGEM DE CAMPO GRANDE;;;M;;;M ;MUNICIPAL;4;22;23050360;RUA CORONEL AGOSTINHO;76;CAMPO GRANDE;21 2415 2971;-22.9024832;-43.5589843;3.0;ATENDIMENTOS NOS TURNOS DA MANHA E A TARDE;36095217000170.0;radiologia120@gmail.com;2240.0;0.0;0.0;0.0;0.0;0.0;0.0;8.0;NAO
6862977;3304526862977;33;330452;;SER HUMANO CLINICA DE APRENDIZAGEM LTDA ME;SER HUMANO CLINICA DE APRENDIZAGEM;;;M;;;M ;MUNICIPAL;4;4;28896037;AVENIDA CIDADE DE CAMPOS;S/N;JARDIM MARILEA;22 27606872;-22.507878764;-41.9282484055;4.0;ATENDIMENTO NOS TURNOS DA MANHA, TARDE E NOITE;13933047000150.0;clinicaserhumano@gmail.com;2062.0;0.0;0.0;0.0;0.0;0.0;0.0;;NAO
7088124;5217407088124;52;521740;;ANTONIO MENDES DE OLIVEIRA JUNIOR;CONSULTORIO OFTALMOLOGIA JUNIOR;;;M;;;M ;MUNICIPAL;4;22;75200000;RUA MANOEL GONCALVES DE ARAUJO;57;CENTRO;;-17.30444764;-48.2828812;3.0;ATENDIMENTOS NOS TURNOS DA MANHA E A TARDE;;carmenalencar@hotmail.com;4000.0;0.0;0.0;0.0;0.0;0.0;0.0;;NAO
2869624;3303302869624;33;330330;;OCM OLIVEIRA CONSULTORIA MEDICA LTDA;OCM OLIVEIRA CONSULTORIA MEDICA;;;M;;;M ;MUNICIPAL;4;22;24220260;RUA MEM DE SA;19;ICARAI;(21)999611466;-22.9002421868;-43.1116714002;2.0;ATENDIMENTO SOMENTE A TARDE;29036682000174.0;luizeduardooliveira@hotmail.com;2062.0;0.0;0.0;0.0;0.0;0.0;0.0;8.0;NAO
4546385;2510804546385;25;251080;;HMAIS ONCO LTDA;HMAIS ONCO;;;M;;;M ;MUNICIPAL;4;36;58706672;ALCA SUDESTE DR NABOR WANDERLEY DA NOBREGA;30;SALGADINHO;83 35222359;-7.02266;-37.26438;5.0;ATENDIMENTO COM TURNOS INTERMITENTES;49498792000165.0;PDFHOLDING@GMAIL.COM;2062.0;0.0;0.0;0.0;0.0;1.0;0.0;;NAO
255599;4119400255599;41;411940;;KRUBNIKI SERVICOS MEDICOS LTDA;KRUBNIKI SERVICOS MEDICOS LTDA;;;M;;;M ;MUNICIPAL;4;22;84240000;GUMERCINDO SGUARIO;1090;CENTRO;42 98592349;-24.52635;-49.94516;1.0;ATENDIMENTO SOMENTE PELA MANHA;44513892000108.0;CONSULTORIOMEDICO.DRAALANA@GMAIL.COM;2062.0;0.0;0.0;0.0;0.0;0.0;0.0;;NAO
9883045;2920609883045;29;292060;13784384000122.0;MUNICIPIO DE MARAGOGIPE;CEO CENTRO DE ESPECIALIDADES ODONTOLOGICAS;;;M;;;M ;MUNICIPAL;4;36;44420000;PRACA XV NOVEMBRO;S/N;CENTRO;;-12.7792240076;-38.9204031229;3.0;ATENDIMENTOS NOS TURNOS DA MANHA E A TARDE;;;1244.0;0.0;0.0;0.0;0.0;0.0;0.0;;SIM
9426655;3304559426655;33;330455;;ANTONIO CARLOS LEAL SANTA ANNA BARRA;ANTONIO CARLOS LEAL SANTA ANNA BARRA;;;M;;;M ;MUNICIPAL;4;22;22775003;AVENIDA AYRTON SENNA;3000;BARRA DA TIJUCA;(21) 2421-1214;-22.983;-43.362;3.0;ATENDIMENTOS NOS TURNOS DA MANHA E A TARDE;;;4000.0;0.0;0.0;0.0;0.0;0.0;0.0;8.0;NAO
6288642;3304206288642;33;330420;;RENATA SOUZA SELLES DEL RIO;RENATA SOUZA SELLES DEL RIO;;;M;;;M ;MUNICIPAL;4;22;27541030;RUA DOUTOR COSTA LOBO;85;MONTESE;(24) 3355-1980;-22.4648409149;-44.4430446625;3.0;ATENDIMENTOS NOS TURNOS DA MANHA E A TARDE;;;4000.0;0.0;0.0;0.0;0.0;1.0;0.0;;NAO
9734481;4202409734481;42;420240;;FRANCINE DOTY CAMPOY;FRANCINE DOTY CAMPOY;;;M;;;M ;MUNICIPAL;4;22;89010310;RUA DR LUIZ DE FREITAS MELRO;181;JARDIM BLUMENAU;(47) 30421489;-26.9249970989;-49.0616047382;3.0;ATENDIMENTOS NOS TURNOS DA MANHA E A TARDE;;drasrosanafrancine@gmail.com;4000.0;0.0;0.0;0.0;0.0;1.0;0.0;;NAO
30171;3304550030171;33;330455;;DAYANNE COELHO AMORIM;DAYANNE COELHO AMORIM;;;M;;;M ;MUNICIPAL;4;22;20520054;RUA CONDE DE BONFIM;310;TIJUCA;21985469736;-22.923081211;-43.231523037;2.0;ATENDIMENTO SOMENTE A TARDE;;dradayanneamorim@gmail.com;4000.0;0.0;0.0;0.0;0.0;0.0;0.0;;NAO
2745682;3549402745682;35;354940;59851543000165.0;PREFEITURA MUNICIPAL DE SAO JOAQUIM DA BARRA;UBS ESF CS II DR JOSE RIBEIRO FORTES SAO JM DA BARRA;;;M;;;M ;MUNICIPAL;4;2;14600031;RUA RIO GRANDE DO SUL;39;CENTRO;(16)38180922;-20.5823909;-47.8581126;3.0;ATENDIMENTOS NOS TURNOS DA MANHA E A TARDE;;;1244.0;0.0;0.0;0.0;0.0;1.0;0.0;;SIM
9551492;2304409551492;23;230440;;GUIMARAES PAIVA SERVICOS MEDICOS EIRELI;GUIMARAES PAIVA SERVICOS MEDICOS EIRELI;;;M;;;M ;MUNICIPAL;4;36;60325210;RUA CEL RIBEIRO DA SILVA;541;MONTE CASTELO;31210041;-3.7294979;-38.5505251;4.0;ATENDIMENTO NOS TURNOS DA MANHA, TARDE E NOITE;30545521000195.0;zamn.interno@gmail.com;2062.0;0.0;0.0;0.0;0.0;0.0;0.0;4.0;NAO
6265197;3531906265197;35;353190;;CLINICA EQUILIBRIO DE PSICOLOGIA NUT E T O;CLINICA EQUILIBRIO;;;M;;;M ;MUNICIPAL;4;22;14640444;RUA SEBASTIAO ANTONIO MUNIZ;123;CENTRO;16-3811755;-20.7353451599;-48.055036068;3.0;ATENDIMENTOS NOS TURNOS DA MANHA E A TARDE;10633804000181.0;dpruraless@hotamil.com;2232.0;0.0;0.0;0.0;0.0;0.0;0.0;;NAO
9463208;1200409463208;12;120040;4034583000637.0;MUNICIPIO DE RIO BRANCO;USF FRANCISCO CARNEIRO TIO CHICO;;;M;;;M ;MUNICIPAL;4;2;69902405;ESTRADA DO QUIXADA RUA FLAMENGO;S/N;ELDOURADO;;-9.93777;-67.79419;3.0;ATENDIMENTOS NOS TURNOS DA MANHA E A TARDE;;;1244.0;0.0;0.0;0.0;0.0;0.0;0.0;;SIM
4136810;2709404136810;27;270940;;CLINICA MEDICA RADIOLOGICA LTDA;CLINICA MEDICA RADIOLOGICA SENHOR DO BONFIM;;;M;;;M ;MUNICIPAL;4;36;57700000;FREDERICO MAIA;42;CENTRO;82 33169784;-9.3724198862;-36.2446689606;3.0;ATENDIMENTOS NOS TURNOS DA MANHA E A TARDE;27673670000125.0;CONTACURSOS@HOTMAIL.COM;2062.0;0.0;0.0;0.0;0.0;0.0;0.0;;NAO
4512561;5218804512561;52;521880;;AMP SERVICOS EM SAUDE LTDA;AMP SERVICOS EM SAUDE;;;M;;;M ;MUNICIPAL;4;36;75901020;OSORIO COELHO DE MORAES;467;SETOR CENTRAL;64 9 9955 2715;-17.7973594054;-50.9275531769;3.0;ATENDIMENTOS NOS TURNOS DA MANHA E A TARDE;54139709000100.0;;2062.0;0.0;0.0;0.0;0.0;0.0;0.0;;NAO
9040501;1506809040501;15;150680;;J M R ALVARENGA SERVICOS MEDICOS ME;ECARDIO;;;M;;;M ;MUNICIPAL;4;36;68005120;MARECHAL RONDON;1144;PRAINHA;93 91281822;-2.4253763073;-54.7109887004;3.0;ATENDIMENTOS NOS TURNOS DA MANHA E A TARDE;24711215000189.0;joaoalvarenga@yahoo.com.br;2135.0;0.0;0.0;0.0;0.0;0.0;0.0;;NAO
9490108;2111309490108;21;211130;;VERONICA M T DE ARAUJO;CLINICA ESTIMULARE;;;M;;;M ;MUNICIPAL;4;36;65059650;AV ODILO COSTA FILHO;40;PARQUE UNIVERSITARIO;;-2.53801;-44.3030949;3.0;ATENDIMENTOS NOS TURNOS DA MANHA E A TARDE;5494460000137.0;clinicaestimulare@hotmail.com;2135.0;0.0;0.0;0.0;0.0;1.0;0.0;;NAO
5323398;2304405323398;23;230440;;CLINICA SANTO EUGENIO S C LTDA;CETISER;;;M;;;M ;MUNICIPAL;4;36;60130000;RUA CORONEL ALVES TEIXEIRA;775;JOAQUIM TAVORA;32247012;-3.7458359;-38.5143756;4.0;ATENDIMENTO NOS TURNOS DA MANHA, TARDE E NOITE;5329242000147.0;flaviohenrique@centiser.com.br;2062.0;0.0;0.0;0.0;0.0;0.0;0.0;;NAO
9723102;3305109723102;33;330510;;MED CLIN GASTRO CENTER LTDA;GASTRO DIAGNOSTICO;;;M;;;M ;MUNICIPAL;4;22;25520640;RUA DA MATRIZ;231;CENTRO;(21) 98339-0007;-22.8042132499;-43.3725428581;3.0;ATENDIMENTOS NOS TURNOS DA MANHA E A TARDE;16982004000152.0;plopes.fabi@gmail.com, drafabianalopes@gmail.com;2062.0;0.0;0.0;0.0;0.0;0.0;0.0;;NAO
6955843;4204206955843;42;420420;;FERNANDA LAGO CASTRO;FERNANDA LAGO CASTRO;;;M;;;M ;MUNICIPAL;4;22;89801000;RUA BARAO DO RIO BRANCO;300;CENTRO;33160209;-27.1048347;-52.6202158;3.0;ATENDIMENTOS NOS TURNOS DA MANHA E A TARDE;;;4000.0;0.0;0.0;0.0;0.0;0.0;0.0;;NAO
4428331;3304304428331;33;330430;;GUILHERME AUGUSTO DE CARVALHO SALLY;GUILHERME AUGUSTO DE CARVALHO SALLY;;;M;;;M ;MUNICIPAL;4;22;28800000;RUA GETULIO VARGAS;64;CENTRO;(21) 97910 - 7606;-22.70969;-42.62465;4.0;ATENDIMENTO NOS TURNOS DA MANHA, TARDE E NOITE;;GUILHERME.SALLY@GMAIL.COM;4000.0;0.0;0.0;0.0;0.0;0.0;0.0;;NAO
9300015;5102639300015;51;510263;24772287000136.0;MUNICIPIO DE CAMPO NOVO DO PARECIS;FARMACIA MUNICIPAL AUGUSTINHO HEINZEN E CAF;;;M;;;M ;MUNICIPAL;4;43;78360000;AVENIDA BRASIL;1670;CENTRO;(65)3354-1658;-13.6519504012;-57.8884649277;3.0;ATENDIMENTOS NOS TURNOS DA MANHA E A TARDE;;farmaciamunicipalcnp@hotmail.com;1244.0;0.0;0.0;0.0;0.0;1.0;0.0;;NAO
4906608;3304554906608;33;330455;;SCHITINI SOUZA SERVICOS MEDICOS LTDA;SCHITINI SOUZA SERVICOS MEDICOS;;;M;;;M ;MUNICIPAL;4;36;22790703;AVENIDA DAS AMERICAS;19005;RECREIO DOS BANDEIRA;(21)982640998;-23.0200929;-43.4910757;5.0;ATENDIMENTO COM TURNOS INTERMITENTES;49858138000115.0;GESTOR02@MEDCONTABIL.COM.BR;2062.0;0.0;0.0;0.0;0.0;0.0;0.0;;NAO
4698630;2206304698630;22;220630;6554935000104.0;MUNICIPIO DE MIGUEL LEAO;PS CICERO ALVES DA SILVA;;;M;;;M ;MUNICIPAL;4;2;64445000;LOCALIDADE CICERO ALVES DA SILVA;S/N;RURAL;;-5.6822417;-42.735829;3.0;ATENDIMENTOS NOS TURNOS DA MANHA E A TARDE;;;1244.0;0.0;0.0;0.0;0.0;1.0;0.0;3.0;NAO
823082;4314800823082;43;431480;;CENTRO ODONTOLOGICO ESTANCIA VELHA LTDA;MAIS SORRISOS;;;M;;;M ;MUNICIPAL;4;36;93180000;RS 240;3526;CENTRO;51 35946874;-29.69352185;-51.2293711137;3.0;ATENDIMENTOS NOS TURNOS DA MANHA E A TARDE;5771362000442.0;jrcontab@brturbo.com.br;2240.0;0.0;0.0;0.0;0.0;0.0;0.0;10.0;NAO
2028204;3531302028204;35;353130;;IRMANDADE DE MISERIC DO HOSPITAL DA SANTA CASA DE MONTE ALTO;SANTA CASA DE MONTE ALTO;;;M;;;M ;MUNICIPAL;4;5;15910005;RUA CARLOS KIELANDER;396;CENTRO;(16)3244-3244;-21.2649377103;-48.5021281888;6.0;ATENDIMENTO CONTINUO DE 24 HORAS/DIA (PLANTAO:INCLUI SABADOS, DOMINGOS E FERIADOS);52852100000140.0;administracao1@santacasamontealto.com.br;3999.0;1.0;1.0;1.0;1.0;1.0;1.0;;SIM
4733703;4314904733703;43;431490;;ATTRAVERSIAMO CONSULTORIO PSICOLOGICO LTDA;ATTRAVERSIAMO;;;M;;;M ;MUNICIPAL;4;36;90035191;OSVALDO ARANHA;1022;BOM FIM;51 94555813;-30.0344438871;-51.2119860189;3.0;ATENDIMENTOS NOS TURNOS DA MANHA E A TARDE;55896313000161.0;THAISZP@HOTMAIL.COM;2062.0;0.0;0.0;0.0;0.0;0.0;0.0;;NAO
5355214;3550305355214;35;355030;;SELMA REYES;CONSULTORIO DRA SELMA REYES;;;M;;;M ;MUNICIPAL;4;22;3450000;AV ITAQUERA;8234;ITAQUERA;(11)991026921;-23.5401534288;-46.456715514;4.0;ATENDIMENTO NOS TURNOS DA MANHA, TARDE E NOITE;;;4000.0;0.0;0.0;0.0;0.0;1.0;0.0;;NAO
7009747;3106207009747;31;310620;;ISE GESTAO E SERVICOS DE SAUDE LTDA;ISE GESTAO E SERVICO DE SAUDE;;;M;;;M ;MUNICIPAL;4;36;31910060;RUA ANGOLA;284;SAO PAULO;(31)5364-0639;-19.8668511524;-43.9226531982;3.0;ATENDIMENTOS NOS TURNOS DA MANHA E A TARDE;9233802000116.0;ISELAB284@GMAIL.COM;2062.0;0.0;0.0;0.0;0.0;1.0;0.0;;NAO
4523822;3536504523822;35;353650;;COGNICARE SAUDE E EDUCACAO LTDA;COGNICARE SAUDE E EDUCACAO;;;M;;;M ;MUNICIPAL;4;36;13140732;RUA MARIO SANTUCCI;109;MORUMBI;19 95182245 19998855;-22.7736015839;-47.1422530168;3.0;ATENDIMENTOS NOS TURNOS DA MANHA E A TARDE;51182703000119.0;contato@cognicare.com.br;2062.0;0.0;0.0;0.0;0.0;0.0;0.0;;NAO
9217290;3304559217290;33;330455;;LILIAN VIEIRA CARESTIATO;LILIAN VIEIRA CARESTIATO BARRA;;;M;;;M ;MUNICIPAL;4;22;22440034;AV DAS AMERICAS;4200;BARRA DA TIJUCA;(21) 99981 - 3782;-22.99918;-43.35341;3.0;ATENDIMENTOS NOS TURNOS DA MANHA E A TARDE;;LILIANCCONSULTORIO@GMAIL.COM;4000.0;0.0;0.0;0.0;0.0;0.0;0.0;;NAO
6794068;3549906794068;35;354990;;HERICA MONT AVAO SERVICOS MEDICOS LTDA;HERICA MONT AVAO SERVICOS MEDICOS LTDA;;;M;;;M ;MUNICIPAL;4;4;12242840;AV SAO JOAO;410;JD ESPLANADA;(12)3923-4548;-23.1954843;-45.8970884319;3.0;ATENDIMENTOS NOS TURNOS DA MANHA E A TARDE;12627843000100.0;DRAHERICAMONTALVAO@BOL.COM.BR;2240.0;0.0;0.0;0.0;0.0;1.0;0.0;;NAO
4458729;3304554458729;33;330455;;AMP SERVICOS MEDICOS;AMP SERVICOS MEDICOS;;;M;;;M ;MUNICIPAL;4;22;22610070;AV ALMIRANTE ALVARO ALBERTO;180;SAO CONRADO;;-22.9974249;-43.25727;3.0;ATENDIMENTOS NOS TURNOS DA MANHA E A TARDE;29962128000118.0;deptofiscal@qualycont;2232.0;0.0;0.0;0.0;0.0;0.0;0.0;;NAO
2879247;2308502879247;23;230850;7736390000101.0;MUNICIPIO DE MOMBACA;CENTRO DE REABILITACAO FISICA DE MOMBACA;;;M;;;M ;MUNICIPAL;4;36;63610000;RUA CICERO MARQUES;15;CENTRO;;-5.74131;-39.62622;3.0;ATENDIMENTOS NOS TURNOS DA MANHA E A TARDE;;;1244.0;0.0;0.0;0.0;0.0;0.0;0.0;;SIM
8216320;4307608216320;43;430760;;ESSENCIALLI AESTHETIC LTDA;EMAGRECENTRO;;;M;;;M ;MUNICIPAL;4;22;93610080;BRASIL;1420;UNIAO;51 94849656;-29.65348;-51.17659;3.0;ATENDIMENTOS NOS TURNOS DA MANHA E A TARDE;40312677000180.0;EMGRECENTROESTANCIAVELHA@GMAIL.COM;2062.0;0.0;0.0;0.0;0.0;1.0;0.0;;NAO
3336956;3106203336956;31;310620;;CLINICA MEDICA E ODONTOLOGICA BH NORTE LTDA;AMORSAUDE;;;M;;;M ;MUNICIPAL;4;36;31741419;RUA JOSE CAMILO DOS SANTOS;14;SAO BERNARDO;3408 2000;-19.84695;-43.93693;4.0;ATENDIMENTO NOS TURNOS DA MANHA, TARDE E NOITE;42026574000189.0;bhnorte.mg@amorsaude.com;2062.0;0.0;0.0;0.0;0.0;0.0;0.0;;NAO
2328917;1502702328917;15;150270;;LABORATORIO A E DIAGNOSTICO SC LTDA;LABORATORIO UNIVERSAL;;;M;;;M ;MUNICIPAL;4;39;68540000;AVENIDA J K;482;CENTRO;(94)34211939;-8.2608091103;-49.2632129788;3.0;ATENDIMENTOS NOS TURNOS DA MANHA E A TARDE;10247732000134.0;;2062.0;;;;;1.0;0.0;;SIM
5370396;4106905370396;41;410690;;DANIELA PAULA TIMM;DANIELA PAULA TIMM;;;M;;;M ;MUNICIPAL;4;22;80420000;RUA COMENDADOR ARAUJO;510;CENTRO;41-33247272;;;3.0;ATENDIMENTOS NOS TURNOS DA MANHA E A TARDE;;;4000.0;0.0;0.0;0.0;0.0;1.0;0.0;10.0;NAO
7564104;1702107564104;17;170210;;ASSOCIACAO PRO VIDA DE COMBATE AO CANCER IDERVAL DA S S;ASSOCIACAO PRO VIDA DE COMBATE AO CANCER ARAGUAINA;;;M;;;M ;MUNICIPAL;4;36;77803120;TOCANTINS;1276;CENTRO;63 34144500;-7.1931250545;-48.2016348839;3.0;ATENDIMENTOS NOS TURNOS DA MANHA E A TARDE;2165011000157.0;assprovida@hotmail.com;3999.0;0.0;0.0;0.0;0.0;0.0;0.0;;NAO
3578801;2902653578801;29;290265;16298614000131.0;MUNICIPIO DE BANZAE;UBS QUEIMADA GRANDE;;;M;;;M ;MUNICIPAL;4;2;48405000;POVOADO QUEIMADA GRANDE;S/N;CENTRO;75-3213-2177;-10.6470274185;-38.6958217621;3.0;ATENDIMENTOS NOS TURNOS DA MANHA E A TARDE;;smsbanzae@hotmail.com;1244.0;0.0;0.0;0.0;0.0;1.0;0.0;;SIM
3859185;4106903859185;41;410690;;MARLIS MARIA VON BATHEN;MARLIS MARIA VON BATHEN;;;M;;;M ;MUNICIPAL;4;22;80530901;AVN CANDIDO DE ABREU;140;CENTRO CIVICO;41-32244593;-25.4231994;-49.2697294;3.0;ATENDIMENTOS NOS TURNOS DA MANHA E A TARDE;;;4000.0;0.0;0.0;0.0;0.0;1.0;0.0;6.0;NAO
1150006;3303301150006;33;330330;;ELIANA GUERRA DE ALENCAR;ELIANA GUERRA DE ALENCAR;;;M;;;M ;MUNICIPAL;4;22;24230540;RUA JOAQUIM TAVORA;148;ICARAI;;-22.9113709;-43.1054179;3.0;ATENDIMENTOS NOS TURNOS DA MANHA E A TARDE;;;4000.0;0.0;0.0;0.0;0.0;0.0;0.0;;NAO
4867459;3550304867459;35;355030;;BMC FISIOTERAPIA LTDA;BMC FISIOTERAPIA;;;M;;;M ;MUNICIPAL;4;36;4002910;ALAMEDA SANTOS;211;CERQUEIRA CESAR;;-23.5703552099;-46.6472050712;3.0;ATENDIMENTOS NOS TURNOS DA MANHA E A TARDE;47324463000172.0;;2062.0;0.0;0.0;0.0;0.0;1.0;0.0;;NAO
5812011;3106205812011;31;310620;;ODONTODOC RADIOGRAFIAS ODONTOLOGICAS E DOC ORTODONTICA LTDA;ODONTODOC;;;M;;;M ;MUNICIPAL;4;39;30130151;RUA PERNAMBUCO;353;FUNCIONARIOS;32244581;-19.9280505;-43.9327566;3.0;ATENDIMENTOS NOS TURNOS DA MANHA E A TARDE;2302904000288.0;;2240.0;;;;;0.0;0.0;10.0;NAO
9165746;3303409165746;33;330340;;ANA CLAUDIA DA SILVA FISIOTERAPIA ME;NEUROFISIO;;;M;;;M ;MUNICIPAL;4;36;28610180;RUA LUIZ SPINELLE;27;CENTRO;22-30162313;-22.28476;-42.531;3.0;ATENDIMENTOS NOS TURNOS DA MANHA E A TARDE;26547730000109.0;neurofisiogeriatria@hotmail.com;2135.0;0.0;0.0;0.0;0.0;0.0;0.0;;NAO
6844804;3552406844804;35;355240;;SIMONE CRISTINA DOS SANTOS OLIVEIRA;CLINICA DUMONT;;;M;;;M ;MUNICIPAL;4;22;13170586;RUA SANTOS DUMONT;256;VILA SANTANA;01939031313;-22.817173;-47.272522;3.0;ATENDIMENTOS NOS TURNOS DA MANHA E A TARDE;;simone.cso@uol.com.br;4000.0;0.0;0.0;0.0;0.0;0.0;0.0;;NAO
6237037;5003906237037;50;500390;7158578000110.0;PREFEITURA MUNICIPAL DE FIGUEIRAO;UNIDADE BASICA DE SAUDE CENTRO;;;M;;;M ;MUNICIPAL;4;2;79428000;AVENIDA MOISES DE ARAUJO GALVAO;10;CENTRO;67 3274 1128;;;3.0;ATENDIMENTOS NOS TURNOS DA MANHA E A TARDE;;;1000.0;0.0;0.0;0.0;0.0;1.0;0.0;4.0;SIM
633674;4115800633674;41;411580;;J M C BARRETA E CIA LTDA;FARMACIA E ORTOPEDICOS N S APARECIDA;;;M;;;M ;MUNICIPAL;4;43;85884000;AV BRASILIA;1183;CENTRO;45 3264-4873;-25.2898895856;-54.094619751;3.0;ATENDIMENTOS NOS TURNOS DA MANHA E A TARDE;7505476000123.0;;2062.0;0.0;0.0;0.0;0.0;1.0;0.0;;NAO
5007194;4305105007194;43;430510;;ALVARO JOSE CASTILHOS;ALVARO JOSE CASTILHOS;;;M;;;M ;MUNICIPAL;4;22;95020375;RUA GARIBALDI;789;CENTRO;54 32214398;-29.172529219;-51.182641983;2.0;ATENDIMENTO SOMENTE A TARDE;;;4000.0;0.0;0.0;0.0;0.0;0.0;0.0;;NAO
2749394;3554102749394;35;355410;45176005000108.0;PREFEITURA MUNICIPAL DE TAUBATE;CENTRO MUNICIPAL DE ESPECIALIDADES MEDICAS TAUBATE;;;M;;;M ;MUNICIPAL;4;4;12030190;RUA BENEDITO CURSINO DOS SANTOS;220;JARDIM DAS NACOES;12 3635-2300;-23.0307601237;-45.567970608;3.0;ATENDIMENTOS NOS TURNOS DA MANHA E A TARDE;;pmt.policlinica@hotmail.com;1244.0;0.0;0.0;0.0;0.0;1.0;0.0;;SIM
2845210;3147102845210;31;314710;;LAVI CENTRO EQUESTRE LTDA;LAVI CENTRO EQUESTRE EQUITACAO E EQUOTERAPIA;;;M;;;M ;MUNICIPAL;4;36;35661425;RUA VITAL ISIDORIO DA SILVA;134;ELDORADO;31 32318002;-19.8649737;-44.5699555;3.0;ATENDIMENTOS NOS TURNOS DA MANHA E A TARDE;43109455000152.0;;2062.0;0.0;0.0;0.0;0.0;1.0;0.0;;SIM
5342139;3303605342139;33;330360;;DR FRANCISCO BITTENCOURT;DR FRANCISCO BITTENCOURT;;;M;;;M ;MUNICIPAL;4;22;26600000;RUA NILO PECANHA;500;CENTRO;;-22.611;-43.709;3.0;ATENDIMENTOS NOS TURNOS DA MANHA E A TARDE;;;4000.0;0.0;0.0;0.0;0.0;0.0;0.0;10.0;NAO
479268;3143300479268;31;314330;;EMPREENDIMENTOS PAGUE MENOS S A;FARMACIAS PAGUE MENOS S A;;;M;;;M ;MUNICIPAL;4;43;39400058;DOM PEDRO II;250;CENTRO;38 32216678;-16.7249782259;-43.8664805193;4.0;ATENDIMENTO NOS TURNOS DA MANHA, TARDE E NOITE;6626253121374.0;francieledaiane@pmenos.com.br;2046.0;;;;;0.0;0.0;;NAO
2371340;5003702371340;50;500370;;CLINICA SANTA MARIA LTDA;CLINICA SANTA MARIA LTDA;;;M;;;M ;MUNICIPAL;4;39;79805021;RUA OLIVEIRA MARQUES;1630;CENTRO;(67) 3423 9558;-22.2247086917;-54.8133659363;3.0;ATENDIMENTOS NOS TURNOS DA MANHA E A TARDE;15548324000136.0;clinicastamaria@ibest.com.br;2062.0;0.0;0.0;0.0;0.0;1.0;0.0;;SIM
9300260;3127709300260;31;312770;;LEONARDO AUGUSTO VIEIRA DE CARVALHO;LEONARDO AUGUSTO VIEIRA DE CARVALHO;;;M;;;M ;MUNICIPAL;4;22;35010090;RUA DOM PEDRO II;689;CENTRO;33 21014545;-18.851;-41.949;3.0;ATENDIMENTOS NOS TURNOS DA MANHA E A TARDE;;leonardo.carvalho@yahoo.com.br;4000.0;0.0;0.0;0.0;0.0;1.0;0.0;4.0;NAO
6372767;3506106372767;35;350610;;CLINICA DERMATOLOGICA AVANCADA SIMOES SESSA LTDA;SIMOES SESSA DERMATOLOGIA AVANCADA;;;M;;;M ;MUNICIPAL;4;22;14700901;PRACA BARAO DO RIO BRANCO;48;CENTRO;3342-5883;-20.949797;-48.477344;3.0;ATENDIMENTOS NOS TURNOS DA MANHA E A TARDE;34579761000161.0;;2062.0;0.0;0.0;0.0;0.0;0.0;0.0;;NAO
9209301;1503099209301;15;150309;83211433000113.0;SECRETARIA MUNICIPAL DE SAUDE;USF CINCO IRMAOS;;;M;;;M ;MUNICIPAL;4;2;68639000;COMUNIDADE CINCO IRMAOS;00;ZONA RURAL;;-3.843154;-49.097345;3.0;ATENDIMENTOS NOS TURNOS DA MANHA E A TARDE;;dianarodriguessantos8197@gmail.com;1244.0;0.0;0.0;0.0;0.0;1.0;0.0;;NAO
7072821;4106907072821;41;410690;;SAO SEBASTIAO CLINICA MEDICA LTDA;SAO SEBASTIAO CLINICA MEDICA;;;M;;;M ;MUNICIPAL;4;4;80540050;RUA SAO SEBASTIAO;238;AHU;41-30779688;-25.4055478;-49.2593372;3.0;ATENDIMENTOS NOS TURNOS DA MANHA E A TARDE;15731626000145.0;clinica_saosebastiao@hotmail.com;2240.0;0.0;0.0;0.0;0.0;1.0;0.0;10.0;NAO
8312826;4215678312826;42;421567;;LILIANE APARECIDA PIRES DE LIMA;LILLYFARMA;;;M;;;M ;MUNICIPAL;4;43;89199000;BRUNO PIECZARKA;364;CENTRO;47 84202580;-26.7761709669;-50.0074886016;4.0;ATENDIMENTO NOS TURNOS DA MANHA, TARDE E NOITE;29858211000141.0;LYLYANYAP@YAHOO.COM.BR;2135.0;;;;;1.0;0.0;;NAO
2328968;1502702328968;15;150270;;HOSPITAL SAO LUCAS LTDA;HOSPITAL SAO LUCAS;;;M;;;M ;MUNICIPAL;4;5;68540000;DOM SEBASTIAO TOMAS;9;CENTRO;94 34211226;-8.2654327;-49.2622082;6.0;ATENDIMENTO CONTINUO DE 24 HORAS/DIA (PLANTAO:INCLUI SABADOS, DOMINGOS E FERIADOS);4579488000104.0;pontualcontabilidade@hotmail.com;2062.0;1.0;1.0;0.0;1.0;1.0;1.0;;SIM
5546087;1505035546087;15;150503;10221786000120.0;PREFEITURA MUNICIPAL DE NOVO PROGRESSO;UNIDADE DE SAUDE DA FAMILIA DR HENRIQUE LIMA DE MENESES;;;M;;;M ;MUNICIPAL;4;2;68193000;AVENIDA JOAO ATILES DA SILVA;S/N;JARDIM PLANALTO;;-7.0471670677;-55.4202532768;3.0;ATENDIMENTOS NOS TURNOS DA MANHA E A TARDE;;debora.greff@gmail.com;1244.0;0.0;0.0;0.0;0.0;1.0;0.0;;SIM
3145352;3531303145352;35;353130;;APARECIDO MACRI;CONS ODONTOLOGICO DR APARECIDO MACRI MONTE ALTO;;;M;;;M ;MUNICIPAL;4;22;15910067;RUA DR RAUL DA ROCHA MEDEIROS;1624;CENTRO;(16)32429884;-21.2614459075;-48.4983394886;3.0;ATENDIMENTOS NOS TURNOS DA MANHA E A TARDE;;;4000.0;0.0;0.0;0.0;0.0;1.0;0.0;;NAO
4046951;3550304046951;35;355030;;ODONTO ISMAOU LTDA;ODONTO ISMAOU LTDA;;;M;;;M ;MUNICIPAL;4;22;2273011;AV PAULO LINCOLN DO VALLE PONTIN;783;JACANA;11978898002;-23.4649774;-46.5851003;4.0;ATENDIMENTO NOS TURNOS DA MANHA, TARDE E NOITE;47568318000137.0;abdoulkarim.ismaou@yahoo.com;2062.0;0.0;0.0;0.0;0.0;0.0;0.0;;NAO
6269834;4309106269834;43;430910;;RAFAEL BONFA;RAFAEL BONFA;;;M;;;M ;MUNICIPAL;4;22;95670168;RUA LEOPOLDO ROSENFELDT;1054;CENTRO;;-29.3887002922;-50.879638195;3.0;ATENDIMENTOS NOS TURNOS DA MANHA E A TARDE;;;4000.0;0.0;0.0;0.0;0.0;0.0;0.0;;NAO
3806766;5300103806766;53;530010;;SPIRA CLINICA DE DESENVOLVIMENTO HUMANO LTDA;SPIRA;;;E;;;E ;ESTADUAL;4;22;70390108;SEPS 710 910 CONJUNTO D SALA 344;S/N;ASA SUL;61 81870151;-15.813534;-47.9127005;3.0;ATENDIMENTOS NOS TURNOS DA MANHA E A TARDE;7393027000130.0;danielaframos71@gmail.com;2062.0;0.0;0.0;0.0;0.0;1.0;0.0;8.0;NAO
6190014;3543406190014;35;354340;;CLAUDIA MAMEDE TOFANO CAMELO;CLAUDIA MAMEDE TOFANO CAMELO;;;M;;;M ;MUNICIPAL;4;22;14015060;RUA FLORENCIO DE ABREU;681;CENTRO;(16) 3013 2210;-21.1790296176;-47.8092384338;3.0;ATENDIMENTOS NOS TURNOS DA MANHA E A TARDE;;claudiatcamelo@gmail.com;4000.0;0.0;0.0;0.0;0.0;0.0;0.0;;NAO
9327363;1400709327363;14;140070;394544003281.0;MINISTERIO DA SAUDE;POSTO DE SAUDE INDIGENA CAXIRIMA;;;M;;;M ;MUNICIPAL;4;72;69358000;COMUNIDADE INDIGENA CAXIRIMA;S/N;RURAL;;4.596;-60.168;3.0;ATENDIMENTOS NOS TURNOS DA MANHA E A TARDE;;;1015.0;0.0;0.0;0.0;0.0;1.0;0.0;;NAO
2096935;3549802096935;35;354980;46588950000180.0;PREFEITURA MUNICIPAL DE SAO JOSE DO RIO PRETO;UBS SOLO SAGRADO;;;M;;;M ;MUNICIPAL;3;2;15044120;AVENIDA BEATRIZ DA CONCEICAO;406;SOLO SAGRADO;(17)32199320;-20.7790150686;-49.4096316673;4.0;ATENDIMENTO NOS TURNOS DA MANHA, TARDE E NOITE;;;1244.0;0.0;0.0;0.0;0.0;1.0;0.0;;SIM
8109303;3534408109303;35;353440;;RAIA DROGASIL S A;RAIA DROGASIL;;;M;;;M ;MUNICIPAL;4;43;6020010;AVENIDA DOS AUTONOMISTAS;1768;VILA YARA;11 36999494;-23.52627;-46.78916;4.0;ATENDIMENTO NOS TURNOS DA MANHA, TARDE E NOITE;61585865026380.0;FISCALLEGALIZACAO@RD.COM.BR;2046.0;0.0;0.0;0.0;0.0;1.0;0.0;;NAO
2448181;3203402448181;32;320340;;LABORTEST LABORATORIO E TESTES CLINICOS LTDA;LABORTEST;;;M;;;M ;MUNICIPAL;4;39;29400000;COLINA ARARIBOIA;S/N;CENTRO;(28)35551565;-21.0653987269;-41.3618731499;4.0;ATENDIMENTO NOS TURNOS DA MANHA, TARDE E NOITE;31477979000206.0;;2240.0;0.0;0.0;0.0;0.0;1.0;0.0;;SIM
6859682;3138206859682;31;313820;;ATO SERVICOS MEDICOS LTDA;GASTROCLINICA FERNANDO BATISTA;;;M;;;M ;MUNICIPAL;4;39;37200142;MISSENO DE PADUA;475;CENTRO;35 38213014;-21.2448423831;-44.999871254;3.0;ATENDIMENTOS NOS TURNOS DA MANHA E A TARDE;5841288000140.0;gastro.clinica1949@yahoo.com.br;2062.0;0.0;0.0;0.0;0.0;0.0;0.0;;NAO
5750539;3304555750539;33;330455;;NUTRI FOFO COMERCIO E SERVICOS DE NUTRICAO LTDA;NUTRI FOFO;;;M;;;M ;MUNICIPAL;4;22;22640907;AV DAS AMERICAS;4200;BARRA DA TIJUCA;21 2290-1699;-22.99935;-43.35274;3.0;ATENDIMENTOS NOS TURNOS DA MANHA E A TARDE;37811712000109.0;;2062.0;0.0;0.0;0.0;0.0;0.0;0.0;;NAO
6613241;2302506613241;23;230250;;ANTONIO ALBERTO NICODEMOS FELINTO;CLINICA PEDIATRICA;;;M;;;M ;MUNICIPAL;4;22;63260000;RUA MANOEL INACIO BEZERRA;89;CENTRO;88 3531 1110;-7.4911009;-38.98810217;3.0;ATENDIMENTOS NOS TURNOS DA MANHA E A TARDE;;felinto1@hotmail.com;4000.0;0.0;0.0;0.0;0.0;0.0;0.0;;NAO
993492;4202400993492;42;420240;;JOAO VICENTE SILOCHI;JOAO VICENTE SILOCHI;;;M;;;M ;MUNICIPAL;4;22;89040001;RUA DOS CACADORES;638;VELHA;47 3328-1262;-26.9332983;-49.1314576;3.0;ATENDIMENTOS NOS TURNOS DA MANHA E A TARDE;;cdjoaovicente@gmail.com;4000.0;0.0;0.0;0.0;0.0;1.0;0.0;;NAO
6941710;5218806941710;52;521880;2056729000105.0;MUNICIPIO DE RIO VERDE;CENTRAL DE REGULACAO REGIONAL DAS URGENCIAS RIO VERDE;;;M;;;M ;MUNICIPAL;4;76;75903370;RUA AUGUSTA BASTOS;S/N;CENTRO;3620-2099;-17.7909746717;-50.9258258343;6.0;ATENDIMENTO CONTINUO DE 24 HORAS/DIA (PLANTAO:INCLUI SABADOS, DOMINGOS E FERIADOS);;;1244.0;0.0;0.0;0.0;0.0;0.0;0.0;;NAO
6867057;3550306867057;35;355030;;QSP INSTITUTO PRO SAUDE EPP;ARTE VASCULAR;;;M;;;M ;MUNICIPAL;4;22;2036021;RUA DUARTE DE AZEVEDO;284;SANTANA;1128026110;-23.5011;-46.6229;4.0;ATENDIMENTO NOS TURNOS DA MANHA, TARDE E NOITE;11036755000162.0;vascularqsp@gmail.com;2232.0;0.0;0.0;0.0;0.0;1.0;0.0;;NAO
7962169;3513807962169;35;351380;;TEC MED SERVICOS MEDICO HOSPITALARES LTDA;TEC MED;;;M;;;M ;MUNICIPAL;4;39;9911070;RUA SAO JORGE;98;CENTRO;11 4432-1186;-23.68666058;-46.6266417503;6.0;ATENDIMENTO CONTINUO DE 24 HORAS/DIA (PLANTAO:INCLUI SABADOS, DOMINGOS E FERIADOS);5257062000105.0;;2240.0;0.0;0.0;0.0;0.0;1.0;0.0;8.0;NAO
4407504;1501404407504;15;150140;;FACE ALIGNER CENTRO DE ESTETICA MEDICO E ODONTOLOGICO LTDA;FACE ALIGNER;;;M;;;M ;MUNICIPAL;4;36;66040100;CONSELHEIRO FURTADO;2391;CREMACAO;91 91277077;-1.4561839;-48.4804808;3.0;ATENDIMENTOS NOS TURNOS DA MANHA E A TARDE;42220255000100.0;FVPL@HOTMAIL.COM;2062.0;0.0;0.0;0.0;0.0;1.0;0.0;;NAO
950300;5218800950300;52;521880;;BAYLAO ENDOCRINOLOGIA E NUTRICAO LTDA;LIZIA BAYLAO ENDOCRINOLOGIA E METABOLOGIA;;;M;;;M ;MUNICIPAL;4;36;75901280;RUA PEDRO RATTS;211;CENTRO;6430511900;-17.7992390275;-50.9323275089;3.0;ATENDIMENTOS NOS TURNOS DA MANHA E A TARDE;41363978000103.0;;2062.0;0.0;0.0;0.0;0.0;0.0;0.0;;NAO
4946707;3550304946707;35;355030;;INSTITUTO CAMINHO DE LUZ DE REABILITACAO E SAUDE INTEGRATIVA;INSTITUTO CAMINHO DE LUZ DE REABILITACAO E SAUDE INTEGRATIVA;;;M;;;M ;MUNICIPAL;3;36;1246010;RUA ITAJOBI;80;PACAEMBU;(11) 6602-9456;-23.552478;-46.6661326;3.0;ATENDIMENTOS NOS TURNOS DA MANHA E A TARDE;51888658000112.0;institutocaminhodeluz@gmail.com;2062.0;0.0;0.0;0.0;0.0;1.0;0.0;;NAO
4180232;2403254180232;24;240325;;K S SILVA LTDA;VIVAS ASSISTENCIA;;;M;;;M ;MUNICIPAL;4;22;59151370;SILVINO JOSE DOS SANTOS;93;NOVA PARNAMIRIM;84 91302465;-5.8856516;-35.2015971;3.0;ATENDIMENTOS NOS TURNOS DA MANHA E A TARDE;46830367000133.0;DUARTEECRUZACC@GMAIL.COM;2062.0;0.0;0.0;0.0;0.0;0.0;0.0;4.0;NAO
3840891;3547803840891;35;354780;;CONSULTORIO ODONTOLOGICO SARAH EDUARDA ROSA LTDA;ROSA DE SARON ODONTOLOGIA ESPECIALIZADA;;;M;;;M ;MUNICIPAL;4;36;9110260;AVENIDA QUEIROZ FILHO;82;VILA GUARACIABA;(11) 98148-0740;-23.6789202;-46.500699;3.0;ATENDIMENTOS NOS TURNOS DA MANHA E A TARDE;46330123000191.0;sarahedurosa@gmail.com;2062.0;0.0;0.0;0.0;0.0;1.0;0.0;;NAO
2155958;3100202155958;31;310020;;NILTON BRAGA DA SILA;CONS ODONT NILTON BRAGA DA SILA;;;M;;;M ;MUNICIPAL;4;22;35620000;RUA MARECHAL DEODORO;390;CENTRO;(37)35411674;-19.1550803502;-45.4500961304;3.0;ATENDIMENTOS NOS TURNOS DA MANHA E A TARDE;;;4000.0;0.0;0.0;0.0;0.0;0.0;0.0;;NAO
8035040;3513008035040;35;351300;;CLINICA DE OLHOS VEDERE;CLINICA DE OLHOS VEDERE;;;M;;;M ;MUNICIPAL;4;22;6709150;AVENIDA SAO CAMILO;899;GRANJA VIANA;1146124446;-23.5853452812;-46.8343949318;3.0;ATENDIMENTOS NOS TURNOS DA MANHA E A TARDE;1081782001094.0;contato@clinicavedere.com.br;2062.0;0.0;0.0;0.0;0.0;0.0;0.0;;NAO
3733300;5003203733300;50;500320;3330461000110.0;PREFEITURA MUNICIPAL DE CORUMBA;CENTRO DE ESPECIALIDADES ODONTOLOGICAS AZIS TAJHER IUNES;;;M;;;M ;MUNICIPAL;4;36;79304070;RUA EUGENIO CUNHA;540;CENTRO;67 32311133;-19.0013346152;-57.6326358318;3.0;ATENDIMENTOS NOS TURNOS DA MANHA E A TARDE;;sms.ms@terra.com.br;1244.0;0.0;0.0;0.0;0.0;1.0;0.0;;SIM
2989174;4106902989174;41;410690;;LUCIANE SANTOS DO CARMO DE MELO MEDICA LTDA;LM HEALTH CLINIC;;;M;;;M ;MUNICIPAL;4;22;80620005;REPUBLICA ARGENTINA;1505;AGUA VERDE;;-25.4594584125;-49.2889758743;3.0;ATENDIMENTOS NOS TURNOS DA MANHA E A TARDE;18865744000134.0;DRALUNUTROLOGA@HOTMAIL.COM;2062.0;0.0;0.0;0.0;0.0;1.0;0.0;;NAO
9016899;2300209016899;23;230020;7547821000191.0;MUNICIPIO DE ACARAU;UBS DE MORADA NOVA;;;M;;;M ;MUNICIPAL;4;2;62580000;VEREADOR RAIMUNDO COSTA SOUSA;S/N;MORADA NOVA;88988819752;-2.913532;-40.119602;3.0;ATENDIMENTOS NOS TURNOS DA MANHA E A TARDE;;;1244.0;0.0;0.0;0.0;0.0;1.0;0.0;;SIM
5493064;3305805493064;33;330580;;CLINICA CIRURGICA E UROLOGICA DE TERESOPOLIS LTDA;CLINICA CIRURGICA E UROLOGICA DE TERESOPOLIS LTDA;;;M;;;M ;MUNICIPAL;4;22;25953010;TRAVESSA RANULFO FEO;36;VARZEA;;-22.4114450986;-42.9644823074;3.0;ATENDIMENTOS NOS TURNOS DA MANHA E A TARDE;28449429000180.0;;2240.0;0.0;0.0;0.0;0.0;1.0;0.0;;NAO
5741092;3136705741092;31;313670;;FISIOTERAPIA IZABELLA MUNIZ LTDA;DESENVOLVER;;;M;;;M ;MUNICIPAL;4;22;36033250;RUA MIGUEL JOSE MANSUR;300;CASCATINHA;32 99917-5139;-21.7851968;-43.3622209;3.0;ATENDIMENTOS NOS TURNOS DA MANHA E A TARDE;43110366000126.0;izabellamuniz44@gmail.com;2062.0;0.0;0.0;0.0;0.0;1.0;0.0;;NAO
150967;1302900150967;13;130290;4282869000127.0;MUNICIPIO DE MAUES;POSTO DE SAUDE ANILSON PRADO;;;M;;;M ;MUNICIPAL;4;2;69194899;COMUNIDADE BOM JESUS;S/N;ZONA RURAL POLO 6;(92) 99217-6788;-3.8395912184;-58.3401489258;3.0;ATENDIMENTOS NOS TURNOS DA MANHA E A TARDE;;semsa@maues.am.gov.br;1244.0;0.0;0.0;0.0;0.0;1.0;0.0;;SIM
6192548;5208706192548;52;520870;;AVANCADA CLINICA ODONTOLOGICA LTDA;ODONTOLOGIA AVANCADA;;;M;;;M ;MUNICIPAL;4;22;74505016;AV 24 DE OUTUBRO;1187;CAMPINAS;(62) 32412526;-16.6704409364;-49.2866420746;3.0;ATENDIMENTOS NOS TURNOS DA MANHA E A TARDE;10502072000190.0;;2062.0;0.0;0.0;0.0;0.0;1.0;0.0;;NAO
8330387;3302508330387;33;330250;29138351000145.0;MUNICIPIO DE MAGE;ACADEMIA DA SAUDE VILA NOVA;;;M;;;M ;MUNICIPAL;4;74;25901384;RUA SAQUAREMA;271;VILA NOVA;;-22.6547695407;-43.0400562286;3.0;ATENDIMENTOS NOS TURNOS DA MANHA E A TARDE;;;1244.0;0.0;0.0;0.0;0.0;1.0;0.0;;SIM
4532406;3521004532406;35;352100;;CAMILA RODRIGUES BARBOZA DE ANDRADE;CAMILA RODRIGUES BARBOZA DE ANDRADE;;;M;;;M ;MUNICIPAL;4;22;18560479;AV BENEDITO GERMANO DE ARAUJO;100;DIST INDUSTRIAL;;-23.350825692;-47.6934742928;3.0;ATENDIMENTOS NOS TURNOS DA MANHA E A TARDE;29589244000133.0;;2135.0;0.0;0.0;0.0;0.0;0.0;0.0;;NAO
2250934;4302402250934;43;430240;87242707000192.0;PREFEITURA MUNICIPAL DE BOM RETIRO DO SUL;UNIDADE SANITARIA DE BOM RETIRO DO SUL;;;M;;;M ;MUNICIPAL;4;2;95870000;DONATILA RIBEIRO ARNT;797;SAO FRANCISCO;(51)37661640;-29.59808;-51.94229;3.0;ATENDIMENTOS NOS TURNOS DA MANHA E A TARDE;;;1244.0;0.0;0.0;0.0;0.0;1.0;0.0;;SIM
4359984;4314904359984;43;431490;;METACOGNICAO HUMANA LTDA;ENTERPRISE;;;M;;;M ;MUNICIPAL;4;36;91225120;BISPO JOAO SCALABRINI;510;JARDIM ITU SABARA;51 83160004;-30.0139683317;-51.1364079608;3.0;ATENDIMENTOS NOS TURNOS DA MANHA E A TARDE;97147300000130.0;;2062.0;0.0;0.0;0.0;0.0;0.0;0.0;;NAO
6270360;5208706270360;52;520870;;EDUARDO RODRIGUES RINCON FILHO;EDUARDO RODRIGUES RINCON FILHO;;;M;;;M ;MUNICIPAL;4;22;74565630;AV CENTRAL;202;ST URIAS MAGALHAES;62-32102572;-16.6384534095;-49.2709779739;3.0;ATENDIMENTOS NOS TURNOS DA MANHA E A TARDE;;;4000.0;0.0;0.0;0.0;0.0;1.0;0.0;;NAO
4652126;3506004652126;35;350600;;INSTITUTO INCLUSE LTDA;INSTITUTO INCLUSE LTDA;;;M;;;M ;MUNICIPAL;4;22;17012501;RUA ABRAHAO RAHAL;1040;VILA CIDADE UNIVERSI;14 98811-0725;-22.3352702;-49.0517609;3.0;ATENDIMENTOS NOS TURNOS DA MANHA E A TARDE;53121504000126.0;contato@winnerassociados.com.br;2062.0;0.0;0.0;0.0;0.0;0.0;0.0;;NAO
3666824;3550303666824;35;355030;;JOSE RENAN QUEIROZ GUIMARAES;CONS MEDICO JOSE RENAN QUEIROZ GUIMARAES;;;M;;;M ;MUNICIPAL;4;22;1423000;RUA JOSE MARIA LISBOA;49;JARDIM PAULISTA;(11)38859645;;;3.0;ATENDIMENTOS NOS TURNOS DA MANHA E A TARDE;;;4000.0;0.0;0.0;0.0;0.0;0.0;0.0;8.0;NAO
5344441;3522405344441;35;352240;;CONSULTORIO ODONTOLOGICO ISOLADO FABIANO BARROS MARTINS;MULTI ODONTO;;;M;;;M ;MUNICIPAL;4;22;18407120;RUA HIGINO MARQUES;25;CENTRO;;-23.9875072915;-48.8807916641;3.0;ATENDIMENTOS NOS TURNOS DA MANHA E A TARDE;;;4000.0;0.0;0.0;0.0;0.0;1.0;0.0;;NAO
9056025;5005709056025;50;500570;;JOSE ANTONIO CARVALHO FERREIRA;JOSE ANTONIO CARVALHO FERREIRA;;;M;;;M ;MUNICIPAL;4;22;79947084;RUA IUGOSLAVIA;428;CENTRO;(67) 3461-1078;-23.0615201905;-54.1921985149;3.0;ATENDIMENTOS NOS TURNOS DA MANHA E A TARDE;;J.ACF@TERRA.COM.BR;4000.0;0.0;0.0;0.0;0.0;0.0;0.0;;NAO
410756;4320700410756;43;432070;;CLAUDIO HUMBERTO ZASSO;CLAUDIO HUMBERTO ZASSO;;;M;;;M ;MUNICIPAL;4;22;96900000;RUA GUILHERME LAZZARI;09;CENTRO;51 3742-1782;-29.4186940774;-53.0312204361;3.0;ATENDIMENTOS NOS TURNOS DA MANHA E A TARDE;;zclaudiohumberto@gmail.com;4000.0;0.0;0.0;0.0;0.0;0.0;0.0;;NAO
5399955;3557105399955;35;355710;;MICHELE SAGRES LIMA;MICHELE SAGRES LIMA PSICOLOGIA;;;M;;;M ;MUNICIPAL;4;22;15505169;RUA ALAGOAS;3905;PATRIMONIO VELHO;(17) 99124-1834;-20.4201703;-49.9724078;3.0;ATENDIMENTOS NOS TURNOS DA MANHA E A TARDE;;michelesagres842@gmail.com;4000.0;0.0;0.0;0.0;0.0;1.0;0.0;;NAO
2513870;4208202513870;42;420820;83102277000152.0;MUNICIPIO DE ITAJAI;CRESCEM CENTRO DE REFERENCIA DA SAUDE DA CRIANCA E MULHER;;;M;;;M ;MUNICIPAL;4;36;88301300;AVENIDA CORONEL MARCOS KONDER;740;CENTRO;(47) 39085722;-26.9082673;-48.6613608485;3.0;ATENDIMENTOS NOS TURNOS DA MANHA E A TARDE;;crescem@itajai.sc.gov.br;1244.0;0.0;0.0;0.0;0.0;1.0;0.0;;SIM
5787807;2920505787807;29;292050;;ALINACA VIDA SAUDAVEL LTDA;CLINICA ALIANCA;;;M;;;M ;MUNICIPAL;4;36;45360000;RUA DESEMBARGADOR JULIIO VIRGILIO;99;CENTRO;;-13.4380642074;-40.430996418;3.0;ATENDIMENTOS NOS TURNOS DA MANHA E A TARDE;35935796000159.0;aliancasaude@gamil.com;2062.0;0.0;0.0;0.0;0.0;1.0;0.0;;SIM
5134145;2304405134145;23;230440;;BARBARA COTRIM MARIZ;BARBARA COTRIM MARIZ;;;M;;;M ;MUNICIPAL;4;22;60025131;RUA FLORIANO PEIXOTO;2609;FATIMA;32831048;-3.745588;-38.532992;3.0;ATENDIMENTOS NOS TURNOS DA MANHA E A TARDE;;;4000.0;0.0;0.0;0.0;0.0;0.0;0.0;;NAO
2827972;3201202827972;32;320120;;LABORATORIO CACHOEIRO DE ANALISES CLINICAS LTDA;LABORATORIO CACHOEIRO;;;M;;;M ;MUNICIPAL;4;36;29301683;ETELVINA VIVACQUA;146;ESTELITA COELHO MARI;28 99663031;-20.849876132;-41.17321616;4.0;ATENDIMENTO NOS TURNOS DA MANHA, TARDE E NOITE;43605271000183.0;g.duartee16@gmail.com;2062.0;0.0;0.0;0.0;0.0;0.0;0.0;;NAO
2226707;4319502226707;43;431950;;CLIMED CLINICA MEDICA LTDA;CLIMED;;;M;;;M ;MUNICIPAL;4;22;95760000;RUA MARECHAL FLORIANO PEIXOTO;491;CENTRO;(51)36351377;-29.58903;-51.37235;3.0;ATENDIMENTOS NOS TURNOS DA MANHA E A TARDE;90872854000150.0;;2240.0;0.0;0.0;0.0;0.0;1.0;0.0;;NAO
4795474;2604104795474;26;260410;;RAIA DROGASIL S A;DROGASIL;;;M;;;M ;MUNICIPAL;4;43;55012330;FREI CANECA;26;MAURICIO DE NASSAU;37695707;-8.2823021;-35.9714082;3.0;ATENDIMENTOS NOS TURNOS DA MANHA E A TARDE;61585865181784.0;;2046.0;;;;;1.0;0.0;;NAO
3836835;3303503836835;33;330350;;ULTRA SOM CLINICAS LTDA;ULTRA SOM CLINICAS;;;M;;;M ;MUNICIPAL;4;39;26210060;AVENIDA GOVERNADOR AMARAL PEIXOTO;427;CENTRO;27677340;-22.7578587;-43.453197;3.0;ATENDIMENTOS NOS TURNOS DA MANHA E A TARDE;31160872000140.0;;2240.0;0.0;0.0;0.0;0.0;0.0;0.0;;NAO
5472024;2107405472024;21;210740;6014005000150.0;PREFEITURA MUNICIPAL DE OLHO DAGUA DAS CUNHAS;UBS DO RESIDENCIAL PRIMAVERA;;;M;;;M ;MUNICIPAL;4;2;65706000;RUA DAS HORTENCIAS;2;RESIDENSCIAL PRIMAVE;;-4.1417529597;-45.1118910313;3.0;ATENDIMENTOS NOS TURNOS DA MANHA E A TARDE;;;1244.0;0.0;0.0;0.0;0.0;0.0;0.0;;SIM
7144040;4300407144040;43;430040;;TEREZINHA APARECIDA AURELIO DE OLIVEIRA;CONSULTORIO TEREZINHA APARECIDA AURELIO DE OLIVEIRA;;;M;;;M ;MUNICIPAL;4;22;97541100;RUA CEL CABRITA;266;CENTRO;(55) 3421 1434;-29.7811401402;-55.7886600494;1.0;ATENDIMENTO SOMENTE PELA MANHA;;;4000.0;0.0;0.0;0.0;0.0;0.0;0.0;;NAO
4106253;5209954106253;52;520995;5959000110.0;MUNICIPIO DE INDIARA;CENTRAL DE ABASTECIMENTO FARMACEUTICO CAF;;;M;;;M ;MUNICIPAL;4;43;75955000;RUA SIMON BOLIVAR;22;ALTO DA PRIMAVERA;;-17.147526031;-49.9889409542;3.0;ATENDIMENTOS NOS TURNOS DA MANHA E A TARDE;;;1244.0;0.0;0.0;0.0;0.0;1.0;0.0;;SIM
708704;1101500708704;11;110150;;BRUNA CARLA DA SILVA CARVALHO;CLINICA ODONTOLOGICA DA FAMILIA;;;M;;;M ;MUNICIPAL;4;22;76934000;AV FLAMBOYANT;325;CENTRO;;-11.7656126248;-63.0388212204;3.0;ATENDIMENTOS NOS TURNOS DA MANHA E A TARDE;;;4000.0;0.0;0.0;0.0;0.0;0.0;0.0;;NAO
623628;5105900623628;51;510590;;SILVA E LEITE LTDA ME;DROGARIA IMPERIAL;;;M;;;M ;MUNICIPAL;4;43;78470000;AVENIDA PRINCIPAL;S/N;COQUEIRAL;;-14.7149535085;-56.3227415085;3.0;ATENDIMENTOS NOS TURNOS DA MANHA E A TARDE;4640281000289.0;claudiana_farmacia@hotmail.com;2062.0;0.0;0.0;0.0;0.0;0.0;0.0;;NAO
7972121;3524807972121;35;352480;;CITS ODONTOLOGIA EMPREENDIMENTOS E PARTICIPACOES EIRELI;CITS CLINICA E INSTITUTO TECNICAS SHIOYA;;;M;;;M ;MUNICIPAL;4;22;15700152;RUA 02;2943;CENTRO;3621-4275;-20.272140937;-50.5447912216;3.0;ATENDIMENTOS NOS TURNOS DA MANHA E A TARDE;16737441000100.0;;2062.0;0.0;0.0;0.0;0.0;1.0;0.0;4.0;NAO
9298037;4118409298037;41;411840;;TAMAROZZI SERVICOS MEDICOS LTDA;MED;;;M;;;M ;MUNICIPAL;4;22;87701020;RIO GRANDE DO NORTE;1931;CENTRO;44 30622121;-23.0858299;-52.4653948;3.0;ATENDIMENTOS NOS TURNOS DA MANHA E A TARDE;42967994000160.0;PAULOTAMAROZZI@HOTMAIL.COM;2062.0;0.0;0.0;0.0;0.0;0.0;0.0;;NAO
5863600;2930505863600;29;293050;;AFETOMED SAUDE DOMICILIAR LTDA;AFETOMED;;;M;;;M ;MUNICIPAL;4;77;48700000;MACARIO FERREIRA;260;CENTRO 01;75 91895483;-11.6621345104;-39.0084815025;3.0;ATENDIMENTOS NOS TURNOS DA MANHA E A TARDE;61980596000128.0;AFETOMEDSHA@GMAIL.COM;2062.0;0.0;0.0;0.0;0.0;0.0;0.0;;NAO
4793242;3200904793242;32;320090;27165745000167.0;PREFEITURA MUNICIPAL DE BARRA DE SAO FRANCISCO;UNIDADE DE SAUDE DA FAMILIA VILA LANDINHA;;;M;;;M ;MUNICIPAL;4;2;29800000;AV CASTELO BRANCO;895;VILA LANDINHA;;-18.7572;-40.8849;3.0;ATENDIMENTOS NOS TURNOS DA MANHA E A TARDE;;;1244.0;0.0;0.0;0.0;0.0;1.0;0.0;;SIM
4935861;5103404935861;51;510340;;HB COOPERATIVA MEDICA;HB COOPERATIVA;;;M;;;M ;MUNICIPAL;4;60;78015235;JOAQUIM LEITE DE FIGUEIREDO;68;DOM AQUINO;65 36441772;-15.60347065;-56.09752215;;;57708835000118.0;VALID@VALLIDCONTABILIDADE.COM.BR;2143.0;;;;;0.0;0.0;;NAO
6444040;3518806444040;35;351880;;SERVICO INTEGRADO DE DIAGNOSTICO E IMAGEM SIDIMAGEM S S LTDA;SIDIMAGEM;;;M;;;M ;MUNICIPAL;4;39;7180210;RUA ABAIARA;267;CIDADE JARDIM CUMBIC;11 2488-0251;-23.4508573;-46.4746962;3.0;ATENDIMENTOS NOS TURNOS DA MANHA E A TARDE;2241394000103.0;Cmcsidimagem25@gmail.com;2240.0;0.0;0.0;0.0;0.0;0.0;0.0;;NAO
263915;2307300263915;23;230730;;GILMARA REGIA SIMOES DA SILVA;GILMARA REGIA SIMOES DA SILVA;;;M;;;M ;MUNICIPAL;4;22;63010475;RUA SAO FRANCISCO;1149;SAO MIGUEL;88998122411;-7.2041381;-39.3120148;3.0;ATENDIMENTOS NOS TURNOS DA MANHA E A TARDE;;;4000.0;0.0;0.0;0.0;0.0;1.0;0.0;;NAO
8253455;3550308253455;35;355030;;PELVCLINIC FISIOTERAPIA LTDA;PELVCLINIC FISIOTERAPIA LTDA;;;M;;;M ;MUNICIPAL;4;36;4002020;RUA MARIO AMARAL;172;PARAISO;;-23.572;-46.65009;4.0;ATENDIMENTO NOS TURNOS DA MANHA, TARDE E NOITE;53920964000203.0;PELVCLINIC@GMAIL.COM;2062.0;0.0;0.0;0.0;0.0;0.0;0.0;;NAO
3859509;3550303859509;35;355030;;SIMONE HENRIQUE CHELINI;CONS FISIO SIMONE HENRIQUE CHELINI;;;M;;;M ;MUNICIPAL;4;22;2302070;AVENIDA AGUAS DE SAO PEDRO;230;VILA PAULICEIA;6977-6824;-23.4868288;-46.6145165;4.0;ATENDIMENTO NOS TURNOS DA MANHA, TARDE E NOITE;;sipeal@terra.com.br;4000.0;0.0;0.0;0.0;0.0;1.0;0.0;;NAO
9211950;3552409211950;35;355240;;RICARDO JO SE RIBEIRO;CIRURGIOES DENTISTAS;;;M;;;M ;MUNICIPAL;4;22;13170028;RUA JOAO FRANCISCO RAMOS;113;CENTRO;38731938;-22.8210057964;-47.2696208954;3.0;ATENDIMENTOS NOS TURNOS DA MANHA E A TARDE;;RIBEIRO.RICARDO640@TERRA.COM.BR;4000.0;0.0;0.0;0.0;0.0;0.0;0.0;;NAO
3970078;4314903970078;43;431490;;SIMONE PESSATO;SIMONE PESSATO;;;M;;;M ;MUNICIPAL;4;22;90480002;AV CARLOS GOMES;1610;AUXILIADORA;33284576;-30.0208003528;-51.1959457397;3.0;ATENDIMENTOS NOS TURNOS DA MANHA E A TARDE;;simone.pessato@terra.com.br;4000.0;0.0;0.0;0.0;0.0;0.0;0.0;;NAO
7501218;1508107501218;15;150810;5251632000141.0;MUNICIPIO DE TUCURUI;BASE DESCENTRALIZADA SAMU 192 DE TUCURUI 01;;;M;;;M ;MUNICIPAL;4;42;68459000;ESTRADA DO AEROPORTO;02;SANTA MONICA;9191445321;-3.768144716;-49.6730518341;6.0;ATENDIMENTO CONTINUO DE 24 HORAS/DIA (PLANTAO:INCLUI SABADOS, DOMINGOS E FERIADOS);;CRUTUCURUI@GMAIL.COM;1244.0;;;;;0.0;0.0;;NAO
5158850;5103055158850;51;510305;;FARMACIA E DROGARIA FRITSCH LTDA;DROGARIA ANGELICA;;;M;;;M ;MUNICIPAL;4;43;78540000;MARECHAL CANDIDO RONDON;1122;CENTRO;021 5461173;-11.50499;-54.87521;3.0;ATENDIMENTOS NOS TURNOS DA MANHA E A TARDE;394639000107.0;;2062.0;0.0;0.0;0.0;0.0;0.0;0.0;;NAO
8164711;1302908164711;13;130290;;P C DE ALMEIDA PINTO;DROGARIA POPULAR;;;M;;;M ;MUNICIPAL;4;43;69190001;MIRANDA LEAO;113;CENTRO;92 35422985;-3.3914414048;-57.7171254158;4.0;ATENDIMENTO NOS TURNOS DA MANHA, TARDE E NOITE;31975066000120.0;PHDCONTABILIDADEAM@GMAIL.COM;2135.0;;;;;0.0;0.0;;NAO
6818978;3139406818978;31;313940;;JOSE BATISTA CICARINI;CONSULTORIO ODONTOLOGICO DR JOSE BATISTA CICARINI;;;M;;;M ;MUNICIPAL;4;22;36900103;PRACA CORDOVIL PINTO COELHO;212;CENTRO;33 3331 1605;-20.2570907547;-42.0341079629;3.0;ATENDIMENTOS NOS TURNOS DA MANHA E A TARDE;;;4000.0;0.0;0.0;0.0;0.0;0.0;0.0;;NAO
2134713;3116102134713;31;311610;16886608000103.0;SECRETARIA MUNICIPAL DE SAUDE CHAPADA DO NORTE;UNIDADE BASICA DE SAUDE SAO SEBASTIAO DA BOA VISTA;;;M;;;M ;MUNICIPAL;4;2;39648000;RUA SEBASTIANA SALES;513;SAO SEBASTIAO DA BOA;33-37392003;-17.0210460729;-42.6460504532;3.0;ATENDIMENTOS NOS TURNOS DA MANHA E A TARDE;;;1244.0;0.0;0.0;0.0;0.0;1.0;0.0;;SIM
258644;3503200258644;35;350320;;COLMANETTI CLINICA MEDICA LTDA;COLMANETTI CLINICA MEDICA LTDA;;;M;;;M ;MUNICIPAL;4;36;14802384;LA SALLE;141;JARDIM PRIMAVERA;16 997972345;-21.7740655;-48.1722803;3.0;ATENDIMENTOS NOS TURNOS DA MANHA E A TARDE;15674680000104.0;acolmanetti@gmail.com;2062.0;0.0;0.0;0.0;0.0;1.0;0.0;;NAO
9094172;3139509094172;31;313950;;LABORATORIO DE ANALISES APOLO LTDA ME;LABORATORIO APOLO;;;M;;;M ;MUNICIPAL;4;39;36970000;AVENIDA RAUL SOARES;322;CENTRO;33 33313164;-20.35983;-41.96013;3.0;ATENDIMENTOS NOS TURNOS DA MANHA E A TARDE;421604001264.0;marciovalentim123@hotmail.com;2062.0;;;;;0.0;0.0;;NAO
7984464;3543407984464;35;354340;;ZOPPI E ZOPPI S S;ZOPPI E ZOPPI;;;M;;;M ;MUNICIPAL;4;36;14025020;ELISEU GUILHERME;1096;JARDIM SUMARE;16 36358510;-21.184766897;-47.8054833412;3.0;ATENDIMENTOS NOS TURNOS DA MANHA E A TARDE;7075957000146.0;zoppiezoppi@gmail.com;2232.0;0.0;0.0;0.0;0.0;1.0;0.0;;NAO
7851111;2800307851111;28;280030;;BICREAR CONSULTORIA LTDA ME;CREAR CONSULTORIA;;;M;;;M ;MUNICIPAL;4;36;49025090;AV PEDRO VALADARES;690;GRAGERU;;-10.93794865;-37.0556006517;3.0;ATENDIMENTOS NOS TURNOS DA MANHA E A TARDE;5400407000391.0;;2062.0;0.0;0.0;0.0;0.0;0.0;0.0;;NAO
2907518;4106902907518;41;410690;;NINA PERETTI DE A M GALVAO LTDA;NINA PERETTI;;;M;;;M ;MUNICIPAL;4;22;82010230;JOAO CORAIOLA;132;SANTO INACIO;41 87443208;-25.4247080135;-49.3224378168;3.0;ATENDIMENTOS NOS TURNOS DA MANHA E A TARDE;43589272000181.0;ninaperetti@hotmail.com;2062.0;0.0;0.0;0.0;0.0;1.0;0.0;;NAO
4504054;1100154504054;11;110015;;MURAKAMI ODONTOLOGIA LTDA;MURAKAMI ODONTOLOGIA;;;M;;;M ;MUNICIPAL;4;22;76920000;GONCALVES DIAS;04103;UNIAO;69 81232003;-10.7216229587;-62.257991817;3.0;ATENDIMENTOS NOS TURNOS DA MANHA E A TARDE;42287717000106.0;FERNANDA_PIUGA@HOTMAIL.COM;2062.0;0.0;0.0;0.0;0.0;0.0;0.0;;NAO
2127407;3167202127407;31;316720;24996969000122.0;MUNICIPIO DE SETE LAGOAS;CENTRO DE SAUDE VARZEA;;;M;;;M ;MUNICIPAL;4;2;35701164;RUA MANOEL CORREA DA CUNHA;267;VARZEA;3773 6464;-19.476808598;-44.2440462112;3.0;ATENDIMENTOS NOS TURNOS DA MANHA E A TARDE;;;1244.0;0.0;0.0;0.0;0.0;1.0;0.0;;SIM
9271260;2914809271260;29;291480;;BELLA FORMA STUDIO DE BELEZA LTDA ME;BELLA FORMA;;;M;;;M ;MUNICIPAL;4;4;45608852;QUATRO;68;JARDIM PRIMAVERA;73 88358846;-14.8173134;-39.2824192;3.0;ATENDIMENTOS NOS TURNOS DA MANHA E A TARDE;25534585000150.0;bellaformaitabuna@outlook.com;2062.0;0.0;0.0;0.0;0.0;1.0;0.0;10.0;NAO
9560556;3548709560556;35;354870;;HIDEO HARADA;HIDEO HARADA;;;M;;;M ;MUNICIPAL;4;22;9812601;RUA CRISTIANO ANGELI;1815;ASSUNCAO;(11)4109-3446;-23.7207254282;-46.5807269847;3.0;ATENDIMENTOS NOS TURNOS DA MANHA E A TARDE;;medicinaassuncao@yahoo.com.br;4000.0;0.0;0.0;0.0;0.0;0.0;0.0;;NAO
5701880;2601705701880;26;260170;;CLAUDIA AMORIM ARAUJO REIS DE LACERDA;DR CLAUDIA REIS DE LACERDA;;;M;;;M ;MUNICIPAL;4;22;55150020;RUA NUMERIANO ALVES BEZERRA;63;CENTRO;81 987281608;-8.3345010476;-36.4196562767;3.0;ATENDIMENTOS NOS TURNOS DA MANHA E A TARDE;;claudiaslacerda@hotmail.com;4000.0;0.0;0.0;0.0;0.0;0.0;0.0;;NAO
2773309;3530602773309;35;353060;;INSTITUTO DE RADIOLOGIA DR JOSE MACHADO TEIXEIRA LTDA;MOGIMAGEM UNIDADE JARDIM SANTISTA;;;M;;;M ;MUNICIPAL;4;39;8730490;RUA PRESIDENTE CAMPOS SALES;1100;JAD SANTISTA;(11) 4723-4300;;;3.0;ATENDIMENTOS NOS TURNOS DA MANHA E A TARDE;44295624000159.0;;2062.0;0.0;0.0;0.0;0.0;0.0;0.0;6.0;NAO
8228531;1400108228531;14;140010;;LABORATORIO HESSEL PERIN LTDA;LABORATORIO ANALISES;;;M;;;M ;MUNICIPAL;4;39;69305450;PARA;448;ESTADOS;95 32240544;2.8424576705;-60.6709456444;3.0;ATENDIMENTOS NOS TURNOS DA MANHA E A TARDE;21601115000101.0;;2062.0;0.0;0.0;0.0;0.0;1.0;0.0;;NAO
7164246;2306707164246;23;230670;7442825000105.0;UNIDADE BASICA DE SADE DA FAMILIA DO ALAGAMAR;UBSF DO ALAGAMAR;;;M;;;M ;MUNICIPAL;4;1;63480000;ASSENTAMENTO DO ALAGAMAR;S/N;ZONA RURAL;(88) 981443289;-5.6830197;-38.6778624;3.0;ATENDIMENTOS NOS TURNOS DA MANHA E A TARDE;;;1244.0;0.0;0.0;0.0;0.0;1.0;0.0;;SIM
2785323;3512402785323;35;351240;44660272000193.0;PREFEITURA MUNICIPAL DE CORDEIROPOLIS;ESF DALCY DE CAMPOS TOLEDO;;;M;;;M ;MUNICIPAL;4;2;13490021;RUA TOLEDO BARROS;422;CENTRO;(19)35462066;-22.4843376;-47.4558288;3.0;ATENDIMENTOS NOS TURNOS DA MANHA E A TARDE;;psfcentro.saude@cordeiropolis.sp.gov.br;1244.0;0.0;0.0;0.0;0.0;1.0;0.0;;SIM
224731;3509500224731;35;350950;;MASSAROTTO LOPES SERVICOS MEDICOS LTDA;MASSAROTTO E LOPES;;;M;;;M ;MUNICIPAL;4;22;13024500;RUA ANA NERI;42;CAMBUI;32941386;-22.888831;-47.048911;3.0;ATENDIMENTOS NOS TURNOS DA MANHA E A TARDE;36535170000118.0;massarottoelopes@gmail.com;2062.0;0.0;0.0;0.0;0.0;0.0;0.0;;NAO
6796907;3518706796907;35;351870;;DANIELA SAMICO GUILLIOD;DANIELA SAMICO GUILLIOD;;;M;;;M ;MUNICIPAL;4;22;11410000;RUA BUENOS AIRES;40;CENTRO;;-23.9893304935;-46.2533426285;3.0;ATENDIMENTOS NOS TURNOS DA MANHA E A TARDE;;dr.daniela.samico@hotmail.com;4000.0;0.0;0.0;0.0;0.0;0.0;0.0;;NAO
3208311;4106903208311;41;410690;;FRANCIELLE ABIB;FRANCIELLE ABIB;;;M;;;M ;MUNICIPAL;4;22;80250200;AVN SILVA JARDIM;2042;AGUA VERDE;(41)30146505;-25.4444637;-49.2802152;4.0;ATENDIMENTO NOS TURNOS DA MANHA, TARDE E NOITE;;fran@cme.curitiba.com.br;4000.0;0.0;0.0;0.0;0.0;1.0;0.0;6.0;NAO
7116594;4208207116594;42;420820;84307974000102.0;FUNDACAO UNIVERSIDADE DO VALE DO ITAJAI;SERVICO DE DIAGNOSTICO HISTOPATOLOGICO DE LESOES BUCAIS;;;M;;;M ;MUNICIPAL;1;36;88302202;RUA URUGUAI;458;CENTRO;;;;3.0;ATENDIMENTOS NOS TURNOS DA MANHA E A TARDE;;;3069.0;0.0;0.0;0.0;0.0;1.0;0.0;4.0;NAO
9626557;3545809626557;35;354580;;DANIEL ZAVAGLIA;CONSULTORIO ODONTOLOGICO DANIEL ZAVAGLIA;;;M;;;M ;MUNICIPAL;4;22;13450022;RUA FLORIANO PEIXOTO;358;CENTRO;;-22.7487056;-47.4226469;2.0;ATENDIMENTO SOMENTE A TARDE;;;4000.0;0.0;0.0;0.0;0.0;0.0;0.0;;NAO
4035755;2513704035755;25;251370;;CLINICA NOSSA SENHORA DA CONCEICAO LTDA;CLINICA NOSSA SENHORA DA CONCEICAO;;;M;;;M ;MUNICIPAL;4;36;58300410;JUAREZ TAVORA;13;CENTRO;83 93415450;-7.1188549;-34.9624828;3.0;ATENDIMENTOS NOS TURNOS DA MANHA E A TARDE;47610042000108.0;FELIX1602@GMAIL.COM;2062.0;0.0;0.0;0.0;0.0;0.0;0.0;;NAO
3716597;4300453716597;43;430045;;ASSOCIACAO DE PAIS E AMIGOS DOS EXCEPCIONAIS;APAE ESCOLA DE EDUCACAO ESPECIAL ANITA BLUM STADLER;;;D;;;D ;DUPLA;3;36;98905000;RUA SAO NICOLAU;27;CENTRO;055-3536-1410;-27.8346229;-54.0557306;3.0;ATENDIMENTOS NOS TURNOS DA MANHA E A TARDE;3022882000184.0;apaealegriars@yahoo.com.br;3999.0;0.0;0.0;0.0;0.0;1.0;0.0;;SIM
2853191;3302502853191;33;330250;;PROLABIN DIAGNOSTICOS LTDA;PROLABIN DIAGNOSTICOS;;;M;;;M ;MUNICIPAL;4;39;25926684;REAL DE MAUA;395;JARDIM DA PAZ GUIA;21 73922767;-22.7095271;-43.1999717;3.0;ATENDIMENTOS NOS TURNOS DA MANHA E A TARDE;40355911000156.0;COMERCIAL@LSDIAGNOSTICOS.COM.BR;2062.0;0.0;0.0;0.0;0.0;0.0;0.0;;NAO
2369842;2202202369842;22;220220;2439877000109.0;SMS DE CAMPO MAIOR;POSTO DE SAUDE CORREDORES;;;M;;;M ;MUNICIPAL;4;1;64280000;CORREDORES;S/N;ZONA RURAL;;-5.1007970635;-42.0342063904;3.0;ATENDIMENTOS NOS TURNOS DA MANHA E A TARDE;;;1031.0;0.0;0.0;0.0;0.0;0.0;0.0;;SIM
5911591;3550305911591;35;355030;;ALESSANDRA RICCIARDI GORDON;CONS PSICOLOGIA ALESSANDRA RICCIARDI GORDON;;;M;;;M ;MUNICIPAL;4;22;4531012;RUA PEDROSO ALVARENGA;1245;ITAIM;11 30713757;;;4.0;ATENDIMENTO NOS TURNOS DA MANHA, TARDE E NOITE;;;4000.0;0.0;0.0;0.0;0.0;1.0;0.0;8.0;NAO
7171897;2906507171897;29;290650;13830336000123.0;MUNICIPIO DE CANDEIAS;POLICLINICA DE CANDEIAS;;;M;;;M ;MUNICIPAL;4;4;43825240;RUA JOSE XAVIER;244;MALEMBA;7136019322;-12.665155;-38.542516;3.0;ATENDIMENTOS NOS TURNOS DA MANHA E A TARDE;;;1244.0;0.0;0.0;0.0;0.0;1.0;0.0;;SIM
7893094;4303107893094;43;430310;;CAROLINA DA ROSA MARINO;CAROLINA DA ROSA MARINO;;;M;;;M ;MUNICIPAL;4;22;94920100;RUA CORONEL JOAO BATISTA DE SOUZA;37;EUNICE NOVA;5134702744;-29.955919;-51.094064;3.0;ATENDIMENTOS NOS TURNOS DA MANHA E A TARDE;;;4000.0;0.0;0.0;0.0;0.0;0.0;0.0;;NAO
2497689;2300102497689;23;230010;7411531000116.0;MUNICIPIO DE ABAIARA;UBS JOAQUINA ALVES DE MEDEIROS ESF I;;;M;;;M ;MUNICIPAL;4;2;63240000;RUA JOAQUIM LEITE DA CUNHA;S/N;CENTRO;3558 1210;-7.3611900181;-39.0512466431;3.0;ATENDIMENTOS NOS TURNOS DA MANHA E A TARDE;;ssabaiara@yahoo.com.br;1244.0;0.0;0.0;0.0;0.0;1.0;0.0;;SIM
3608719;3131703608719;31;313170;;ROSA MONICA DE LACERDA LAGE;ROSA MONICA DE LACERDA LAGE;;;M;;;M ;MUNICIPAL;4;22;35900035;RUA TRAJANO PROCOPIO;36;PARA;(31)38314445;-19.62347;-43.23156;3.0;ATENDIMENTOS NOS TURNOS DA MANHA E A TARDE;;;4000.0;0.0;0.0;0.0;0.0;1.0;0.0;;NAO
8457875;2933308457875;29;293330;;RAFAEL TELLES SANTANA;RAFAEL TELLES SANTANA;;;M;;;M ;MUNICIPAL;4;22;45020107;BARTOLOMEU DE GUSMAO;313;RECREIO;;-14.8614259839;-40.8424843622;3.0;ATENDIMENTOS NOS TURNOS DA MANHA E A TARDE;;;4000.0;0.0;0.0;0.0;0.0;1.0;0.0;;NAO
6948936;3113006948936;31;311300;;VINICIUS GUEDES LOPES;CONSULTORIO ODONTOLOGICO OFICINA DO SORRISO;;;M;;;M ;MUNICIPAL;4;22;39810000;RUA HONORIO RIBEIRO;190;CENTRO;3335311800;-17.1873637;-41.69877;3.0;ATENDIMENTOS NOS TURNOS DA MANHA E A TARDE;;vinicius.odonto@yahoo.com.br;4000.0;0.0;0.0;0.0;0.0;0.0;0.0;;NAO
2996979;2933302996979;29;293330;;H R ODONTOLOGIA LTDA;ODONTOCOMPANY VITORIA DA CONQUISTA CENTRO;;;M;;;M ;MUNICIPAL;4;22;45000320;FRANCISCO ANDRADE;05;CENTRO;11 43491804;-14.8524045971;-40.8425331116;3.0;ATENDIMENTOS NOS TURNOS DA MANHA E A TARDE;44474774000120.0;legalizacao.sb@ifinance.com.br;2062.0;0.0;0.0;0.0;0.0;1.0;0.0;10.0;NAO
280275;3304550280275;33;330455;;NATHALIE COUTINHO RAMOS RIBEIRO;NATHALIE COUTINHO RAMOS RIBEIRO;;;M;;;M ;MUNICIPAL;4;22;22270902;RUA VOLUNTARIOS DA PATRIA;190;BOTAFOGO;9880-44423;-22.9526258;-43.1882906;3.0;ATENDIMENTOS NOS TURNOS DA MANHA E A TARDE;;nathij2002@hotmail.com;4000.0;0.0;0.0;0.0;0.0;0.0;0.0;8.0;NAO
5918944;3304305918944;33;330430;;RADIOCOM DIAGNOSTICOS LTDA;RCMSAUDE;;;M;;;M ;MUNICIPAL;4;36;28800000;AV SETE DE MAIO;50;CENTRO;21 84300053;-22.7119765729;-42.6233948465;3.0;ATENDIMENTOS NOS TURNOS DA MANHA E A TARDE;33192856000165.0;RAFAELDEARAUJOMEDINA@GMAIL.COM;2062.0;0.0;0.0;0.0;0.0;0.0;0.0;11.0;NAO
4968069;3304554968069;33;330455;;TAINARA BRITES DE FREITAS LTDA;TAINARA BRITES DE FREITAS;;;M;;;M ;MUNICIPAL;4;22;22250060;AVN OSWALDO CRUZ;87;FLAMENGO;;-22.876652;-43.227875;3.0;ATENDIMENTOS NOS TURNOS DA MANHA E A TARDE;44689528000195.0;;2240.0;0.0;0.0;0.0;0.0;0.0;0.0;8.0;NAO
3158403;5006303158403;50;500630;;CLINICA MURAKAMI LTDA;CLINICA SAO LUCAS;;;M;;;M ;MUNICIPAL;4;4;79500000;R CEL CARLOS;1794;CENTRO;(67)6683361;-19.6749691949;-51.1914718151;3.0;ATENDIMENTOS NOS TURNOS DA MANHA E A TARDE;7434422000114.0;;2062.0;0.0;0.0;0.0;0.0;0.0;0.0;;NAO
2743000;4119602743000;41;411960;76172907000108.0;MUNICIPIO DE PITANGA;POSTO DE SAUDE RIO DO MEIO ESF;;;M;;;M ;MUNICIPAL;4;1;85202890;RIO DO MEIO;S/N;ZONA RURAL;42 36461434;-24.759686;-51.685388;3.0;ATENDIMENTOS NOS TURNOS DA MANHA E A TARDE;;;1244.0;0.0;0.0;0.0;0.0;1.0;0.0;;SIM
4771214;3122474771214;31;312247;;DROGARIA MACIEL DOM BOSCO LTDA;DROGARIA MACIEL;;;M;;;M ;MUNICIPAL;4;43;38654000;AV CANDIDO PEREIRA CAMPOS;670;CENTRO;;-16.651535;-46.269687;3.0;ATENDIMENTOS NOS TURNOS DA MANHA E A TARDE;25892076000108.0;drogaria_maciel@hotmail.com;2062.0;;;;;0.0;0.0;;NAO
6598471;2604106598471;26;260410;;CENTRO DE IMANGENS RADIOLOGICAS BUCO MAXILO FACIAL LTDA ME;FACEMAXI;;;M;;;M ;MUNICIPAL;4;36;55014000;AV AGAMENON MAGALHAES;1233;MAURICIO DE NASSAU;8137235000;-8.2735207275;-35.9742164612;3.0;ATENDIMENTOS NOS TURNOS DA MANHA E A TARDE;9531244000175.0;;2062.0;0.0;0.0;0.0;0.0;1.0;0.0;;NAO
910155;3543400910155;35;354340;;VINICIUS ROSATTI GIACOMINI RIBEIRO;VINICIUS ROSATTI GIACOMINI RIBEIRO RIBEIRAO PRETO;;;M;;;M ;MUNICIPAL;4;22;14020270;DOUTOR PAULO TINOCO CABRAL;603;JARDIM SAO LUIS;;-21.1985498642;-47.8072167769;4.0;ATENDIMENTO NOS TURNOS DA MANHA, TARDE E NOITE;;;4000.0;0.0;0.0;0.0;0.0;1.0;0.0;;NAO
7038526;3106707038526;31;310670;;SUZANA MAGALHAES MACEDO RIBEIRO;SUZANA MAGALHAES MACEDO RIBEIRO;;;M;;;M ;MUNICIPAL;4;22;32600125;AVENIDA GOVERNADOR VALADARES;471;CENTRO;312571-1301;-19.9681482502;-44.1975478036;3.0;ATENDIMENTOS NOS TURNOS DA MANHA E A TARDE;;smmacedoribeiro@gmail.com;4000.0;0.0;0.0;0.0;0.0;0.0;0.0;;NAO
4571657;3106204571657;31;310620;;DAYANE OLIVEIRA DA SILVA;DAYANE OLIVEIRA DA SILVA;;;M;;;M ;MUNICIPAL;4;22;31720300;AV DOUTOR CRISTIANO GUIMARAES;354;PLANALTO;31992686532;-19.82064;-43.95048;4.0;ATENDIMENTO NOS TURNOS DA MANHA, TARDE E NOITE;;osilva.dayane@gmail.com;4000.0;0.0;0.0;0.0;0.0;0.0;0.0;;NAO
3801691;2402603801691;24;240260;;MATERCLINICA LTDA;MATERCLINICA LTDA;;;M;;;M ;MUNICIPAL;4;4;59570000;RUA GENERAL JOAO VARELA;861;CENTRO;;-5.630003;-35.425009;5.0;ATENDIMENTO COM TURNOS INTERMITENTES;1911103000176.0;sms;2062.0;0.0;0.0;0.0;0.0;0.0;0.0;;NAO
7848714;2403107848714;24;240310;12981841000106.0;CURRAIS NOVOS SECRETARIA MUNICIPAL DE SAUDE;UNIDADE BASICA DE SAUDE RADIR PEREIRA;;;M;;;M ;MUNICIPAL;4;2;59380000;RUA PUREZA PEREIRA;S/N;RADIR PEREIRA;84-99655-0079;-6.2495978132;-36.5163338184;3.0;ATENDIMENTOS NOS TURNOS DA MANHA E A TARDE;;;1031.0;0.0;0.0;0.0;0.0;1.0;0.0;;SIM
3485986;5107903485986;51;510790;15024003000132.0;PREFEITURA MUNICIPAL DE SINOP;CEO CENTRO DE ATENCAO ESPECIALIZADO EM ODONTOLOGIA;;;M;;;M ;MUNICIPAL;4;36;78550290;RUA DAS CASTANHEIRAS;1181;SETOR COMERCIAL;66 99226 9239;-11.8532181895;-55.5083370209;3.0;ATENDIMENTOS NOS TURNOS DA MANHA E A TARDE;;ceo@sinop.mt.gov.br;1244.0;0.0;0.0;0.0;0.0;1.0;0.0;;SIM
5468000;3302305468000;33;330230;28919637000600.0;SECRETARIA MUNICIPAL DE SAUDE;MODULO III DO PSF;;;M;;;M ;MUNICIPAL;4;2;28350899;RUA LEOPOLDINA;S/N;AREIA BRANCA;22-38292434;-21.2057383345;-42.1309161186;3.0;ATENDIMENTOS NOS TURNOS DA MANHA E A TARDE;;;1244.0;0.0;0.0;0.0;0.0;0.0;0.0;;SIM
5072395;3136705072395;31;313670;;CLINICA DENTARIA ORTOESTETICA LTDA;CLINICA DENTARIA ORTOESTETICA;;;M;;;M ;MUNICIPAL;4;22;36010012;AVENIDA BARAO DO RIO BRANCO;2817;CENTRO;(32)32313325;-21.764;-43.35;4.0;ATENDIMENTO NOS TURNOS DA MANHA, TARDE E NOITE;8038996000136.0;blaudeise@hotmail.com;2240.0;0.0;0.0;0.0;0.0;0.0;0.0;10.0;NAO
6902812;3153406902812;31;315340;;LEONARDO ALVES RIBEIRO;CONSULTORIO DR LEONARDO ALVES;;;M;;;M ;MUNICIPAL;4;22;38750000;RUA FELISBERTO FONSECA;213;CENTRO;;;;3.0;ATENDIMENTOS NOS TURNOS DA MANHA E A TARDE;;;4000.0;0.0;0.0;0.0;0.0;0.0;0.0;8.0;NAO
4846982;3164704846982;31;316470;;SAO SEBASTIAO DO PARAISO SORRIA SIM CLINICAS ODONTOLOGICAS L;SORRIA SIM CLINICAS ODONTOLOGICAS;;;M;;;M ;MUNICIPAL;4;22;37950010;RUA PIMENTA DE PADUA;875;CENTRO;99710-2204 DIRCE;-20.916233201;-46.9935888179;4.0;ATENDIMENTO NOS TURNOS DA MANHA, TARDE E NOITE;41262222000160.0;SBPARAISO1@ODOUTORDOPOVO.COM.BR;2062.0;0.0;0.0;0.0;0.0;1.0;0.0;;NAO
856894;4314900856894;43;431490;;LUCIANA FOLETTO MONTAGNER MOIA;LUCIANA FOLETTO MONTAGNER MOIA;;;M;;;M ;MUNICIPAL;4;22;90035191;AV INDEPENDENCIA;925;INDEPENDENCIA;51 992599971;-30.0295246902;-51.2115526761;3.0;ATENDIMENTOS NOS TURNOS DA MANHA E A TARDE;;lucianafoletto797@gamil.com;4000.0;0.0;0.0;0.0;0.0;0.0;0.0;;NAO
2665425;2402002665425;24;240200;8096570000139.0;PREFEITURA MUNICIPAL DE CAICO;UNIDADE BASICA DE SAUDE ALTO DA BOA VISTA;;;M;;;M ;MUNICIPAL;4;2;59300000;RUA CELINA GERMANO;S/N;ALTO DA BOA VISTA;(84)4174767;;;3.0;ATENDIMENTOS NOS TURNOS DA MANHA E A TARDE;;smscaico@smscaico.com.br;1031.0;0.0;0.0;0.0;0.0;1.0;0.0;4.0;NAO
6091520;3304906091520;33;330490;;GARDNER CLINICA MEDICA LIMITADA;GARDNER CLINICA MEDICA;;;M;;;M ;MUNICIPAL;4;4;24456050;RUA AMERICO MIRANDA;757;JD CATARINA;;-22.8094509;-43.0012198;3.0;ATENDIMENTOS NOS TURNOS DA MANHA E A TARDE;634334000117.0;;2313.0;0.0;0.0;0.0;0.0;0.0;0.0;;NAO
6685641;3534406685641;35;353440;;CENTRO ODONTOLOGICO ESPECIALIZADO MATOBA LTDA;INSTITUTO MATOBA;;;M;;;M ;MUNICIPAL;4;36;6114022;AV ANTONIO DIOGO FEIJO;450;JD DAS FLORES;011 36520404;-23.5323368517;-46.794462204;4.0;ATENDIMENTO NOS TURNOS DA MANHA, TARDE E NOITE;3986980000131.0;atendimento2@matoba.com.br;2062.0;0.0;0.0;0.0;0.0;1.0;0.0;;NAO
